year,paidhour_int,reason_chr,imputed_bool,n_int
1994,1,vary,TRUE,3686
1994,2,vary,TRUE,1688
1995,1,vary,TRUE,3863
1995,2,vary,TRUE,1638
1996,1,vary,TRUE,3968
1996,2,vary,TRUE,1517
1997,1,vary,TRUE,3942
1997,2,vary,TRUE,1366
1998,1,vary,TRUE,4110
1998,2,vary,TRUE,1395
1999,1,vary,TRUE,4155
1999,2,vary,TRUE,1288
2000,1,vary,TRUE,4212
2000,2,vary,TRUE,1413
2001,1,vary,TRUE,4770
2001,2,vary,TRUE,1703
2002,1,vary,TRUE,4884
2002,2,vary,TRUE,1626
2003,1,vary,TRUE,4966
2003,2,vary,TRUE,1663
2004,1,vary,TRUE,5074
2004,2,vary,TRUE,1737
2005,1,vary,TRUE,5022
2005,2,vary,TRUE,1735
2006,1,vary,TRUE,4837
2006,2,vary,TRUE,1612
2007,1,vary,TRUE,4604
2007,2,vary,TRUE,1496
2008,1,vary,TRUE,4350
2008,2,vary,TRUE,1529
2009,1,vary,TRUE,4137
2009,2,vary,TRUE,1567
2010,1,vary,TRUE,3859
2010,2,vary,TRUE,1575
2011,1,vary,TRUE,3610
2011,2,vary,TRUE,1508
2012,1,vary,TRUE,3712
2012,2,vary,TRUE,1610
2013,1,vary,TRUE,3682
2013,2,vary,TRUE,1452
2014,1,vary,TRUE,3494
2014,2,vary,TRUE,1534
2015,1,vary,TRUE,3384
2015,2,vary,TRUE,1417
2016,1,vary,TRUE,3335
2016,2,vary,TRUE,1442
2017,1,vary,TRUE,3241
2017,2,vary,TRUE,1262
2018,1,vary,TRUE,3019
2018,2,vary,TRUE,1195
2019,1,vary,TRUE,3144
2019,2,vary,TRUE,1226
2020,1,vary,TRUE,2521
2020,2,vary,TRUE,1014
2021,1,vary,TRUE,2521
2021,2,vary,TRUE,1043
2022,1,vary,TRUE,2335
2022,2,vary,TRUE,954
2023,1,vary,TRUE,2207
2023,2,vary,TRUE,852
2024,1,vary,TRUE,2036
2024,2,vary,TRUE,939
2025,1,vary,TRUE,1715
2025,2,vary,TRUE,802
2026,1,vary,TRUE,1161
2026,2,vary,TRUE,550
