year,sex,n_in_cell_int,n_above_threshold_int,fitted_alpha_num,n_imputed_int,n_left_at_topcode_int,fit_status
1982,1,94254,22093,3.2849518172078027,2108,0,ols_fit_success
1982,2,81454,16021,4.219797916486759,125,0,ols_fit_success
1983,1,92976,18744,3.1341318019217628,2794,0,ols_fit_success
1983,2,80852,15958,4.191608861055192,186,0,ols_fit_success
1984,1,94589,18989,3.1020621702655617,3374,0,ols_fit_success
1984,2,82553,17143,3.9420929264021405,313,0,ols_fit_success
1985,1,95548,20106,3.0274498180153833,4029,0,ols_fit_success
1985,2,84581,16956,3.8871163929818997,458,0,ols_fit_success
1986,1,93842,21803,2.8800504554402417,4780,0,ols_fit_success
1986,2,85191,17319,3.9090383330071066,552,0,ols_fit_success
1987,1,93873,19325,2.815880937073031,5507,0,ols_fit_success
1987,2,86481,17063,3.6576142682592048,700,0,ols_fit_success
1988,1,89998,17995,2.6680757870108245,6070,0,ols_fit_success
1988,2,83045,15971,3.6417498182745405,814,0,ols_fit_success
1989,1,91413,18483,3.2602405865276873,708,0,ols_fit_success
1989,2,84998,17295,4.067439511009121,56,0,ols_fit_success
1990,1,95508,19652,3.1534186592581537,901,0,ols_fit_success
1990,2,89521,17777,3.941745936953905,90,0,ols_fit_success
1991,1,92071,18981,3.1109780704379606,1032,0,ols_fit_success
1991,2,87489,18909,3.781784223789728,134,0,ols_fit_success
1992,1,90256,18468,3.1365772447905864,1059,0,ols_fit_success
1992,2,86586,17251,3.752919898587777,169,0,ols_fit_success
1993,1,88678,18145,3.1057950659978157,1139,0,ols_fit_success
1993,2,85916,17185,3.671642943596645,171,0,ols_fit_success
1994,1,86501,18267,2.7378819648343544,1537,0,ols_fit_success
1994,2,83600,16634,3.167421406980409,287,0,ols_fit_success
1995,1,86647,17864,2.7913322361666704,1741,0,ols_fit_success
1995,2,83073,16888,3.328832235526628,296,0,ols_fit_success
1996,1,77216,15682,2.795788089903571,1598,0,ols_fit_success
1996,2,74449,14652,3.370114378935861,282,0,ols_fit_success
1997,1,78661,16038,2.773681632820474,1837,0,ols_fit_success
1997,2,75833,14987,3.161401817650788,413,0,ols_fit_success
1998,1,79818,16129,2.781377101060435,707,0,ols_fit_success
1998,2,76751,15168,3.1833745284753188,164,0,ols_fit_success
1999,1,81166,16424,2.7290566807260337,848,0,ols_fit_success
1999,2,77763,15675,3.345408474665262,150,0,ols_fit_success
2000,1,82171,16880,2.691302684655648,953,0,ols_fit_success
2000,2,78594,15379,3.233691910723267,174,0,ols_fit_success
2001,1,89997,17958,2.7589530693776894,1169,0,ols_fit_success
2001,2,86411,16887,3.096544332102498,257,0,ols_fit_success
2002,1,93047,18971,2.654494252999596,1373,0,ols_fit_success
2002,2,90630,17918,3.0795578019188463,293,0,ols_fit_success
2003,1,90797,18342,2.6898501227139184,1372,0,ols_fit_success
2003,2,89648,17537,3.177102997278548,327,0,ols_fit_success
2004,1,89748,17996,2.6039609300873092,1537,0,ols_fit_success
2004,2,87728,17259,3.1673751436331976,331,0,ols_fit_success
2005,1,90437,18402,2.5739691669550244,1698,0,ols_fit_success
2005,2,88284,17656,3.082349453949926,400,0,ols_fit_success
2006,1,90540,18404,2.566171763943557,1920,0,ols_fit_success
2006,2,87694,17908,2.961036363000088,496,0,ols_fit_success
2007,1,89207,18338,2.5458226627817413,2092,0,ols_fit_success
2007,2,87380,17319,2.956687713630945,566,0,ols_fit_success
2008,1,87886,17921,2.50810641909129,2342,0,ols_fit_success
2008,2,86627,17238,2.9859060753468993,656,0,ols_fit_success
2009,1,84433,17204,2.402397795965278,2470,0,ols_fit_success
2009,2,84890,17227,2.961734315489815,677,0,ols_fit_success
2010,1,83471,17060,2.3958038874193,2561,0,ols_fit_success
2010,2,83935,16904,2.8353217922844722,772,0,ols_fit_success
2011,1,83272,17516,2.418675424209877,2536,0,ols_fit_success
2011,2,82612,16823,2.8305432219569,797,0,ols_fit_success
2012,1,83912,17405,2.331884925166271,2946,0,ols_fit_success
2012,2,81868,17518,2.724809314374269,902,0,ols_fit_success
2013,1,83959,17746,2.3150021212667737,3145,0,ols_fit_success
2013,2,81613,16823,2.7611498164026154,997,0,ols_fit_success
2014,1,84714,17454,2.353944407984863,3145,0,ols_fit_success
2014,2,82001,16950,2.709047608980138,1101,0,ols_fit_success
2015,1,83730,16993,2.243683805246322,3450,0,ols_fit_success
2015,2,81238,16404,2.655655752890725,1166,0,ols_fit_success
2016,1,84173,16993,2.222372903086683,3712,0,ols_fit_success
2016,2,81240,16209,2.655847908482904,1246,0,ols_fit_success
2017,1,82855,17072,2.2922433313934096,3763,0,ols_fit_success
2017,2,80570,16516,2.5952332908524256,1477,0,ols_fit_success
2018,1,81236,16609,2.179264285602526,4277,0,ols_fit_success
2018,2,78306,15781,2.518629341498065,1613,0,ols_fit_success
2019,1,78533,15924,2.184500481576827,4380,0,ols_fit_success
2019,2,75955,15312,2.526735957079271,1706,0,ols_fit_success
2020,1,68147,13816,2.1838293400797992,4488,0,ols_fit_success
2020,2,65299,13024,2.446678234727411,1862,0,ols_fit_success
2021,1,68476,13959,2.075920428693582,4678,0,ols_fit_success
2021,2,65473,13124,2.4393505194464935,2029,0,ols_fit_success
2022,1,66277,13352,1.9672364982673765,5178,0,ols_fit_success
2022,2,63220,12560,2.4638154760931954,2202,0,ols_fit_success
2023,1,63980,12861,2.067094782441342,5285,0,ols_fit_success
2023,2,61566,12239,2.2667441708455036,2567,0,ols_fit_success
2024,1,63949,12850,1.8750891675222763,5520,0,ols_fit_success
2024,2,61407,12313,2.272295286121806,2578,0,ols_fit_success
2025,1,55789,0,NA,0,182,skipped_post_pareto_max_year
2025,2,53552,0,NA,0,82,skipped_post_pareto_max_year
2026,1,38911,0,NA,0,194,skipped_post_pareto_max_year
2026,2,37570,0,NA,0,70,skipped_post_pareto_max_year
