year_int,n_rows_int,earnwt_pop_num,mean_num,sd_num,p10_num,p25_num,p50_num,p75_num,p90_num
1982,175721,87330359.68916667,868.7968261755209,640.7779317093468,233.0355118145948,448.5113427143608,728.2359744206087,1139.0884100381309,1571.0878605261403
1983,173849,88252169.0625,871.9636948757708,663.0144611685492,227.6125304136253,437.10761378136965,722.9245742092457,1117.3886569241477,1602.9181183166613
1984,177150,92143400.16083334,888.5118638237038,681.9489387737519,235.54837920987754,442.59398264935703,740.9236980883323,1156.4471907353604,1604.3171457713204
1985,180157,94480946.78833334,899.8623229718881,690.2890674277829,235.6131530282016,447.81913622056663,757.8466076696166,1166.4766421148222,1646.2324035323095
1986,179059,96856072.49916667,919.3980081314083,717.1744119529444,240.72148044038417,449.8774223674995,754.3751468170072,1203.6074022019209,1697.5130162049138
1987,180345,99253643.61500001,932.5764027338208,733.8802943157582,240.76328795225666,459.87432167621347,762.4232175158277,1202.3118682141521,1715.7072258581543
1988,173016,101345920.41666667,940.8233291342797,754.219164574536,236.32165722275371,460.7920507945619,757.6074056705866,1183.6503577062774,1731.9775280898878
1989,176334,103429179.97916667,914.5187272609808,713.4583485425989,239.13646679195776,448.18743239942785,756.1267330945713,1173.5439216232207,1719.1718442715676
1990,184924,104817735.87583333,918.0130423932815,721.4385431582629,250.43030460773784,445.1504799409303,758.2939787485243,1188.6052027672156,1721.3688671502039
1991,179469,103674139.14166667,921.3160539680293,730.7711943693001,248.47817051140638,452.3948346703189,750.881693891469,1198.8912847579816,1699.9174944451709
1992,176757,104617252.42083333,920.8026082780087,729.1027167746006,248.97137002990365,447.1322563802351,753.3958678720011,1205.4333885952017,1731.388291573174
1993,174521,106052953.78083335,928.1147972659555,736.500814529197,247.19998460472638,450.6024372016412,766.0821715673468,1190.629199944387,1763.226928180335
1994,170012,107513753.0837,948.2342860541931,823.0727771414494,244.22576653790438,456.6572563780845,758.8798000454443,1198.8509926141621,1783.2357556735876
1995,169612,109590849.81252499,950.0997022556608,811.4385918180182,248.76949662579892,454.6945517831333,755.6732112655343,1211.3441576586515,1808.3943799414353
1996,151554,111525051.34786667,955.9698783898468,808.5241390569163,253.782800943683,450.3769064453925,748.5284504278314,1223.6609262808595,1801.5364082555427
1997,154403,114156522.72161667,978.7233855210382,829.7779346982427,263.1450763934333,466.9359667004035,768.2409722419525,1240.864278205529,1827.396363843287
1998,156424,116330478.71126665,1018.8676373748331,895.0380594685076,272.7885479409742,498.95653832029154,799.4483656063029,1278.4749770593637,1910.6931561849583
1999,158785,118549087.31464167,1049.2287981872605,925.4247978315138,286.1470776599004,503.66044922422,824.5864672011462,1324.0417519893351,1994.0899262626826
2000,160631,121922311.86174166,1074.1839746488984,948.4728572779518,302.33648944897993,521.1931457011863,838.8327324671792,1338.0000408474486,2016.4140833956874
2001,176232,121764256.49525,1097.4688558926634,959.9063170723537,307.3617185319101,539.1434567341056,852.2418162758914,1363.1889633216158,2060.575218894467
2002,183537,121618736.98369168,1117.7602130620392,997.5997661677393,305.4041781969833,538.0807142015631,867.364001846626,1378.8318301415052,2106.51033125615
2003,180220,121931866.50143333,1119.2209025663858,986.0672216260327,303.73856276344196,530.3674649050372,863.9485194492302,1394.2034733691166,2124.438648940907
2004,177298,123167571.67000835,1125.0643610309205,1006.0421134357138,304.11132085001077,529.2580419932953,877.1918509806899,1400.367693393492,2149.459256289778
2005,178555,125489319.47257501,1123.8773053060706,1009.1806239208731,307.19296648336314,534.9079596810739,871.5853225391616,1390.690596768955,2137.1069278209784
2006,178115,127857828.01630001,1136.5833128159568,1024.1481336455925,305.9099809483489,543.2458149779736,876.1866120989746,1413.8902182235834,2176.0012922173278
2007,176351,129232902.33018333,1150.8748919187321,1037.039659321986,309.87145909435526,539.9789817842129,883.0540619234318,1427.421282460216,2189.972040370977
2008,174309,128942117.78443332,1161.317469220995,1050.2410419861376,308.11336674455094,546.5746229791573,876.606309906821,1430.026606699545,2212.251160564196
2009,169128,124023369.99861668,1183.2101217985096,1104.4999779650668,292.4014913657771,538.4672467314707,885.8061223332465,1453.3245839320264,2240.7398291916666
2010,167214,123603494.69195832,1178.961329949633,1112.7373276574351,293.4115218202983,529.2005960468073,874.8499462907388,1425.1242566787967,2268.721299894031
2011,165712,124811077.3981,1161.6014171604534,1083.8591407585102,289.38302994651247,523.0196401975807,865.3405688622755,1431.3423247778876,2245.177077188613
2012,165589,127214118.51975834,1176.6558433567138,1129.8712208728014,289.14659669311754,517.7219888846464,871.7863884116986,1436.1351826013424,2264.6999127317085
2013,165429,128809229.14178334,1186.5372120609986,1141.1578707370227,296.03817265689656,528.5159800577277,870.5716736042839,1448.256639385335,2313.4009947660325
2014,166582,131081262.6242,1185.154367617756,1124.554032845979,297.5944707578254,527.6496986003142,879.0192639447959,1454.501940358426,2288.170819604613
2015,164831,133410907.93019168,1231.126977507408,1199.1118900398876,310.99044012663734,529.1985086617093,894.9275139593259,1513.4803544900365,2394.6274740227614
2016,165270,135713983.99529168,1257.614877498777,1220.3984888293207,315.63686996406375,547.8437027183461,910.4808544838389,1512.5214780647598,2438.9578275244944
2017,163294,137519942.47480834,1271.7964193594416,1203.2206227861307,323.6192228098414,567.5516638884985,927.0452859691679,1541.0439181421018,2469.522878822718
2018,159418,139746667.30162498,1303.8024462261992,1261.531802132375,340.8097989505336,596.5854405675946,944.3820591112561,1563.4584862854308,2441.011836579413
2019,154321,141418768.64465833,1334.8914823246332,1272.9591638540558,352.2972660873582,606.778460085026,960.5769866583688,1585.0539365486393,2507.3780151786145
2020,133286,131840921.10188334,1425.1958852157136,1335.4555235357084,380.66763529648705,654.7905393196452,1027.0824409606214,1695.2581291122342,2684.8410572118037
2021,133846,136100603.37766668,1410.2428145655458,1341.59621377699,380.14792232316495,661.9685648028858,1013.7277928617732,1653.6970382044203,2627.5510678456208
2022,129352,141327464.420325,1424.048278851778,1369.2687713855946,390.6650221336127,667.8711622949543,1010.3517587939699,1642.5490379943228,2611.932458700231
2023,125391,144161377.67448333,1482.1713693699514,1553.1133772193004,390.3445302233903,675.0300285271009,1022.7733036965773,1645.776938239159,2667.033468980982
2024,125135,144019164.71559167,1558.434048130302,1785.4757118403202,396.25584421844127,684.3136305300627,1034.7091327952573,1682.0235054064042,2713.2574557448434
2025,109198,146241559.55336362,1472.561813334899,1619.9159487890101,390.21834061135377,688.3000015759696,1036.5174672489084,1707.2052401746728,2743.722707423581
2026,76388,145689542.5592375,1480.7884571328104,1661.0726766702833,391.7146952093435,685.1403143834624,1033.259341186298,1693.2753484048428,2742.111328532867
