year_int,n_pre_trim_int,n_post_trim_int,n_dropped_no_deflator_int,n_dropped_low_int,n_dropped_high_int,n_months_matched_int,n_salaried_no_hours_hourly_na_int
1982,175797,175721,0,74,2,12,63
1983,173932,173849,0,78,5,12,59
1984,177248,177150,0,93,5,12,56
1985,180232,180157,0,72,3,12,41
1986,179141,179059,0,81,1,12,65
1987,180434,180345,0,83,6,12,38
1988,173116,173016,0,92,8,12,34
1989,176411,176334,0,72,5,12,0
1990,185030,184924,0,98,8,12,0
1991,179560,179469,0,90,1,12,0
1992,176846,176757,0,85,4,12,0
1993,174595,174521,0,64,10,12,0
1994,170288,170012,0,262,11,12,59
1995,169854,169612,0,235,4,12,32
1996,151784,151554,0,223,6,12,36
1997,154600,154403,0,189,8,12,37
1998,156668,156424,0,240,4,12,39
1999,159019,158785,0,223,11,12,23
2000,160828,160631,0,187,10,12,31
2001,176487,176232,0,241,14,12,36
2002,183774,183537,0,225,12,12,32
2003,180529,180220,0,299,10,12,31
2004,177559,177298,0,246,15,12,22
2005,178811,178555,0,235,21,12,31
2006,178331,178115,0,202,14,12,25
2007,176654,176351,0,277,26,12,28
2008,174589,174309,0,254,26,12,24
2009,169382,169128,0,232,22,12,30
2010,167500,167214,0,272,14,12,29
2011,165961,165712,0,234,15,12,31
2012,165843,165589,0,232,22,12,28
2013,165641,165429,0,195,17,12,21
2014,166788,166582,0,188,18,12,22
2015,165033,164831,0,181,21,12,18
2016,165498,165270,0,210,18,12,28
2017,163494,163294,0,177,23,12,36
2018,159615,159418,0,178,19,12,24
2019,154546,154321,0,199,26,12,29
2020,133504,133286,0,200,18,12,21
2021,134004,133846,0,143,15,12,23
2022,129555,129352,0,184,19,12,26
2023,125612,125391,0,191,30,12,22
2024,125432,125135,0,252,45,12,31
2025,109398,109198,0,152,48,11,21
2026,76506,76388,0,89,29,8,20
