"YEAR","MONTH","n_obs_int","at_or_below_federal_share","at_or_below_state_general_share","year_month_dt","federal_rolling_share","state_rolling_share","window_n_int"
1982,1,8591,0.131388659723602,0.131561876101379,1982-01-01,0.131388659723602,0.131561876101379,1
1982,2,8493,0.123899110787097,0.1241136542028,1982-02-01,0.127643885255349,0.127837765152089,2
1982,3,8185,0.124534442632187,0.124743605258735,1982-03-01,0.126607404380962,0.126806378520971,3
1982,4,8470,0.127485707518162,0.127734765787287,1982-04-01,0.126826980165262,0.12703847533755,4
1982,5,8404,0.12028766958449,0.12044590216589,1982-05-01,0.125519118049108,0.125719960703218,5
1982,6,8318,0.131805946441874,0.132492681724991,1982-06-01,0.126566922781235,0.12684874754018,6
1982,7,8900,0.127299089342424,0.127474933317002,1982-07-01,0.126671518004262,0.126938202651155,7
1982,8,9167,0.130944872027621,0.131407608017586,1982-08-01,0.127205687257182,0.127496878321959,8
1982,9,8447,0.127165121977007,0.127192458379885,1982-09-01,0.127201180003829,0.127463053883951,9
1982,10,8356,0.131573432200811,0.131873182258186,1982-10-01,0.127638405223527,0.127904066721374,10
1982,11,8633,0.125564427973194,0.125865995098021,1982-11-01,0.127449861837133,0.127718787482887,11
1982,12,8608,0.130998853941935,0.131153718799237,1982-12-01,0.1277456111792,0.12800503175925,12
1983,1,8124,0.122953156096744,0.123398937482208,1983-01-01,0.127042652543629,0.127324786874319,12
1983,2,8175,0.117260143890163,0.117576626852118,1983-02-01,0.126489405302218,0.126780034595096,12
1983,3,8040,0.11942826915553,0.119673868455556,1983-03-01,0.126063890845829,0.126357556528164,12
1983,4,8427,0.127253501558545,0.127486825405193,1983-04-01,0.126044540349195,0.126336894829656,12
1983,5,8005,0.122845287063642,0.1231110155724,1983-05-01,0.126257675139124,0.126558987613532,12
1983,6,8475,0.123283504089568,0.123544035868748,1983-06-01,0.125547471609765,0.125813267125512,12
1983,7,9023,0.131281694700461,0.131432515058866,1983-07-01,0.125879355389602,0.126143065604,12
1983,8,9113,0.12838871049639,0.128963536085341,1983-08-01,0.125666341928666,0.12593939294298,12
1983,9,8546,0.117504154414273,0.117704049862097,1983-09-01,0.124861261298438,0.125148692233164,12
1983,10,8614,0.12234245486807,0.122517366015267,1983-10-01,0.124092013187376,0.124369040879588,12
1983,11,8797,0.113007156890293,0.113395606353815,1983-11-01,0.123045573930468,0.123329841817571,12
1983,12,8889,0.121597878376123,0.121947139736384,1983-12-01,0.122262159299984,0.122562626895666,12
1984,1,8393,0.112721150549096,0.112914854019875,1984-01-01,0.121409492171013,0.121688953273805,12
1984,2,8558,0.112745099194936,0.112908816849629,1984-02-01,0.121033238446411,0.121299969106931,12
1984,3,8303,0.108718292934522,0.109002478268325,1984-03-01,0.120140740427993,0.120410686591328,12
1984,4,8446,0.112206571894347,0.112387936106359,1984-04-01,0.118886829622643,0.119152445816426,12
1984,5,8466,0.111894013820112,0.11218449620421,1984-05-01,0.117974223519016,0.118241902535743,12
1984,6,8965,0.113101667134305,0.113241766118246,1984-06-01,0.117125737106077,0.117383380056535,12
1984,7,9064,0.119880611981684,0.120215982649185,1984-07-01,0.116175646879513,0.116448669022394,12
1984,8,8939,0.108140666508822,0.108390422793662,1984-08-01,0.114488309880549,0.114734242914755,12
1984,9,8888,0.103995678571288,0.104269016823944,1984-09-01,0.1133626035603,0.113614656828242,12
1984,10,8846,0.108622170230057,0.109188415049309,1984-10-01,0.112219246507132,0.112503910914412,12
1984,11,8919,0.104514971338263,0.104714271567808,1984-11-01,0.111511564377796,0.111780466348911,12
1984,12,8793,0.105197771469,0.105505422415802,1984-12-01,0.110144888802203,0.110410323238863,12
1985,1,8718,0.0995227818461387,0.0997977986580725,1985-01-01,0.109045024743623,0.109317235292046,12
1985,2,8885,0.0983850774891958,0.0986097389784967,1985-02-01,0.107848356268144,0.108125645469452,12
1985,3,8761,0.100341651972762,0.101008200537124,1985-03-01,0.107150302854665,0.107459455658518,12
1985,4,8590,0.105727391334401,0.106007465072321,1985-04-01,0.106610371141336,0.106927749739015,12
1985,5,8688,0.0978686376587749,0.0983997102235729,1985-05-01,0.105441589794558,0.105779017573962,12
1985,6,9161,0.100846682619661,0.101370577983055,1985-06-01,0.104420341085004,0.104789751896029,12
1985,7,9098,0.104215384468641,0.104896939193476,1985-07-01,0.103114905458917,0.103513164941387,12
1985,8,8707,0.106530658202087,0.107050077519378,1985-08-01,0.102980738100022,0.103401469501863,12
1985,9,8986,0.0928759367845609,0.0932389229443049,1985-09-01,0.102054092951128,0.102482295011893,12
1985,10,9028,0.0936306992574929,0.0940619243731453,1985-10-01,0.100804803703415,0.101221754122213,12
1985,11,8994,0.0975704428468899,0.0978749314513988,1985-11-01,0.1002260929958,0.100651809112512,12
1985,12,8879,0.0944621398547449,0.0949173514397257,1985-12-01,0.0993314570279458,0.0997694698645059,12
1986,1,8742,0.0917535576946921,0.0918233355444532,1986-01-01,0.0986840216819919,0.0991049312717043,12
1986,2,8913,0.0921821111304367,0.0922804473641418,1986-02-01,0.098167107818762,0.0985774903038414,12
1986,3,8590,0.0895795167928607,0.0898692602437055,1986-03-01,0.0972702632204368,0.0976492452793899,12
1986,4,8640,0.0838825711260596,0.0843994915652973,1986-04-01,0.0954498615364084,0.0958485808204712,12
1986,5,8862,0.0934362733237236,0.0936574850014438,1986-05-01,0.0950804978418208,0.0954533953852938,12
1986,6,9001,0.0896178156810336,0.0900348133419547,1986-06-01,0.0941447589302685,0.0945087483318687,12
1986,7,8921,0.0974107667809692,0.0984007672786118,1986-07-01,0.0935777074562959,0.0939674006722967,12
1986,8,8946,0.0884728464982221,0.0890050078246123,1986-08-01,0.0920728898143072,0.0924636448643996,12
1986,9,8779,0.0781420409132881,0.0788469129621542,1986-09-01,0.0908450651583678,0.0912643106992204,12
1986,10,8813,0.0805438263361603,0.0809185121709386,1986-10-01,0.0897544924149234,0.0901690263490365,12
1986,11,9071,0.0854707565919015,0.0863726649450252,1986-11-01,0.0887461852270077,0.089210504140172,12
1986,12,8911,0.0850379586349109,0.0856350006002005,1986-12-01,0.0879608367920215,0.0884369749035449,12
1987,1,8657,0.0842987137782656,0.0850327603974209,1987-01-01,0.087339599798986,0.0878710936412922,12
1987,2,8825,0.0905147812528652,0.0916712398537631,1987-02-01,0.0872006556425217,0.0878203263487606,12
1987,3,8688,0.0831967768256349,0.0836732189226766,1987-03-01,0.0866687606452529,0.0873039895720082,12
1987,4,8811,0.0768652558434091,0.078142066327447,1987-04-01,0.0860839843716987,0.086782537468854,12
1987,5,8959,0.0801661495868942,0.0805692177269747,1987-05-01,0.0849781407269629,0.085691848529315,12
1987,6,9009,0.0777046457196853,0.0781629066039452,1987-06-01,0.0839853765635172,0.0847025229678142,12
1987,7,9432,0.0820474302291173,0.0831861342261126,1987-07-01,0.0827050985175295,0.0834346368801059,12
1987,8,9286,0.0827522101362968,0.0841050184154982,1987-08-01,0.0822283788207024,0.0830263044293464,12
1987,9,9047,0.0706686393422791,0.0715804244406101,1987-09-01,0.0816055953564517,0.0824207637192177,12
1987,10,9131,0.072941518858337,0.0746898964917973,1987-10-01,0.0809720697332997,0.0819017124126226,12
1987,11,9076,0.0738783640263177,0.0749933481768182,1987-11-01,0.0800060370195011,0.080953436015272,12
1987,12,9203,0.0722348574262779,0.0737058371579849,1987-12-01,0.0789391119187817,0.0799593390617541,12
1988,1,8745,0.0716787287840085,0.0743984107850499,1988-01-01,0.0778874465025936,0.0790731432607231,12
1988,2,8928,0.0764370797631792,0.0784042440106059,1988-02-01,0.0767143047117864,0.0779675602737934,12
1988,3,8805,0.0600715189940376,0.0617798706471748,1988-03-01,0.0747871998924866,0.0761431145841682,12
1988,4,8358,0.0667395829688999,0.0692760146297803,1988-04-01,0.0739433938196109,0.075404276942696,12
1988,5,8357,0.0702946043701178,0.0724629296488138,1988-05-01,0.0731207650515462,0.0747287529361826,12
1988,6,8708,0.0681575729325785,0.0697680279438856,1988-06-01,0.0723251756526206,0.074029179714511,12
1988,7,8995,0.06293799346395,0.0784238410999187,1988-07-01,0.0707327225888567,0.0736323219539948,12
1988,8,8609,0.0648283837210365,0.0770382323037225,1988-08-01,0.069239070387585,0.0730434231113468,12
1988,9,8647,0.06181060520324,0.0748054392335976,1988-09-01,0.0685009008759984,0.0733121743440958,12
1988,10,8644,0.0607824513001536,0.0772543728387898,1988-10-01,0.0674876452461498,0.0735258807063452,12
1988,11,8617,0.0556351421338664,0.0679734782526176,1988-11-01,0.0659673767551122,0.0729408915459951,12
1988,12,8779,0.0555131013936772,0.0741613508941121,1988-12-01,0.0645738970857288,0.0729788510240057,12
1989,1,8724,0.0523749842689931,0.0654946101448062,1989-01-01,0.0629652517094775,0.0722368676373187,12
1989,2,8744,0.0556398644026767,0.0765495661031343,1989-02-01,0.0612321504294356,0.0720823111450295,12
1989,3,8435,0.0483104868553087,0.0644366076683081,1989-03-01,0.0602520644178749,0.0723037058967906,12
1989,4,8445,0.0579708959488912,0.0752745103436756,1989-04-01,0.0595213404995408,0.0728035805396152,12
1989,5,8622,0.0525639328021428,0.0693475941342534,1989-05-01,0.0580437845355429,0.0725439692467351,12
1989,6,8812,0.0520303269026287,0.0649896428985905,1989-06-01,0.0566998473663804,0.0721457704929605,12
1989,7,9395,0.0509437403469203,0.0639838748088997,1989-07-01,0.0557003262732946,0.070942439968709,12
1989,8,9177,0.0537146920193151,0.0713661002682764,1989-08-01,0.0547741852981512,0.0704697622990885,12
1989,9,8973,0.0423172719154865,0.0556484028752111,1989-09-01,0.053149740857505,0.0688733426025562,12
1989,10,8791,0.0465109841524042,0.0593633571376574,1989-10-01,0.0519604519285259,0.0673824246274619,12
1989,11,9234,0.0470037374309181,0.0609590933595452,1989-11-01,0.0512411682032802,0.0667978925530392,12
1989,12,9242,0.0487804219120239,0.0641232026838289,1989-12-01,0.0506801115798091,0.0659613802021822,12
1990,1,9187,0.0395559980225204,0.0569922694480877,1990-01-01,0.0496118627259364,0.065252851810789,12
1990,2,9057,0.0420529585645974,0.0601677457701861,1990-02-01,0.0484796205727631,0.0638877001163767,12
1990,3,8958,0.0411501578826625,0.0590586639034112,1990-03-01,0.0478829264917092,0.0634395381359686,12
1990,4,9020,0.0634916019795967,0.0749569131872409,1990-04-01,0.0483429853276014,0.0634130717062657,12
1990,5,9264,0.0615421204922106,0.0726879986972584,1990-05-01,0.049091167635107,0.0636914387531828,12
1990,6,9216,0.0550702002744679,0.0681055932089073,1990-06-01,0.0493444904160936,0.0639511012790425,12
1990,7,9683,0.0567057720692522,0.0681465954815376,1990-07-01,0.049824659726288,0.064297994668429,12
1990,8,9502,0.0515434973445235,0.0611790319844001,1990-08-01,0.049643726836722,0.0634490723114393,12
1990,9,9350,0.0532461941065334,0.0644783759411099,1990-09-01,0.0505544703526426,0.0641849034002642,12
1990,10,9100,0.0513438754972111,0.0613336624350856,1990-10-01,0.0509572112980431,0.0643490955083832,12
1990,11,9251,0.0464935359548871,0.0585055125775601,1990-11-01,0.0509146945083739,0.0641446304432178,12
1990,12,9329,0.0494308966907601,0.0598293144453811,1990-12-01,0.0509689007399352,0.0637868064233472,12
1991,1,8917,0.0453131719992042,0.056248710341452,1991-01-01,0.0514486652379922,0.0637248431644609,12
1991,2,8923,0.0404794473458106,0.0560421872388518,1991-02-01,0.0513175393030933,0.063381046620183,12
1991,3,8725,0.0445901735833018,0.0568348743340355,1991-03-01,0.0516042072781466,0.063195730822735,12
1991,4,9068,0.110585220456537,0.110953695624449,1991-04-01,0.0555286754845583,0.0661954626925024,12
1991,5,8912,0.0953480019088802,0.0963182369892016,1991-05-01,0.0583458322692808,0.0681646492168309,12
1991,6,8980,0.106477188218442,0.107582045791782,1991-06-01,0.0626297479312786,0.0714543535987372,12
1991,7,9321,0.102406852862462,0.103907886214308,1991-07-01,0.0664381713307128,0.0744344611598014,12
1991,8,8846,0.0964977564792715,0.0984900469355904,1991-08-01,0.0701843595919418,0.0775437124057339,12
1991,9,9180,0.0924671453072932,0.0931466002560595,1991-09-01,0.0734527721920051,0.0799327310986464,12
1991,10,8986,0.0949539736317568,0.0956809468066444,1991-10-01,0.0770869470365506,0.0827950047962763,12
1991,11,9028,0.0881515578872589,0.0895951383642843,1991-11-01,0.0805584488642482,0.08538580694517,12
1991,12,9198,0.0902725260321803,0.0920034666959554,1991-12-01,0.0839619179760333,0.0880669862993845,12
1992,1,8669,0.0877638843727463,0.0900216269473756,1992-01-01,0.0874994773404951,0.0908813960165448,12
1992,2,8894,0.0791134589869906,0.082027743129112,1992-02-01,0.0907189783105934,0.0930468590073998,12
1992,3,8630,0.0805072558595497,0.0823358840497116,1992-03-01,0.0937120685002808,0.0951719431503728,12
1992,4,8728,0.0743774161991426,0.0796397708432393,1992-04-01,0.0906947514788312,0.0925624494186053,12
1992,5,8828,0.0715476392047106,0.0752937070790248,1992-05-01,0.0887113879201504,0.090810405259424,12
1992,6,9071,0.0864947929199263,0.0906089806545794,1992-06-01,0.0870461883119408,0.0893959831646571,12
1992,7,9220,0.0737596978741714,0.0783125319597586,1992-07-01,0.0846589253962499,0.087263036976778,12
1992,8,8958,0.0769032195102784,0.0824835088574379,1992-08-01,0.0830260473155004,0.0859291588035986,12
1992,9,8935,0.0785934190910902,0.0825298644992171,1992-09-01,0.0818699034641502,0.0850444308238617,12
1992,10,9039,0.0741870081356387,0.0785201474148043,1992-10-01,0.0801393230061403,0.083614364207875,12
1992,11,8921,0.0715902232529568,0.0754997837014661,1992-11-01,0.0787592117866152,0.0824397513193068,12
1992,12,9108,0.0733693683128565,0.0768726575452843,1992-12-01,0.0773506153100048,0.0811788505567509,12
1993,1,8689,0.074196315296911,0.0788649155208176,1993-01-01,0.0762199845536852,0.0802491246045377,12
1993,2,8796,0.0680952641134818,0.0728634242780263,1993-02-01,0.0753018016475595,0.0794854313669473,12
1993,3,8521,0.0714775641139163,0.075410234412284,1993-03-01,0.0745493273354234,0.0789082938971617,12
1993,4,8477,0.0678287526774717,0.0712696377148158,1993-04-01,0.0740036053752842,0.0782107828031263,12
1993,5,8622,0.0664906217839019,0.0698090063317001,1993-05-01,0.0735821872568834,0.077753724407516,12
1993,6,9003,0.0707214459416961,0.0749232764503976,1993-06-01,0.0722677416753642,0.0764465823905008,12
1993,7,9116,0.069986805044889,0.0749786321547393,1993-07-01,0.0719533339395907,0.0761687574067492,12
1993,8,8911,0.0708481512059407,0.0747051605412852,1993-08-01,0.0714487449142292,0.0755205617137365,12
1993,9,8946,0.058555320711329,0.0632455935334052,1993-09-01,0.0697789033825825,0.0739135391332522,12
1993,10,8998,0.0594529749538885,0.0635430381722055,1993-10-01,0.0685510672841033,0.0726654466963689,12
1993,11,8839,0.0643103368380179,0.0691534758005439,1993-11-01,0.0679444100828584,0.0721365877046254,12
1993,12,8676,0.0659184469773685,0.0700460688361517,1993-12-01,0.0673234999715677,0.0715677053121977,12
1994,1,8573,0.0666065618484827,0.0708846843773035,1994-01-01,0.066691020517532,0.0709026860502382,12
1994,2,8738,0.0712809271712457,0.0760409811210364,1994-02-01,0.0669564924390123,0.0711674824538224,12
1994,3,8493,0.0651493216131367,0.0688309855416922,1994-03-01,0.0664291388972807,0.0706192117146064,12
1994,4,8473,0.0657553100111005,0.0707543336232258,1994-04-01,0.0662563520084164,0.0705762697069739,12
1994,5,8677,0.0575363238923481,0.0620119391139542,1994-05-01,0.0655101605174536,0.0699265141054951,12
1994,6,8777,0.0702419675129973,0.0731039211817847,1994-06-01,0.0654702039817287,0.069774901166444,12
1994,7,9039,0.0572995088577989,0.0609419553971857,1994-07-01,0.0644129292994712,0.0686051781033145,12
1994,8,8902,0.0601676085418647,0.0630001651966562,1994-08-01,0.0635228840774649,0.0676297618245954,12
1994,9,8680,0.0540685537463915,0.0578350994218785,1994-09-01,0.0631489868303867,0.0671788873153015,12
1994,10,8844,0.0546263768398716,0.0592077161056846,1994-10-01,0.0627467703208854,0.0668176104764248,12
1994,11,8829,0.057911728249902,0.0620677191533295,1994-11-01,0.0622135529385424,0.0662271307558236,12
1994,12,8729,0.0513628761745966,0.0569221367341278,1994-12-01,0.061000588704978,0.0651334697473216,12
1995,1,8978,0.0567341838619067,0.0608831250781412,1995-01-01,0.06017789053943,0.0643000064723914,12
1995,2,8539,0.0574637791023652,0.0613607693555085,1995-02-01,0.05902646153369,0.0630766554919308,12
1995,3,8427,0.0551931247161531,0.0600404249527598,1995-03-01,0.0581967784589414,0.0623441087761864,12
1995,4,8485,0.054249863278343,0.0576628432057841,1995-04-01,0.0572379912312116,0.0612531512413996,12
1995,5,8477,0.0546902848456983,0.0591287539135594,1995-05-01,0.0570008213106574,0.0610128858080333,12
1995,6,8742,0.0534916537796547,0.0573718125107891,1995-06-01,0.0556049618328789,0.059701876752117,12
1995,7,9253,0.0534268953691945,0.0576134689040431,1995-07-01,0.0552822440421618,0.0594245028776885,12
1995,8,9201,0.0501575119647222,0.0545388550823303,1995-08-01,0.0544480693273999,0.0587193937014947,12
1995,9,8678,0.0499262128748398,0.0530254753018198,1995-09-01,0.0541028742547706,0.0583185916914898,12
1995,10,8575,0.0456415784622376,0.0502217193484722,1995-10-01,0.0533541410566345,0.0575697586283887,12
1995,11,8838,0.0512601499023588,0.0546539921873398,1995-11-01,0.0527998428610059,0.0569519480478896,12
1995,12,8692,0.050073607782321,0.0546937812973565,1995-12-01,0.0526924038283162,0.056766251761492,12
1996,1,7521,0.0444253983786578,0.0472410127670024,1996-01-01,0.0516666717047122,0.0556294090688971,12
1996,2,7601,0.0468185542893667,0.0506376071318622,1996-02-01,0.0507795696369623,0.0547358122169266,12
1996,3,7552,0.0422386568120132,0.044444627141276,1996-03-01,0.0497000306449506,0.0534361623993029,12
1996,4,7485,0.0432311110740157,0.0484239610087446,1996-04-01,0.04878180129459,0.0526662555495496,12
1996,5,7573,0.0521256339025956,0.0574882329903978,1996-05-01,0.0485680803826648,0.0525295454726195,12
1996,6,7834,0.0523080224991209,0.0572373315178704,1996-06-01,0.0484694444426203,0.0525183387232096,12
1996,7,8274,0.0496757325785027,0.055008508202544,1996-07-01,0.048156847543396,0.0523012586647513,12
1996,8,7900,0.0467927620646373,0.0526974947899649,1996-08-01,0.0478764517183889,0.0521478119737209,12
1996,9,7957,0.0462490329052809,0.050363172739495,1996-09-01,0.047570020054259,0.0519259534268605,12
1996,10,7885,0.067837979997901,0.0706881189448265,1996-10-01,0.049419720182231,0.0536314867265567,12
1996,11,8171,0.0712676803281409,0.0730328689491683,1996-11-01,0.0510870143843795,0.0551630597900424,12
1996,12,8162,0.0726373825834294,0.0746600370989929,1996-12-01,0.0529673289511385,0.0568269144401788,12
1997,1,7918,0.0613179530717673,0.0682860717209643,1997-01-01,0.054375041842231,0.0585806693530089,12
1997,2,7871,0.0635990523826633,0.0683575315788773,1997-02-01,0.055773416683339,0.0600573297235935,12
1997,3,7696,0.060789028783309,0.0773306713419259,1997-03-01,0.0573192810142803,0.062797833406981,12
1997,4,7471,0.0491785141814191,0.0699404415884537,1997-04-01,0.0578148979398973,0.0645908734552901,12
1997,5,8003,0.0550732979948857,0.0710547228003817,1997-05-01,0.0580605366142548,0.0657214142727888,12
1997,6,8206,0.0557706590411487,0.0732908123590194,1997-06-01,0.0583490896594238,0.0670592043428845,12
1997,7,8156,0.0538878869022697,0.0659208631179986,1997-07-01,0.0587001025197377,0.0679685672525057,12
1997,8,8095,0.0492921065943777,0.0628976110180691,1997-08-01,0.0589083812305494,0.0688185769381811,12
1997,9,8034,0.0882268082344525,0.0901001556159383,1997-09-01,0.062406529174647,0.0721299921778847,12
1997,10,7926,0.0849598774218864,0.0858594148586483,1997-10-01,0.0638333539599791,0.0733942668373698,12
1997,11,8208,0.0908240467211834,0.093366725661257,1997-11-01,0.0654630511593994,0.0750887548967105,12
1997,12,7916,0.0857443113991921,0.087503302389858,1997-12-01,0.0665552952273796,0.0761590270042826,12
1998,1,7926,0.0768193618871315,0.0808164036335889,1998-01-01,0.0678470792953266,0.0772032213303347,12
1998,2,7855,0.0745738962792109,0.0771677796627031,1998-02-01,0.0687616496200389,0.0779374086706535,12
1998,3,7909,0.0712223736396243,0.0847738195173172,1998-03-01,0.0696310950247318,0.0785576710186028,12
1998,4,7647,0.0697141978135653,0.0829310635081799,1998-04-01,0.0713424019940773,0.0796402228452466,12
1998,5,7962,0.0623674683380566,0.0754499177049454,1998-05-01,0.0719502495226749,0.0800064890872936,12
1998,6,8089,0.0549868129827928,0.0706626664977008,1998-06-01,0.0718849290178119,0.0797874769321837,12
1998,7,8195,0.0549041198105065,0.0698410408752677,1998-07-01,0.0719696150934983,0.0801141584119561,12
1998,8,7942,0.0565235715873306,0.0694139529479638,1998-08-01,0.0725722371762444,0.080657186906114,12
1998,9,8221,0.0587027501122691,0.0745527274341482,1998-09-01,0.0701118989993958,0.0793615678909649,12
1998,10,8059,0.0520500654653141,0.0636965492803032,1998-10-01,0.0673694146696814,0.0775146624261028,12
1998,11,8205,0.0501328287591446,0.0641761055760789,1998-11-01,0.0639784798395115,0.0750821107523379,12
1998,12,7929,0.0528718392527038,0.0640451827411786,1998-12-01,0.0612391071606375,0.0731272674482813,12
1999,1,8003,0.0480435224720423,0.0608947899800126,1999-01-01,0.0588411205427134,0.07146713297715,12
1999,2,7992,0.0492553189280008,0.0632975790868447,1999-02-01,0.0567312390967792,0.0703112829291618,12
1999,3,7963,0.0477047431981824,0.0624932872761573,1999-03-01,0.0547714365599924,0.0684545719090651,12
1999,4,7778,0.0492895141793873,0.0591998331312648,1999-04-01,0.0530693795904776,0.0664769693776555,12
1999,5,8085,0.046337700592966,0.0620097018257751,1999-05-01,0.05173356561172,0.0653569513877246,12
1999,6,7832,0.0425978837548429,0.0578704218010004,1999-06-01,0.0507011548427242,0.0642909309963329,12
1999,7,8350,0.0480702294117499,0.0632384485638967,1999-07-01,0.0501316639761611,0.0637407149703854,12
1999,8,8087,0.0418446159684783,0.0593159772320673,1999-08-01,0.0489084176745901,0.0628992169940606,12
1999,9,8214,0.0432481936255413,0.0564005422452112,1999-09-01,0.0476205379673628,0.0613865348949826,12
1999,10,8134,0.0435174298707676,0.0583261390793939,1999-10-01,0.0469094850011506,0.0609390007115735,12
1999,11,8334,0.0423462535521589,0.0560046534511185,1999-11-01,0.0462606037339018,0.0602580463678268,12
1999,12,8111,0.0409421516372635,0.0541044004096214,1999-12-01,0.0452664630992818,0.059429647840197,12
2000,1,8208,0.0409446675538963,0.0544506736140318,2000-01-01,0.0446748918561029,0.0588926381430319,12
2000,2,8261,0.0394831782494003,0.0541399759399887,2000-02-01,0.0438605467995529,0.0581295045474606,12
2000,3,7962,0.0406286449194199,0.0607516751347042,2000-03-01,0.0432708719429893,0.0579843702023395,12
2000,4,7843,0.0383024405707627,0.0547628458028634,2000-04-01,0.042355282475604,0.057614621258306,12
2000,5,8124,0.0327299012630942,0.0496345988885393,2000-05-01,0.0412212991981147,0.0565833626802031,12
2000,6,8102,0.0388143690088799,0.0528437419848662,2000-06-01,0.0409060063026177,0.0561644726955252,12
2000,7,8242,0.0372858919841162,0.0552764209002021,2000-07-01,0.0400073115169816,0.0555009703902173,12
2000,8,8136,0.0323256276229333,0.0483289472941717,2000-08-01,0.0392140624881862,0.0545853845620594,12
2000,9,8005,0.032267488265406,0.0458327794485589,2000-09-01,0.0382990037081749,0.0537047376623383,12
2000,10,8171,0.0349319144280211,0.0479214942390731,2000-10-01,0.037583544087946,0.0528376839256449,12
2000,11,8217,0.0380071508361067,0.0480657124850296,2000-11-01,0.0372219521949417,0.0521761055118042,12
2000,12,8001,0.0304969437604511,0.0433726620941137,2000-12-01,0.0363515182052073,0.0512817939855119,12
2001,1,8145,0.0297354417309718,0.04888443523043,2001-01-01,0.0354174160532969,0.0508179407868784,12
2001,2,8081,0.0347144935613503,0.0578758307252487,2001-02-01,0.0350200256626261,0.0511292620189834,12
2001,3,7604,0.0315734921317258,0.0489632328799631,2001-03-01,0.0342654295969849,0.0501468918310883,12
2001,4,9124,0.0309926739168291,0.0481564045478697,2001-04-01,0.0336562823758238,0.0495963550598388,12
2001,5,7795,0.0336153972284109,0.0516234448968918,2001-05-01,0.0337300737062668,0.0497620922272016,12
2001,6,9467,0.0286323175742748,0.0475171168682479,2001-06-01,0.0328815694200498,0.0493182068008167,12
2001,7,9603,0.0278009416416415,0.0441378168544422,2001-07-01,0.0320911568915102,0.0483899897970034,12
2001,8,9455,0.0299415463730863,0.0454270294099,2001-08-01,0.0318924834540229,0.0481481633066474,12
2001,9,9425,0.0306998979699745,0.0459714900323903,2001-09-01,0.0317618509294037,0.0481597225219667,12
2001,10,9586,0.0288154017294608,0.0426204903710711,2001-10-01,0.031252141537857,0.0477179721996332,12
2001,11,9518,0.0262237393189882,0.0405463731402151,2001-11-01,0.0302701905780971,0.0470913605875653,12
2001,12,9243,0.0279421329492463,0.0399306042336953,2001-12-01,0.0300572896771634,0.0468045224325304,12
2002,1,9167,0.0268398590582273,0.0478127406318911,2002-01-01,0.0298159911211013,0.0467152145493189,12
2002,2,9011,0.028879546007599,0.0469021692166437,2002-02-01,0.029329745491622,0.0458007427569351,12
2002,3,8945,0.0338369404365264,0.0534225808454921,2002-03-01,0.0295183661836888,0.0461723550873959,12
2002,4,8896,0.0255206764116136,0.0413117359500857,2002-04-01,0.0290623663915875,0.0456019660375805,12
2002,5,9263,0.032612665081835,0.0493100735022661,2002-05-01,0.0289788053793728,0.0454091850880284,12
2002,6,9299,0.0317871264783015,0.0540238618453696,2002-06-01,0.029241706121375,0.0459514138361218,12
2002,7,9612,0.0267422030527831,0.0465921243189767,2002-07-01,0.0291534779056368,0.0461559394581664,12
2002,8,9222,0.0323069483995663,0.048832619331919,2002-08-01,0.0293505947411768,0.0464397386183346,12
2002,9,9377,0.0258579508393807,0.0399983813799487,2002-09-01,0.0289470991469607,0.0459419795639645,12
2002,10,9391,0.0303060937640612,0.0513409278874759,2002-10-01,0.0290713234831774,0.0466686826903316,12
2002,11,9284,0.0272013275595597,0.0414387781773681,2002-11-01,0.0291527891698917,0.046743049776761,12
2002,12,9243,0.0288551693655952,0.0455608066118615,2002-12-01,0.0292288755379208,0.0472122333082748,12
2003,1,9397,0.0237935947074542,0.0396223664442189,2003-01-01,0.0289750201753563,0.0465297021259688,12
2003,2,8959,0.0301094641481702,0.0465469706555911,2003-02-01,0.0290775133537373,0.0465001022458811,12
2003,3,9087,0.03062850737875,0.0495550801600985,2003-03-01,0.0288101439322559,0.0461778105220983,12
2003,4,8658,0.0270547377700907,0.0440046579967151,2003-04-01,0.0289379823787956,0.0464022206926508,12
2003,5,9335,0.0304460795867613,0.045877106133302,2003-05-01,0.0287574335875395,0.0461161400785704,12
2003,6,9260,0.0266120923798721,0.0418686501765634,2003-06-01,0.0283261807460037,0.0451032057728366,12
2003,7,9365,0.0325375147980986,0.0469367368688774,2003-07-01,0.0288091233914467,0.0451319234853283,12
2003,8,8778,0.0284813064785084,0.0457544036389541,2003-08-01,0.0284903198980252,0.0448754055109146,12
2003,9,9000,0.0310063186709762,0.0440491748650305,2003-09-01,0.0289193505506582,0.0452129716346714,12
2003,10,9074,0.026957953463451,0.0438914806376494,2003-10-01,0.0286403388589406,0.0445921843638525,12
2003,11,9107,0.0291846454137411,0.0409225068903216,2003-11-01,0.0288056153467891,0.0445491617565986,12
2003,12,8849,0.0233513273151226,0.0404168444294817,2003-12-01,0.028346961842583,0.0441204982414003,12
2004,1,8918,0.0220377593756137,0.0391127102213045,2004-01-01,0.0282006422315963,0.0440780268894908,12
2004,2,8812,0.0273362018142241,0.041568642312153,2004-02-01,0.0279695370371008,0.0436631661942043,12
2004,3,8879,0.0263950251112272,0.0411084406480979,2004-03-01,0.0276167468481406,0.0429592795682042,12
2004,4,8499,0.0237019477713372,0.0404662382298313,2004-04-01,0.0273373476815778,0.0426644112542972,12
2004,5,9063,0.0293140143500188,0.0453826518112907,2004-05-01,0.0272430089118492,0.042623206727463,12
2004,6,9035,0.0249087171971949,0.0405118288099702,2004-06-01,0.0271010609799595,0.0425101382802469,12
2004,7,9113,0.0268948537093937,0.043040021801967,2004-07-01,0.0266308392225674,0.042185412024671,12
2004,8,8891,0.0275273531166537,0.0450315082041681,2004-08-01,0.0265513431090795,0.0421251707384388,12
2004,9,8825,0.0280536739014893,0.0436584126492486,2004-09-01,0.0263052893782889,0.042092607220457,12
2004,10,9026,0.0289267803674844,0.0422883237437025,2004-10-01,0.0264693582869584,0.0419590108126281,12
2004,11,9244,0.0262466171091649,0.0428906916966401,2004-11-01,0.0262245225949104,0.0421230262131546,12
2004,12,9077,0.0269005506802976,0.0439932379376632,2004-12-01,0.0265202912086749,0.0424210590055031,12
2005,1,9022,0.0254335422812208,0.0435717119135361,2005-01-01,0.0268032731174755,0.0427926424798557,12
2005,2,8761,0.0247470317181976,0.0456419893959678,2005-02-01,0.0265875089428067,0.0431320880701736,12
2005,3,8647,0.0277327137475639,0.0482454913148969,2005-03-01,0.0266989829958347,0.0437268422924069,12
2005,4,8804,0.0259771600854586,0.0477709497472525,2005-04-01,0.0268885840220115,0.044335568252192,12
2005,5,8963,0.0245461034697729,0.0473700199306717,2005-05-01,0.0264912581153244,0.0445011822621404,12
2005,6,9230,0.0268128256127582,0.0498198175000088,2005-06-01,0.0266499338166213,0.0452768479863103,12
2005,7,9345,0.0220909858020042,0.0443157917849704,2005-07-01,0.0262496114910055,0.0453831621515606,12
2005,8,9420,0.0259053248491186,0.0516139778809274,2005-08-01,0.0261144424687109,0.0459317012912905,12
2005,9,8908,0.0184577823191277,0.0399640559061761,2005-09-01,0.0253147848368475,0.0456238382293678,12
2005,10,9113,0.0237743097122765,0.0474563114140048,2005-10-01,0.0248854122822468,0.0460545038685597,12
2005,11,9207,0.0245262939215764,0.0481678073149702,2005-11-01,0.0247420520166144,0.0464942635034205,12
2005,12,9187,0.0228416286014978,0.044131741704451,2005-12-01,0.0244038085100478,0.0465058054839862,12
2006,1,9084,0.0237955898543525,0.0476504720913577,2006-01-01,0.0242673124744754,0.0468457021654713,12
2006,2,8741,0.0222616431584605,0.0475846098003473,2006-02-01,0.024060196761164,0.0470075871991696,12
2006,3,8417,0.0231173215557549,0.0450023480071076,2006-03-01,0.0236755807451799,0.0467373252568538,12
2006,4,8755,0.020617293634523,0.0462539751642632,2006-04-01,0.0232289252076019,0.0466109107082713,12
2006,5,8833,0.0196527682287558,0.045933045821745,2006-05-01,0.0228211472708505,0.0464911628658608,12
2006,6,9014,0.0237595837441891,0.0459304774502034,2006-06-01,0.0225667104484698,0.0461670511950437,12
2006,7,9095,0.022766120887491,0.043900077617107,2006-07-01,0.0226229717055936,0.0461324083477217,12
2006,8,9359,0.0213760483363705,0.0480717137822664,2006-08-01,0.022245531996198,0.0458372196728333,12
2006,9,9035,0.0216814917042841,0.0469892850930273,2006-09-01,0.022514174444961,0.0464226554384042,12
2006,10,9117,0.0236845793396118,0.0491745975645045,2006-10-01,0.0225066969139056,0.0465658459509459,12
2006,11,9002,0.0175162412092074,0.0442360429987513,2006-11-01,0.0219225258545415,0.0462381989245943,12
2006,12,9119,0.0194052591850806,0.0455950870717851,2006-12-01,0.0216361617365068,0.0463601443718721,12
2007,1,8724,0.020580624039515,0.0680605760543459,2007-01-01,0.0213682479186036,0.0480609863687878,12
2007,2,8507,0.0188385269970186,0.0593578897834407,2007-02-01,0.0210829882384835,0.0490420930340456,12
2007,3,8222,0.0219834016127591,0.0643189620833805,2007-03-01,0.0209884949099005,0.050651810873735,12
2007,4,8564,0.0178095563388618,0.0594484512533251,2007-04-01,0.0207545168019287,0.0517513505478235,12
2007,5,8669,0.0206371215903619,0.057878740020109,2007-05-01,0.0208365462487293,0.0527468250643538,12
2007,6,9148,0.0172756995770358,0.0593740353849073,2007-06-01,0.0202962225681331,0.0538671215589125,12
2007,7,8885,0.0231088157619916,0.0660803750697887,2007-07-01,0.0203247804743415,0.0557154796799693,12
2007,8,8976,0.0269058940115134,0.0675396986767412,2007-08-01,0.0207856009472701,0.0573378117545089,12
2007,9,8816,0.0286557784492221,0.0727313039475837,2007-09-01,0.0213667915093483,0.0594829799923886,12
2007,10,8783,0.0293637316149667,0.0658995900203422,2007-10-01,0.0218400541989612,0.0608767293637084,12
2007,11,8668,0.0217195367071489,0.0623810010652884,2007-11-01,0.0221903288237896,0.0623888092025865,12
2007,12,8911,0.0232888357589427,0.0589912575912136,2007-12-01,0.0225139602049448,0.0635051567458722,12
2008,1,8478,0.021454294679296,0.070696412911899,2008-01-01,0.0225867660915932,0.063724809817335,12
2008,2,8638,0.0240551258843684,0.0765921278343337,2008-02-01,0.023021482665539,0.065160996321576,12
2008,3,8333,0.0231879367985701,0.069229227641642,2008-03-01,0.02312186059769,0.0655701851180978,12
2008,4,8541,0.0209412018151451,0.0683702471741867,2008-04-01,0.0233828310540469,0.066313668111503,12
2008,5,8208,0.0235788687465134,0.0703581384532603,2008-05-01,0.0236279766503929,0.0673536179809322,12
2008,6,8874,0.0215071815332144,0.0614741689451822,2008-06-01,0.0239806001467411,0.0675286291109552,12
2008,7,8806,0.0440549869643246,0.0791928360876481,2008-07-01,0.0257261144136022,0.0686213341957768,12
2008,8,8907,0.0400344668856129,0.0783175877275793,2008-08-01,0.0268201621531104,0.0695194916166799,12
2008,9,8505,0.0396077566542753,0.0708930915132672,2008-09-01,0.0277328270035315,0.0693663072471536,12
2008,10,8653,0.0367072312205625,0.073616173113402,2008-10-01,0.0283447853039979,0.0700093558382419,12
2008,11,8552,0.0367994750400279,0.0730327358069789,2008-11-01,0.0296014468317378,0.0708970004000494,12
2008,12,8487,0.0395014342557422,0.0737347174174922,2008-12-01,0.0309524967064711,0.0721256220522393,12
2009,1,8219,0.0388606990731497,0.073194749824144,2009-01-01,0.0324030304059589,0.0723338167949264,12
2009,2,8327,0.0374064103512835,0.0759398823221511,2009-02-01,0.0335156374448685,0.0722794630022445,12
2009,3,7951,0.0405119192789465,0.0812130642351095,2009-03-01,0.0349593026515665,0.0732781160517001,12
2009,4,8409,0.0350066691205448,0.074781788967203,2009-04-01,0.0361314249270165,0.0738124112011181,12
2009,5,8147,0.0358513913586157,0.0770890527471177,2009-05-01,0.0371541351446917,0.0743733207256063,12
2009,6,8609,0.0340899499107398,0.0684377291700818,2009-06-01,0.0382026991761521,0.0749536174110146,12
2009,7,8510,0.0831876151339364,0.109214049465914,2009-07-01,0.0414637515236198,0.0774553851925368,12
2009,8,8584,0.0708595017081459,0.0950844408758287,2009-08-01,0.0440325044254975,0.0788526229548909,12
2009,9,8291,0.0659681224292891,0.0919479753043323,2009-09-01,0.0462292015734153,0.0806071966041463,12
2009,10,8446,0.0670091127447071,0.094820452263697,2009-10-01,0.0487543583670941,0.0823742198666709,12
2009,11,8186,0.0627868968926461,0.082978233745121,2009-11-01,0.0509199768548122,0.0832030113615161,12
2009,12,8299,0.0643936102839419,0.0851429167262523,2009-12-01,0.0529943248571622,0.0841536946372461,12
2010,1,8212,0.0640721359353529,0.0844426230407789,2010-01-01,0.0550952779290125,0.085091017405299,12
2010,2,8394,0.0561384900076858,0.0818585231932794,2010-02-01,0.056656284567046,0.085584237477893,12
2010,3,7744,0.0667595834865339,0.0869591229638682,2010-03-01,0.0588435899176783,0.0860630757052896,12
2010,4,8382,0.0624717718021938,0.0837339281235202,2010-04-01,0.0611323484744824,0.0868090873016493,12
2010,5,8095,0.0627943479657878,0.0874762856385403,2010-05-01,0.0633775948584134,0.0876746900426012,12
2010,6,8444,0.0574380068350888,0.0808201585652404,2010-06-01,0.0653232662687758,0.0887065591588644,12
2010,7,8353,0.0575915342607685,0.0854157521601562,2010-07-01,0.0631902595293451,0.0867233677167179,12
2010,8,8442,0.0620098379584014,0.0890680124372868,2010-08-01,0.0624527875501998,0.0862219986801727,12
2010,9,8338,0.0549827089122759,0.0773706189292557,2010-09-01,0.061537336423782,0.0850072189822497,12
2010,10,8503,0.0520135910670467,0.0756986683169726,2010-10-01,0.0602877096173103,0.0834137369866893,12
2010,11,8096,0.0561993884893074,0.0832159878938988,2010-11-01,0.0597387505836987,0.0834335498324208,12
2010,12,8579,0.0593932829871502,0.083260239727617,2010-12-01,0.0593220566422994,0.0832766600825345,12
2011,1,8271,0.0523953199841503,0.0762547314132458,2011-01-01,0.0583489886463659,0.0825943357802401,12
2011,2,8213,0.0535874362683524,0.0805932775907664,2011-02-01,0.0581364008347548,0.0824888986466974,12
2011,3,7907,0.056174408406675,0.0835759150147829,2011-03-01,0.0572543029114332,0.0822069646509403,12
2011,4,8179,0.0415565959273867,0.0674071936623896,2011-04-01,0.0555113715885326,0.080846403445846,12
2011,5,8122,0.0469417490310773,0.0721672860359845,2011-05-01,0.0541903216773067,0.0795706534789664,12
2011,6,8284,0.0534157941963336,0.0839876905730779,2011-06-01,0.0538551372907438,0.0798346144796195,12
2011,7,8153,0.0569523834988033,0.0769208844631291,2011-07-01,0.0538018747272467,0.0791267088382006,12
2011,8,8386,0.0528584605752452,0.0753063764576535,2011-08-01,0.053039259945317,0.0779799058398978,12
2011,9,8219,0.0538979906133547,0.0789910251908859,2011-09-01,0.0529488667537402,0.0781149396950336,12
2011,10,8558,0.0562034152960594,0.0753531541414913,2011-10-01,0.0532980187728246,0.0780861468470769,12
2011,11,8044,0.0470381619528686,0.0737071513833394,2011-11-01,0.0525345832281214,0.0772937438045303,12
2011,12,8525,0.0499624133040074,0.0751008680063492,2011-12-01,0.0517486774211928,0.0766137961610913,12
2012,1,8000,0.0475883329603213,0.0808301548153473,2012-01-01,0.0513480951692071,0.0769950814445997,12
2012,2,8044,0.0480446779121003,0.0811269495772646,2012-02-01,0.0508861986395194,0.0770395541101413,12
2012,3,8001,0.0520232735191465,0.0786952183458661,2012-03-01,0.0505402707322254,0.0766328293877315,12
2012,4,8114,0.0410312090457966,0.0667582932928844,2012-04-01,0.0504964884920929,0.0765787543569394,12
2012,5,8111,0.0525637025129451,0.0725041530698685,2012-05-01,0.0509649846155818,0.0766068266097631,12
2012,6,8308,0.0482915701611718,0.0748112336822941,2012-06-01,0.050537965945985,0.0758421218688644,12
2012,7,8428,0.050024716103519,0.0822944224905267,2012-07-01,0.0499606603297113,0.0762899167044809,12
2012,8,8389,0.0480856035953413,0.0718748007745742,2012-08-01,0.0495629222480527,0.0760039520642243,12
2012,9,8182,0.0469099290498363,0.0746603778889529,2012-09-01,0.0489805837844261,0.0756430647890632,12
2012,10,8232,0.0382370732701614,0.064114778243905,2012-10-01,0.0474833886156013,0.0747065334642644,12
2012,11,8124,0.0432399198303974,0.0678202046883778,2012-11-01,0.0471668684387287,0.0742159545730176,12
2012,12,8376,0.0475519532335354,0.0717531841354578,2012-12-01,0.0469659967661894,0.07393698091711,12
2013,1,8228,0.0489507910761419,0.0829773239655635,2013-01-01,0.0470795349425078,0.074115911679628,12
2013,2,8101,0.0419942794275504,0.0646034315426211,2013-02-01,0.0465753350687953,0.0727389518434077,12
2013,3,7717,0.0457186962512885,0.0724973976198989,2013-03-01,0.0460499536298071,0.0722224667829104,12
2013,4,8008,0.0374902376824452,0.0652350453242957,2013-04-01,0.0457548726828611,0.0720955294521947,12
2013,5,8148,0.0443996495594843,0.0735881457910654,2013-05-01,0.0450745349367394,0.0721858621789611,12
2013,6,8125,0.0436758255666697,0.068220679817641,2013-06-01,0.0446898895538642,0.0716366493569067,12
2013,7,8415,0.0422810488520003,0.0707085858376234,2013-07-01,0.044044583949571,0.0706711629691647,12
2013,8,8366,0.0418402684012993,0.0646241689044067,2013-08-01,0.0435241393500675,0.0700669436466508,12
2013,9,8112,0.0498837085081897,0.0704183214199499,2013-09-01,0.0437719543049303,0.0697134389409005,12
2013,10,8226,0.0349171094558006,0.0572929548029513,2013-10-01,0.0434952906537336,0.0691449536541544,12
2013,11,7941,0.045032721220037,0.0674847259347656,2013-11-01,0.0436446907695369,0.0691169970913534,12
2013,12,8168,0.0458948910911656,0.0753430563130606,2013-12-01,0.0435066022576727,0.0694161531061536,12
2014,1,8008,0.0395282510635036,0.0780958024049422,2014-01-01,0.0427213905899528,0.0690093596427685,12
2014,2,7992,0.0417334381981025,0.0737465038837492,2014-02-01,0.0426996538208322,0.0697712823378625,12
2014,3,7899,0.0344972192511597,0.0656517609870833,2014-03-01,0.0417645307374881,0.0692008126184612,12
2014,4,7934,0.0415602055226059,0.0782669924832943,2014-04-01,0.0421036947241682,0.0702868082150444,12
2014,5,7979,0.0392881161261497,0.0719072090795632,2014-05-01,0.0416777336047236,0.0701467301557526,12
2014,6,8273,0.0430228731948505,0.076705244778838,2014-06-01,0.041623320907072,0.0708537772358523,12
2014,7,8438,0.0378299979198903,0.0851880208064022,2014-07-01,0.0412523999960629,0.0720603968165839,12
2014,8,8474,0.0386412029830057,0.0789847404803489,2014-08-01,0.0409858112112051,0.0732571111145791,12
2014,9,8123,0.0347176620701456,0.0785098968602887,2014-09-01,0.0397219740080347,0.0739314090679406,12
2014,10,8523,0.0354586199955938,0.0827299205374206,2014-10-01,0.0397670998863508,0.0760511562124797,12
2014,11,8273,0.0368244273639378,0.0820666238850572,2014-11-01,0.0390830753983426,0.077266314375004,12
2014,12,8356,0.038649873197054,0.0834479003885419,2014-12-01,0.0384793239071666,0.0779417180479608,12
2015,1,8456,0.0357065956163747,0.0934151099193935,2015-01-01,0.0381608526199059,0.0792183270074984,12
2015,2,8074,0.0337805257802492,0.0908032070385364,2015-02-01,0.0374981099184181,0.080639718937064,12
2015,3,7844,0.0335738830800648,0.0784786338701067,2015-03-01,0.0374211652374935,0.0817086250106493,12
2015,4,8331,0.0402959310132311,0.091146576321217,2015-04-01,0.0373158090283789,0.0827819236638095,12
2015,5,8059,0.0332537014861446,0.0865635741502629,2015-05-01,0.0368129411417118,0.0840032874197012,12
2015,6,8023,0.0306384476453796,0.0804538704763311,2015-06-01,0.0357809056792559,0.0843156728944923,12
2015,7,7956,0.0294187696539127,0.0789151261624079,2015-07-01,0.0350799699904245,0.0837929316741594,12
2015,8,8203,0.0325568775050452,0.0859743115873484,2015-08-01,0.0345729428672611,0.084375395933076,12
2015,9,7931,0.0281742557714147,0.0821154166809745,2015-09-01,0.0340276590090335,0.0846758559181332,12
2015,10,8309,0.0271408609278184,0.0681262808955083,2015-10-01,0.0333345124200522,0.0834588859479738,12
2015,11,7859,0.0316970754154219,0.0783672433804092,2015-11-01,0.0329072330910092,0.0831506042392532,12
2015,12,8031,0.0307643735349306,0.0795963285102952,2015-12-01,0.0322501081191656,0.0828296399160659,12
2016,1,8335,0.0248430556336544,0.0874421554822181,2016-01-01,0.0313448131206056,0.082331893712968,12
2016,2,7808,0.0257890357055607,0.0926647165714004,2016-02-01,0.0306788556143816,0.0824870195073733,12
2016,3,7557,0.0259801298731374,0.0897058185215822,2016-03-01,0.0300460428471376,0.0834226182283296,12
2016,4,8066,0.0332351604261223,0.0976987485893937,2016-04-01,0.0294576452982119,0.083968632584011,12
2016,5,7925,0.0245994318566474,0.0873887302971166,2016-05-01,0.0287364561624204,0.0840373955962488,12
2016,6,7978,0.0277676573066667,0.0879610383751885,2016-06-01,0.0284972236341944,0.0846629929211536,12
2016,7,7950,0.0289575841296555,0.0883241982863502,2016-07-01,0.0284587915071729,0.0854470822648154,12
2016,8,8472,0.0265512535797345,0.0944098108038823,2016-08-01,0.0279583228467304,0.0861500405328599,12
2016,9,8328,0.0271972815640117,0.0886968318386235,2016-09-01,0.0278769083294468,0.0866984917959973,12
2016,10,8562,0.0226580999823603,0.075616774872751,2016-10-01,0.0275033449173253,0.0873226996274342,12
2016,11,8418,0.0252132503995139,0.0820858796582093,2016-11-01,0.0269630261659996,0.0876325859839176,12
2016,12,8121,0.0227477751364215,0.0913575613232592,2016-12-01,0.0262949762994572,0.0886126887183313,12
2017,1,8262,0.0270403833155353,0.104493744947108,2017-01-01,0.0264780869396139,0.0900336545070721,12
2017,2,8012,0.0246045527027897,0.0899060473974588,2017-02-01,0.0263793800227164,0.0898037654092436,12
2017,3,7876,0.0207338624571822,0.0874699914535536,2017-03-01,0.0259421910713868,0.0896174464869079,12
2017,4,7814,0.0222242417972248,0.0878433227134406,2017-04-01,0.0250246145189786,0.0887961609972452,12
2017,5,7959,0.0180484136492045,0.0904944233721943,2017-05-01,0.0244786963350251,0.0890549687535016,12
2017,6,7795,0.0228055448786416,0.0921298702420581,2017-06-01,0.024065186966023,0.0894023714090741,12
2017,7,7966,0.0203355877331097,0.0922398824506976,2017-07-01,0.0233466872663108,0.0897286784227697,12
2017,8,7936,0.0200890903049203,0.0911031824640077,2017-08-01,0.0228081736600763,0.0894531260611135,12
2017,9,8012,0.0257725183633106,0.101997429354798,2017-09-01,0.0226894433933512,0.0905615091874614,12
2017,10,8140,0.0200599144593673,0.0964985528154546,2017-10-01,0.0224729279331018,0.0923016573493534,12
2017,11,8312,0.0235271450878336,0.0874071989352809,2017-11-01,0.0223324191571284,0.0927451006224427,12
2017,12,7852,0.022176979496304,0.0976935741008901,2017-12-01,0.0222848528537853,0.0932731016872452,12
2018,1,8076,0.0235633484696764,0.10460346248817,2018-01-01,0.0219950999499637,0.0932822448156671,12
2018,2,7853,0.0202904937505261,0.0975135460396177,2018-02-01,0.0216355950372751,0.093916203035847,12
2018,3,7620,0.0186921226842187,0.0935297772283189,2018-03-01,0.0214654500561948,0.0944211851837441,12
2018,4,7795,0.0201728526733467,0.0942497477739121,2018-04-01,0.0212945009625383,0.0949550539387834,12
2018,5,7784,0.0206587345972031,0.0901892123681726,2018-05-01,0.0215120277082048,0.0949296196884482,12
2018,6,7758,0.0223135334170515,0.0964842445621754,2018-06-01,0.0214710267530723,0.0952924842151247,12
2018,7,7779,0.0221848364542335,0.0905462667448355,2018-07-01,0.021625130813166,0.0951513495729695,12
2018,8,7740,0.0197107483789864,0.0951636447450609,2018-08-01,0.0215936023193382,0.095489721429724,12
2018,9,8004,0.0198452424575772,0.0853370755532906,2018-09-01,0.021099662660527,0.0941013586129316,12
2018,10,7718,0.0191880473020432,0.0823066662765681,2018-10-01,0.0210270070640834,0.0929187014013578,12
2018,11,7882,0.0195977852339098,0.084296713897756,2018-11-01,0.0206995604095897,0.0926594943148974,12
2018,12,7690,0.0193350810355415,0.100440292777444,2018-12-01,0.0204627355378595,0.0928883875379435,12
2019,1,7688,0.0143307754691425,0.104494264416803,2019-01-01,0.0196933544544817,0.0928792876986629,12
2019,2,7360,0.0231371699595319,0.102455753560527,2019-02-01,0.0199305774718988,0.0932911383254053,12
2019,3,7333,0.0182566870934204,0.103215444998156,2019-03-01,0.0198942911726656,0.094098277306225,12
2019,4,7322,0.0183944807584584,0.0935336235592967,2019-04-01,0.0197460935130916,0.0940386002883404,12
2019,5,7388,0.0223114758311878,0.0946719506361646,2019-05-01,0.019883821949257,0.0944121618106731,12
2019,6,7619,0.0158445108561267,0.0956279173346355,2019-06-01,0.0193447367358466,0.0943408012083781,12
2019,7,7449,0.0222451098922431,0.0975244298534564,2019-07-01,0.0193497595223474,0.0949223148007631,12
2019,8,7445,0.0156552066608332,0.0869610357692387,2019-08-01,0.0190117977125013,0.094238764052778,12
2019,9,7494,0.0169209595269849,0.0934709870808676,2019-09-01,0.0187681074682853,0.0949165900134094,12
2019,10,7650,0.0230318582872093,0.0898073942968553,2019-10-01,0.0190884250503825,0.0955416506817666,12
2019,11,7572,0.0175239402598865,0.0960717293885168,2019-11-01,0.0189156046358805,0.0965229019726634,12
2019,12,7525,0.0214136829609367,0.093153660812753,2019-12-01,0.0190888214629968,0.0959156826422725,12
2020,1,7193,0.0217553986833349,0.110390357837953,2020-01-01,0.0197075400641795,0.0964070237607016,12
2020,2,7261,0.017204922002845,0.0995022948290756,2020-02-01,0.0192131860677889,0.0961609021997474,12
2020,3,6540,0.0207017475510043,0.102910633070567,2020-03-01,0.0194169411059209,0.0961355012057816,12
2020,4,5357,0.0119807383505186,0.0725254548618129,2020-04-01,0.0188824625719259,0.0943848204809913,12
2020,5,5602,0.00976184420188063,0.071462341937185,2020-05-01,0.0178366599361503,0.092450686422743,12
2020,6,5281,0.00961255266330713,0.0859911563062999,2020-06-01,0.0173173300867487,0.0916476230037151,12
2020,7,5316,0.0154461389327002,0.0968914153217199,2020-07-01,0.0167507491734534,0.091594871792737,12
2020,8,5558,0.0143288160522643,0.0822377548721659,2020-08-01,0.0166402166227394,0.0912012650513143,12
2020,9,6232,0.0132683116957341,0.0915034506803582,2020-09-01,0.0163358293034685,0.0910373036846052,12
2020,10,6585,0.0154601614776531,0.0899548197672132,2020-10-01,0.0157048545693388,0.0910495891404683,12
2020,11,6615,0.0148504148782278,0.0875134530243108,2020-11-01,0.0154820607875339,0.0903363994434512,12
2020,12,6525,0.0105026828041015,0.0824018061997296,2020-12-01,0.0145728107744643,0.0894404115590325,12
2021,1,6443,0.0127166876144548,0.0902537262735038,2021-01-01,0.0138195848520576,0.0877623589286618,12
2021,2,6242,0.0121604518489749,0.0942936716269537,2021-02-01,0.0133992123392351,0.0873283069951516,12
2021,3,6150,0.0111997657859302,0.0976356068767416,2021-03-01,0.0126073805254789,0.0868887214789995,12
2021,4,6344,0.0189168953817894,0.102240891924276,2021-04-01,0.0131853936114182,0.0893650079008714,12
2021,5,6364,0.0174423515901888,0.0860260516004307,2021-05-01,0.0138254358937772,0.0905786503728086,12
2021,6,6255,0.0114434271269222,0.0881206449567833,2021-06-01,0.0139780087657451,0.0907561077603489,12
2021,7,6167,0.0160827293043483,0.0931187057641534,2021-07-01,0.0140310579633824,0.0904417152972183,12
2021,8,6212,0.0148316215056623,0.0823173186769934,2021-08-01,0.0140729584178323,0.0904483456142873,12
2021,9,6170,0.0121697868580454,0.0842759416349179,2021-09-01,0.0139814146813582,0.0898460531938339,12
2021,10,6389,0.0132814753318634,0.092332363308979,2021-10-01,0.0137998575025424,0.0900441818223144,12
2021,11,6076,0.0158271341682693,0.0782686167980629,2021-11-01,0.0138812507767125,0.0892737788034604,12
2021,12,6178,0.0132732016601855,0.0823312095639218,2021-12-01,0.0141121273480529,0.0892678957504764,12
2022,1,6037,0.0145895018641021,0.0957979192082706,2022-01-01,0.0142681952021901,0.0897299118283736,12
2022,2,6043,0.0128828794400341,0.0844528867338234,2022-02-01,0.0143283975014451,0.0889098464206128,12
2022,3,6005,0.0117269460269332,0.0888250834716291,2022-03-01,0.0143723291881953,0.0881756361368534,12
2022,4,6017,0.0162435077673543,0.0858003384829438,2022-04-01,0.0141495468869924,0.0868055900167424,12
2022,5,6035,0.0138378361309215,0.0837379191550104,2022-05-01,0.0138491705987201,0.0866149123129574,12
2022,6,6032,0.00827590588240431,0.0691987408748719,2022-06-01,0.0135852104950103,0.0850380869727981,12
2022,7,6077,0.0115997394662415,0.0933241711833837,2022-07-01,0.0132116280085014,0.0850552090910673,12
2022,8,6067,0.0119899013576498,0.0766349750183266,2022-08-01,0.012974817996167,0.0845816804528451,12
2022,9,6057,0.0129940184757629,0.0754232582248165,2022-09-01,0.0130435039643102,0.0838439568353366,12
2022,10,5940,0.0106032507481267,0.0842475655667141,2022-10-01,0.0128203185823321,0.0831702236901479,12
2022,11,6008,0.0127364912522205,0.077765682586228,2022-11-01,0.0125627650059947,0.0831283125058283,12
2022,12,5789,0.010621127744262,0.0780998545936796,2022-12-01,0.0123417588463344,0.0827756995916415,12
2023,1,5861,0.0125311687055042,0.0862599003984922,2023-01-01,0.0121702310831179,0.0819808646908266,12
2023,2,5515,0.0106481231437493,0.0801000170655336,2023-02-01,0.0119840013917609,0.0816181255518025,12
2023,3,5546,0.00850622405232332,0.0783063251219479,2023-03-01,0.0117156078938767,0.0807415623559957,12
2023,4,5826,0.00748400153931328,0.0800639663375078,2023-04-01,0.0109856490415399,0.080263531343876,12
2023,5,5799,0.0116062671477285,0.0801220897047598,2023-05-01,0.0107996849596072,0.0799622122230218,12
2023,6,5685,0.00739115273027782,0.079096428897196,2023-06-01,0.0107259555302633,0.0807870195582155,12
2023,7,5834,0.00878718236195867,0.0781127973786517,2023-07-01,0.0104915757715731,0.0795194050744878,12
2023,8,6239,0.0105451484655179,0.0754844614639883,2023-08-01,0.0103711796972288,0.0794235289449596,12
2023,9,5891,0.00892206112082246,0.0680365698467916,2023-09-01,0.0100318499176504,0.0788079715801242,12
2023,10,6069,0.0123358517276605,0.0714542174930137,2023-10-01,0.0101762333326115,0.0777418592406492,12
2023,11,6043,0.0112199761738529,0.0658275381284157,2023-11-01,0.0100498570760809,0.0767470138691648,12
2023,12,5857,0.0100189639792188,0.0624301594382778,2023-12-01,0.0099996767623273,0.075441205939548,12
2024,1,5898,0.00652181071029528,0.0817137516201452,2024-01-01,0.00949889692939322,0.0750623602080191,12
2024,2,5703,0.0091308759249162,0.0714626877591476,2024-02-01,0.00937245966115713,0.0743425827658202,12
2024,3,5672,0.00745319913116061,0.0743440790880744,2024-03-01,0.00928470758439357,0.0740123955963308,12
2024,4,5732,0.00615375294191547,0.0665698744030427,2024-04-01,0.00917385353461042,0.0728878879351254,12
2024,5,5918,0.0108011392978309,0.0724249549383227,2024-05-01,0.00910675954711896,0.0722464600379223,12
2024,6,5630,0.0114817658106226,0.0734427834011604,2024-06-01,0.00944764397048103,0.0717753229132526,12
2024,7,5808,0.0105318572455047,0.0730891000303208,2024-07-01,0.00959303354410986,0.0713566814675584,12
2024,8,6010,0.00868392389376051,0.0508383492802409,2024-08-01,0.00943793149646342,0.0693028387855795,12
2024,9,5932,0.0104520294862925,0.0667779154062069,2024-09-01,0.00956542886025259,0.0691979509155307,12
2024,10,5880,0.00794737610394229,0.0616636358409273,2024-10-01,0.00919972255827607,0.0683820691111902,12
2024,11,5964,0.0103532414488309,0.0627061726916699,2024-11-01,0.00912749466452423,0.0681219553247947,12
2024,12,5753,0.0100272998877665,0.0648290269036639,2024-12-01,0.00912818932356987,0.0683218609469102,12
2025,1,5872,0.0119820363528638,0.079392634141932,2025-01-01,0.00958320812711725,0.0681284344903925,12
2025,2,5805,0.0120196508328761,0.0687164959002466,2025-02-01,0.00982393936944724,0.0678995851688174,12
2025,3,5605,0.00865508471777105,0.0683303729228715,2025-03-01,0.00992409650166477,0.0673984429883838,12
2025,4,5475,0.00904478934133478,0.0652690391135597,2025-04-01,0.0101650162016164,0.0672900400475935,12
2025,5,5504,0.0110246530425473,0.0758007250400978,2025-05-01,0.0101836423470094,0.0675713542227415,12
2025,6,5437,0.00964624947590722,0.0636151864042379,2025-06-01,0.0100306826524498,0.0667523878063313,12
2025,7,5306,0.00858441202994419,0.0723079455291963,2025-07-01,0.00986839555115309,0.0666872915979042,12
2025,8,5586,0.00803025002932802,0.0711961013199624,2025-08-01,0.00981392272911705,0.0683837709345477,12
2025,9,5578,0.00779229356459223,0.0621625790465393,2025-09-01,0.00959227806897536,0.067999159571242,12
2025,10,NA,NA,NA,2025-10-01,0.00974181461125109,0.0685751162739979,11
2025,11,5476,0.0110006260236416,0.0675170697843148,2025-11-01,0.00980066775441571,0.0690124705551475,11
2025,12,5398,0.00915773690740112,0.0685884467176226,2025-12-01,0.00972161657438249,0.0693542359927801,11
2026,1,5128,0.00599154849078598,0.0768817173406574,2026-01-01,0.00917702676873905,0.0691259708290278,11
2026,2,5364,0.00554928030233577,0.070659200919605,2026-02-01,0.00858881126596266,0.0693025803762422,11
2026,3,5215,0.00866664333951385,0.0799471915821021,2026-03-01,0.00858986204975746,0.0703586547998087,11
2026,4,5198,0.00724153880945824,0.0802994273416181,2026-04-01,0.00842593018322323,0.0717250537296321,11
2026,5,5372,0.00990607011071296,0.0778210813475876,2026-05-01,0.00832424082578375,0.0719087224848585,11
2026,6,5266,0.00756536108817753,0.0749535004602788,2026-06-01,0.00813506915417196,0.0729394783081349,11
2026,7,5283,0.00977060985871332,0.0753966398182375,2026-07-01,0.0082429053204237,0.0732202686980478,11
2026,8,5381,0.0098972613429397,0.0736657871387457,2026-08-01,0.00841263362166112,0.0734447855906645,11
