figure_chr,series_chr,stat_chr,era_i_int,reference_num,ours_num,ours_rounded_num,diff_num,match_bool
6a,p10,last_index,NA,150.4,150.2202501746906,150.2,-0.20000000000001705,FALSE
6a,p25,last_index,NA,149.9,149.89770568300514,149.9,0,TRUE
6a,p50,last_index,NA,140.1,140.21649840650977,140.2,0.09999999999999432,FALSE
6a,p75,last_index,NA,146.5,145.7182737632145,145.7,-0.8000000000000114,FALSE
6a,p90,last_index,NA,176.8,176.0767190996621,176.1,-0.700000000000017,FALSE
6b,r50_10,last_index,NA,93.1,93.3406103660808,93.3,0.20000000000000284,FALSE
6b,r90_50,last_index,NA,126.3,125.57489389671389,125.6,-0.7000000000000028,FALSE
6b,r90_10,last_index,NA,117.6,117.21237242975106,117.2,-0.3999999999999915,FALSE
6c,bottom,last_index,NA,137.2,137.31812697053442,137.3,0.10000000000002274,FALSE
6c,middle,last_index,NA,143.4,143.0208227208251,143,-0.4000000000000057,FALSE
6c,top,last_index,NA,162.8,162.13256375807228,162.1,-0.700000000000017,FALSE
6a,p10,base_level,NA,9.79,9.78343185176765,9.78,-0.009999999999999787,FALSE
6a,p50,base_level,NA,18.48,18.459034333340703,18.46,-0.019999999999999574,FALSE
6a,p90,base_level,NA,37.89,37.84938803263827,37.85,-0.03999999999999915,FALSE
6c,bottom,base_level,NA,14.58,14.564719488412175,14.56,-0.019999999999999574,FALSE
6c,middle,base_level,NA,17.61,17.596961029282834,17.6,-0.00999999999999801,FALSE
6c,top,base_level,NA,23.82,23.80144208975522,23.8,-0.019999999999999574,FALSE
6a,p10,era_cum_pct,1,-4.25,-4.245545899440961,-4.25,0,TRUE
6a,p10,era_cum_pct,2,13.63,14.059566640517218,14.06,0.4299999999999997,FALSE
6a,p10,era_cum_pct,3,5.33,4.930176673819631,4.93,-0.40000000000000036,FALSE
6a,p10,era_cum_pct,4,11.16,11.157973556264134,11.16,0,TRUE
6a,p10,era_cum_pct,5,18.07,17.92252070843441,17.92,-0.14999999999999858,FALSE
6a,p25,era_cum_pct,1,2.38,2.37506365482425,2.38,0,TRUE
6a,p25,era_cum_pct,2,9.91,9.914820609331198,9.91,0,TRUE
6a,p25,era_cum_pct,3,3.78,3.776914704644163,3.78,0,TRUE
6a,p25,era_cum_pct,4,15.29,15.347434118061987,15.35,0.0600000000000005,FALSE
6a,p25,era_cum_pct,5,11.32,11.284800682219199,11.28,-0.040000000000000924,FALSE
6a,p50,era_cum_pct,1,1.89,1.8875999549498923,1.89,0,TRUE
6a,p50,era_cum_pct,2,11.3,11.126176207392113,11.13,-0.16999999999999993,FALSE
6a,p50,era_cum_pct,3,5.49,5.4444410132182375,5.44,-0.04999999999999982,FALSE
6a,p50,era_cum_pct,4,8.54,8.968711832432241,8.97,0.4300000000000015,FALSE
6a,p50,era_cum_pct,5,7.88,7.779436490168412,7.78,-0.09999999999999964,FALSE
6a,p75,era_cum_pct,1,3.1,3.228184480234275,3.23,0.1299999999999999,FALSE
6a,p75,era_cum_pct,2,11.89,11.749624992473674,11.75,-0.14000000000000057,FALSE
6a,p75,era_cum_pct,3,7.33,7.444898015142631,7.44,0.11000000000000032,FALSE
6a,p75,era_cum_pct,4,10.36,10.248732513106539,10.25,-0.10999999999999943,FALSE
6a,p75,era_cum_pct,5,7.21,6.637572651137269,6.64,-0.5700000000000003,FALSE
6a,p90,era_cum_pct,1,11.64,11.98436159521532,11.98,0.33999999999999986,FALSE
6a,p90,era_cum_pct,2,11.36,11.08038427675675,11.08,-0.27999999999999936,FALSE
6a,p90,era_cum_pct,3,14.42,14.452201274493582,14.45,0.02999999999999936,FALSE
6a,p90,era_cum_pct,4,11.54,11.445663843651088,11.45,-0.08999999999999986,FALSE
6a,p90,era_cum_pct,5,11.46,10.973647266553632,10.97,-0.4900000000000002,FALSE
6b,r50_10,era_cum_pct,1,6.41,6.405076308982927,6.41,0,TRUE
6b,r50_10,era_cum_pct,2,-2.05,-2.5718056972549252,-2.57,-0.52,FALSE
6b,r50_10,era_cum_pct,3,0.15,0.4901014709974616,0.49,0.33999999999999997,FALSE
6b,r50_10,era_cum_pct,4,-2.36,-1.9695048891151146,-1.97,0.3899999999999999,FALSE
6b,r50_10,era_cum_pct,5,-8.63,-8.601481852092485,-8.6,0.030000000000001137,FALSE
6b,r90_50,era_cum_pct,1,9.57,9.909706033638809,9.91,0.33999999999999986,FALSE
6b,r90_50,era_cum_pct,2,0.05,-0.041207150464617204,-0.04,-0.09,FALSE
6b,r90_50,era_cum_pct,3,8.47,8.542660167496319,8.54,0.06999999999999851,FALSE
6b,r90_50,era_cum_pct,4,2.77,2.2730855211244627,2.27,-0.5,FALSE
6b,r90_50,era_cum_pct,5,3.32,2.9636551093645824,2.96,-0.3599999999999999,FALSE
6b,r90_10,era_cum_pct,1,16.59,16.949506576072192,16.95,0.35999999999999943,FALSE
6b,r90_10,era_cum_pct,2,-2,-2.611953079876239,-2.61,-0.6099999999999999,FALSE
6b,r90_10,era_cum_pct,3,8.63,9.074629341637008,9.07,0.4399999999999995,FALSE
6b,r90_10,era_cum_pct,4,0.35,0.2588121015370204,0.26,-0.08999999999999997,FALSE
6b,r90_10,era_cum_pct,5,-5.6,-5.892744999118527,-5.89,-0.29000000000000004,FALSE
6c,bottom,era_cum_pct,1,0.27,0.2653621041204923,0.27,0,TRUE
6c,bottom,era_cum_pct,2,7.8,7.94896169677215,7.95,0.15000000000000036,FALSE
6c,bottom,era_cum_pct,3,4.73,4.592825848630144,4.59,-0.14000000000000057,FALSE
6c,bottom,era_cum_pct,4,12.72,12.723835246455085,12.72,0,TRUE
6c,bottom,era_cum_pct,5,7.51,7.607073813138188,7.61,0.10000000000000053,FALSE
6c,middle,era_cum_pct,1,2.77,2.6989307822172126,2.7,-0.06999999999999984,FALSE
6c,middle,era_cum_pct,2,10.19,10.188250124042874,10.19,0,TRUE
6c,middle,era_cum_pct,3,-0.71,-0.6461806525325464,-0.65,0.05999999999999994,FALSE
6c,middle,era_cum_pct,4,12.78,12.784157804327268,12.78,0,TRUE
6c,middle,era_cum_pct,5,13.06,12.788649340087034,12.79,-0.27000000000000135,FALSE
6c,top,era_cum_pct,1,14,14.00484575503862,14,0,TRUE
6c,top,era_cum_pct,2,16.62,16.76637445861808,16.77,0.14999999999999858,FALSE
6c,top,era_cum_pct,3,9.01,9.051888911989359,9.05,0.040000000000000924,FALSE
6c,top,era_cum_pct,4,7.38,7.325374920383698,7.33,-0.04999999999999982,FALSE
6c,top,era_cum_pct,5,4.59,4.062327734938975,4.06,-0.5300000000000002,FALSE
