age_int,entry_1982_1986,entry_1987_1991,entry_1992_1996,entry_1997_2001,entry_2002_2006,entry_2007_2011,entry_2012_2016,entry_2017_2021,entry_2022_2026
25,17.408859460610635,16.68273014923494,17.076467260642065,19.239216273623445,18.893219591116342,18.1370271297133,19.114346554466625,21.653881617963656,22.716813776733293
26,18.087685480111872,17.487180650723783,18.18960634381195,19.96485506341756,19.92402906414348,19.18965941722295,20.963762665682744,23.207768744354112,23.695630452326974
27,18.7224398181028,18.08400649097121,19.718396340457215,20.42522555416834,20.500659594095943,19.902132933946188,22.267281727306,24.48216845058397,NA
28,18.958007778588048,18.679744644960522,20.70268745719006,21.24973250384025,21.048535098643246,20.723299188037668,23.47610751011258,24.80678526422598,NA
29,19.439652190456425,19.382997344278124,21.729801966798995,21.873231623810536,21.29107130544393,21.813795598578935,24.395002301950086,26.030647893717227,NA
30,19.77599876837811,20.07280450038356,22.135377314722767,22.020639032507276,21.414520296740857,22.815279516650417,25.76900346996314,26.502949406188844,NA
31,20.048803913917823,21.14559216756727,22.819490660338587,22.7633415988527,22.423960814918264,24.069823553054665,26.275510678456207,27.416760448601035,NA
32,20.19446933610024,21.799128860730853,23.390327397210392,23.247471646213583,23.345797823034314,25.081169283980927,26.73272065862531,NA,NA
33,20.507137687976726,22.376736764357485,23.390327397210392,23.481985575165357,23.511724390392715,25.6876010747653,27.49050831067746,NA,NA
34,21.035706657173375,22.885690231345457,23.735922108099423,23.64649589173514,24.2740727420422,26.806787860518956,28.37769717710191,NA,NA
35,22.38413067432184,24.76129587745451,25.49599427409751,25.075675367959096,26.364615937195346,29.049974545431223,29.043085477386544,NA,NA
36,23.009852024922118,24.834059390627424,26.005376102213425,25.44611698691517,27.48911127895267,29.75351991869919,29.393391606791457,NA,NA
37,23.642946415515706,25.228396046366157,25.979295958580366,25.97648153203709,28.252656039321817,29.9255715685802,NA,NA,NA
38,24.153135366721735,25.449862552316805,25.945972042861253,26.345420238730057,29.0663272521567,30.736468553798183,NA,NA,NA
39,24.645286789687564,25.708353138368402,25.9522247130719,26.578794266852324,29.197418086945063,30.91179631976642,NA,NA,NA
40,25.04126225882102,25.628124326970145,25.990199172878174,27.454125930561396,29.677610758036288,30.34192820841048,NA,NA,NA
41,25.43419823063077,26.075693167434867,26.48096912093397,28.59686451910912,29.895419579054245,30.79907651613003,NA,NA,NA
42,25.44155958191851,26.150982009879034,26.628037260561534,28.767636147651924,30.50618310121966,NA,NA,NA,NA
43,25.745387130312785,26.315575770645122,26.794685870374973,29.418433154394386,30.725225835771752,NA,NA,NA,NA
44,26.396976997104094,26.159842510776475,26.846993952739773,29.92979144278229,30.95748782956572,NA,NA,NA,NA
45,25.977103994681148,26.289288868782187,27.154555198800278,30.17047002564801,31.006136315546122,NA,NA,NA,NA
46,26.583717943008978,26.37923422082123,28.964221095195672,30.616355099349324,30.853685484800746,NA,NA,NA,NA
47,26.65448742126138,26.459925433085466,29.20812565940263,30.642223200436007,NA,NA,NA,NA,NA
48,26.461231744296942,26.536177245261584,29.121006556919642,30.545009234086066,NA,NA,NA,NA,NA
49,26.646545107556996,26.747751270635515,29.59245152936824,30.833146642770277,NA,NA,NA,NA,NA
50,26.261441834487265,27.425321068846443,29.737026943411855,30.640454798441603,NA,NA,NA,NA,NA
51,26.59138427143064,28.498831545318296,29.912800364836833,30.75211469915412,NA,NA,NA,NA,NA
52,26.69305737381294,28.6070903982745,30.124987797085502,NA,NA,NA,NA,NA,NA
53,26.794685870374973,28.86363249870985,30.487152117936443,NA,NA,NA,NA,NA,NA
54,27.430345122124834,29.137006287811044,30.128226396961242,NA,NA,NA,NA,NA,NA
