year_int,month_int,date_dt,p10,p25,p50,p75,p90
1996,9,1996-09-01,100,100,100,100,100
1996,10,1996-10-01,99.81444855046085,99.86987111591651,100.10209895879798,100.11878258390573,100.01992777935426
1996,11,1996-11-01,99.61404646689935,99.97234273313292,100.11203174306092,100.45064386666762,100.32327762390308
1996,12,1996-12-01,99.42026367446142,100.3514412819816,99.91863892716681,100.3870960967258,100.29450650362865
1997,1,1997-01-01,99.31635754838088,100.2958940911252,99.99475250242749,100.41347029379762,100.16737595450434
1997,2,1997-02-01,99.53533581540754,100.13822075875957,100.24591488304767,100.44442948539636,100.3096859825549
1997,3,1997-03-01,99.3622417289307,100.26600775984889,100.27685923824907,100.54764508880639,100.48715675225941
1997,4,1997-04-01,99.36915459226645,100.41019323299705,100.52794638119707,100.58704149196411,100.56524496638951
1997,5,1997-05-01,99.59000642891198,100.56412741005018,100.7972136472254,100.51735854266859,100.42569713519542
1997,6,1997-06-01,99.44127125243622,100.65469471754223,101.05542258545603,100.45015532810336,100.51633580912291
1997,7,1997-07-01,99.71239359879476,100.75770229342811,101.10654214073925,100.8735880000419,100.68068792275989
1997,8,1997-08-01,100.14736339481257,100.61963690489908,101.29698910892218,100.86025179483084,100.57157788696016
1997,9,1997-09-01,100.8282532587312,100.72317649677053,101.53220361031266,101.14729321703159,100.78264713747332
1997,10,1997-10-01,101.52237571851538,100.60359240947155,101.6342212908797,101.16600478517056,101.007835863794
1997,11,1997-11-01,102.23059759855435,100.49850837199939,102.0064844369902,101.48536588457341,101.27524088286975
1997,12,1997-12-01,102.95022321716735,100.70181086119676,102.38213622351995,102.01587682178703,101.59516118704819
1998,1,1998-01-01,103.59419804516803,100.91178052204482,102.84500449348201,102.17614222883283,101.8190552445889
1998,2,1998-02-01,103.93314799959735,101.32185457027185,103.15064753638117,102.33058282862216,101.8345373621148
1998,3,1998-03-01,104.85011526244543,101.68002246244531,103.70024496487356,102.69225569967139,102.21202127617052
1998,4,1998-04-01,105.68166802018172,102.11856829504563,104.04348622652049,103.08488581646881,102.60010432075045
1998,5,1998-05-01,106.3010781297816,102.58863697848308,104.37067180014678,103.35436033070317,102.89225373470606
1998,6,1998-06-01,107.45957011027816,103.12429902540903,104.71631556937564,103.71906810142578,103.12170753324918
1998,7,1998-07-01,108.19276411875057,103.59574495576322,105.2646145399666,103.9281373916085,103.30012127848869
1998,8,1998-08-01,108.75720031524223,104.10889921190146,105.66924085589874,104.2927991560618,103.73212557716353
1998,9,1998-09-01,109.10439607097625,104.40947276729467,105.85624528691095,104.38287437487969,104.02030979462272
1998,10,1998-10-01,109.52338652787819,104.93923773650026,106.23640237459871,104.85033614324288,104.31968981205247
1998,11,1998-11-01,109.92638956970059,105.46910044553616,106.47226424548495,105.13712764121635,104.66004643351329
1998,12,1998-12-01,110.28431476999073,105.69139926183891,106.94087515729315,105.40951182589242,104.92926370975299
1999,1,1999-01-01,111.00464060866567,106.18780436023262,107.25906404461404,105.62754463164896,105.19040256013916
1999,2,1999-02-01,111.72570196233339,106.3419607370536,107.41739758211612,105.89213695857461,105.56029355451392
1999,3,1999-03-01,112.27869975468958,106.72644003034735,107.73050810536105,106.151302720581,105.72590926961465
1999,4,1999-04-01,112.71568616334221,107.17045182725813,108.0103822573599,106.49482266988521,105.82091385888717
1999,5,1999-05-01,113.158917030838,107.32660475189861,108.26454379920115,106.92745083006771,106.22966860890575
1999,6,1999-06-01,113.42959819593219,107.32084568343711,108.54025255031014,107.21875639295938,106.29091806336075
1999,7,1999-07-01,113.68189253342788,107.53559519089343,108.82945197662815,107.49654745093972,106.71313017158141
1999,8,1999-08-01,113.94555927252368,107.98978691576684,109.1287214294658,107.82589412083061,107.11105946860683
1999,9,1999-09-01,114.16976748425245,108.4055701111083,109.55748014853377,108.12062658468857,107.29130480600078
1999,10,1999-10-01,114.31781713528228,108.82515689950966,110.04665293514836,108.41789022757905,107.78264460645391
1999,11,1999-11-01,114.47386533084646,109.23682429114243,110.24898587098289,108.50043188742916,108.0380237195317
1999,12,1999-12-01,114.65108761932665,109.63592999815377,110.59642284549506,108.57098906543513,108.35485327765966
2000,1,2000-01-01,114.44466374111747,109.74013915125158,110.79110172098031,108.81045852076704,108.5118188922922
2000,2,2000-02-01,114.2032066889814,109.97503621910532,111.11140730938433,108.97004774806213,108.84370080336035
2000,3,2000-03-01,113.92888576842273,110.00114310029824,111.23824722840703,109.25053435691336,109.22253463037217
2000,4,2000-04-01,113.70865790444688,109.90314359428594,111.4171452606029,109.28700895280211,109.45064075560794
2000,5,2000-05-01,113.48693192968345,110.05008306151043,111.62616097437804,109.30282830995942,109.54745003884466
2000,6,2000-06-01,113.23654160183175,110.27319240312217,111.77457424639758,109.5672354053608,109.95114291676569
2000,7,2000-07-01,113.00413716543754,110.32220792074912,111.90810139490928,109.80805866916414,110.53553680188877
2000,8,2000-08-01,113.04950045233696,110.0973235178507,112.04440176277723,110.0822296504744,110.70879779091125
2000,9,2000-09-01,113.19946936439162,110.14950803152789,112.0063344789083,110.22568804344348,110.8282175073512
2000,10,2000-10-01,113.35231023971846,110.09170771493889,111.78872587878399,110.29168869201258,110.81118064256843
2000,11,2000-11-01,113.50018164483052,109.97296556746394,111.79640752972806,110.5005721287309,110.60276300777652
2000,12,2000-12-01,113.65535055408886,109.918043215335,111.7969751282715,110.77157924776596,110.8751332051678
2001,1,2001-01-01,114.17243875276185,110.23611915067174,111.93123290056747,110.9999689780659,111.50612549978538
2001,2,2001-02-01,114.32181614876022,110.12091918678452,112.00406974474787,111.24262411558425,111.57245662133809
