era_i_int,era_slug_chr,series_chr,repo_cumulative_pct_num,repo_annualized_pct_num,awp_cumulative_pct_num,repo_last_index_num,awp_last_index_num,cumulative_diff_pp_num
1,stagnation1,p10,-3.1997361975840577,-0.23767174515330058,-4.245545899440961,153.62502388634874,150.2202501746906,1.045809701856903
1,stagnation1,p25,2.492982309517977,0.18033908623140693,2.37506365482425,150.51246064712313,149.89770568300514,0.1179186546937272
1,stagnation1,p50,1.345472741333431,0.09784063541891097,1.8875999549498923,139.74265268800008,140.21649840650977,-0.5421272136164612
1,stagnation1,p75,3.072856548166225,0.22170318413035073,3.228184480234275,145.377302902147,145.7182737632145,-0.15532793206805007
1,stagnation1,p90,12.025939713571487,0.8343905488955583,11.98436159521532,177.53315889941527,176.0767190996621,0.04157811835616698
1,stagnation1,r50_10,4.695450983682181,0.3363116984550718,6.405076308982927,90.96347011238299,93.3406103660808,-1.7096253253007454
1,stagnation1,r90_50,10.538672013004536,0.7358299727556972,9.909706033638809,127.04292890144936,125.57489389671389,0.6289659793657272
1,stagnation1,r90_10,15.728961175388378,1.0746163534898878,16.949506576072192,115.56265666116589,117.21237242975106,-1.2205454006838146
1,stagnation1,bottom,1.2328472177336014,0.08969699970837741,0.2653621041204923,137.72483376977524,137.31812697053442,0.9674851136131091
1,stagnation1,middle,2.3028459649775845,0.16672888496565008,2.6989307822172126,142.58452923620106,143.0208227208251,-0.3960848172396281
1,stagnation1,top,14.490543836895586,0.9950796365286729,14.00484575503862,162.22394310441973,162.13256375807228,0.4856980818569667
2,itboom,p10,14.321816148760202,3.076890569313595,14.059566640517218,153.62502388634874,150.2202501746906,0.2622495082429843
2,itboom,p25,10.120919186784526,2.2068399778568004,9.914820609331198,150.51246064712313,149.89770568300514,0.2060985774533286
2,itboom,p50,12.00406974474788,2.599980026235582,11.126176207392113,139.74265268800008,140.21649840650977,0.8778935373557673
2,itboom,p75,11.242624115584254,2.4416355741880835,11.749624992473674,145.377302902147,145.7182737632145,-0.5070008768894194
2,itboom,p90,11.572456621338102,2.5103276487348003,11.08038427675675,177.53315889941527,176.0767190996621,0.4920723445813522
2,itboom,r50_10,-2.0273876693809756,-0.46267455337850594,-2.5718056972549252,90.96347011238299,93.3406103660808,0.5444180278739497
2,itboom,r90_50,-0.38535485754527254,-0.0873805019044327,-0.041207150464617204,127.04292890144936,125.57489389671389,-0.34414770708065534
2,itboom,r90_10,-2.4049298900609695,-0.5496507679359941,-2.611953079876239,115.56265666116589,117.21237242975106,0.20702318981526968
2,itboom,bottom,8.95758677619336,1.961368281439957,7.94896169677215,137.72483376977524,137.31812697053442,1.0086250794212095
2,itboom,middle,10.019128290594747,2.1854416528377385,10.188250124042874,142.58452923620106,143.0208227208251,-0.16912183344812703
2,itboom,top,16.07624170038955,3.4329399220696555,16.76637445861808,162.22394310441973,162.13256375807228,-0.6901327582285326
3,stagnation2,p10,4.606547221964763,0.33210330002195754,4.930176673819631,153.62502388634874,150.2202501746906,-0.3236294518548677
3,stagnation2,p25,2.4000816229778232,0.17475858931776944,3.776914704644163,150.51246064712313,149.89770568300514,-1.3768330816663399
3,stagnation2,p50,5.009797465797394,0.36052663895631554,5.4444410132182375,139.74265268800008,140.21649840650977,-0.4346435474208432
3,stagnation2,p75,7.472002743892969,0.5319141185787801,7.444898015142631,145.377302902147,145.7182737632145,0.02710472875033787
3,stagnation2,p90,13.475600213488903,0.9350264112575557,14.452201274493582,177.53315889941527,176.0767190996621,-0.9766010610046791
3,stagnation2,r50_10,0.385492356398065,0.028329256538506264,0.4901014709974616,90.96347011238299,93.3406103660808,-0.10460911459939659
3,stagnation2,r90_50,8.06191703250252,0.5724359880732832,8.542660167496319,127.04292890144936,125.57489389671389,-0.4807431349937996
3,stagnation2,r90_10,8.478487462840057,0.6009274114713747,9.074629341637008,115.56265666116589,117.21237242975106,-0.596141878796951
3,stagnation2,bottom,2.7840705587955705,0.202365460049303,4.592825848630144,137.72483376977524,137.31812697053442,-1.8087552898345738
3,stagnation2,middle,-0.8056980688209703,-0.059537706498280496,-0.6461806525325464,142.58452923620106,143.0208227208251,-0.15951741628842386
3,stagnation2,top,8.230756676124784,0.5839960529335553,9.051888911989359,162.22394310441973,162.13256375807228,-0.8211322358645745
4,recovery,p10,11.21664214725211,2.0789246208823053,11.157973556264134,153.62502388634874,150.2202501746906,0.05866859098797583
4,recovery,p25,16.359405835079578,2.975941939265825,15.347434118061987,150.51246064712313,149.89770568300514,1.011971717017591
4,recovery,p50,9.700460131814804,1.808087813932624,8.968711832432241,139.74265268800008,140.21649840650977,0.7317482993825628
4,recovery,p75,10.19506462390578,1.8967693713629608,10.248732513106539,145.377302902147,145.7182737632145,-0.05366788920075827
4,recovery,p90,11.826490785366573,2.1870231471905477,11.445663843651088,177.53315889941527,176.0767190996621,0.38082694171548503
4,recovery,r50_10,-1.3632690091738842,-0.265320983695283,-1.9695048891151146,90.96347011238299,93.3406103660808,0.6062358799412304
4,recovery,r90_50,1.9380325761597872,0.37220553041963367,2.2730855211244627,127.04292890144936,125.57489389671389,-0.3350529449646755
4,recovery,r90_10,0.5483429694874253,0.10589700734966456,0.2588121015370204,115.56265666116589,117.21237242975106,0.28953086795040495
4,recovery,bottom,13.031575183166222,2.399239585091495,12.723835246455085,137.72483376977524,137.31812697053442,0.30773993671113686
4,recovery,middle,13.571522010379255,2.4937332217532804,12.784157804327268,142.58452923620106,143.0208227208251,0.7873642060519863
4,recovery,top,7.580774919303246,1.424340830912163,7.325374920383698,162.22394310441973,162.13256375807228,0.2553999989195477
5,covid_aftermath,p10,18.845675010237283,2.691832762547963,17.92252070843441,153.62502388634874,150.2202501746906,0.9231543018028745
5,covid_aftermath,p25,11.11617302228205,1.634851686064187,11.284800682219199,150.51246064712313,149.89770568300514,-0.16862765993714923
5,covid_aftermath,p50,6.723845043537047,1.006173219351214,7.779436490168412,139.74265268800008,140.21649840650977,-1.0555914466313654
5,covid_aftermath,p75,6.772255008881012,1.0132205482376255,6.637572651137269,145.377302902147,145.7182737632145,0.13468235774374282
5,covid_aftermath,p90,10.863594022705204,1.5992748511030275,10.973647266553632,177.53315889941527,176.0767190996621,-0.1100532438484283
5,covid_aftermath,r50_10,-10.199639124987991,-1.6414738133016527,-8.601481852092485,90.96347011238299,93.3406103660808,-1.5981572728955058
5,covid_aftermath,r90_50,3.8789353752006983,0.5871934485269348,2.9636551093645824,127.04292890144936,125.57489389671389,0.9152802658361159
5,covid_aftermath,r90_10,-6.716341159949235,-1.0639189914656955,-5.892744999118527,115.56265666116589,117.21237242975106,-0.8235961608307081
5,covid_aftermath,bottom,6.949246635449113,1.03896328955555,7.607073813138188,137.72483376977524,137.31812697053442,-0.6578271776890743
5,covid_aftermath,middle,11.95777187702529,1.752902706286319,12.788649340087034,142.58452923620106,143.0208227208251,-0.8308774630617428
5,covid_aftermath,top,4.261810805554456,0.6441420576862811,4.062327734938975,162.22394310441973,162.13256375807228,0.19948307061548043
