period_chr,period_label_chr,years_num,third_chr,percentile_chr,start_share_pct_num_Men,start_share_pct_num_Women,end_share_pct_num_Men,end_share_pct_num_Women,share_change_pts_num_Men,share_change_pts_num_Women,share_change_decade_pts_num_Men,share_change_decade_pts_num_Women,start_min_n_obs_int_Men,start_min_n_obs_int_Women,end_min_n_obs_int_Men,end_min_n_obs_int_Women,change_gap_pts_num
stagnations,Dec 1982 to Oct 2014,31.833333333333332,bottom,p10,49.21945475682902,49.255493212871826,52.49898421404677,51.868089691247775,3.27952945721775,2.6125964783759503,1.0302186776600262,0.8207109356154818,466,625,466,409,-0.6669329788417997
stagnations,Dec 1982 to Oct 2014,31.833333333333332,bottom,p25,39.33126515747269,38.148923000084075,48.05319183145793,39.96549709577841,8.721926673985237,1.81657409569434,2.7398722536079276,0.5706515483856566,432,252,500,301,-6.9053525782908975
stagnations,Dec 1982 to Oct 2014,31.833333333333332,bottom,p50,31.536457508706544,29.223409617640804,38.16378377589513,26.719041556807944,6.627326267188588,-2.5043680608328622,2.0818825970225934,-0.7867124798427839,515,343,542,489,-9.13169432802145
stagnations,Dec 1982 to Oct 2014,31.833333333333332,bottom,p75,24.133943193603198,18.64334941516875,22.037780076905342,13.741936711755256,-2.096163116697858,-4.901412703413493,-0.6584805602192224,-1.53971079688382,584,494,513,486,-2.8052495867156355
stagnations,Dec 1982 to Oct 2014,31.833333333333332,bottom,p90,15.0696169497401,12.763879048797163,8.929201471399134,5.875651331698338,-6.140415478340966,-6.888227717098825,-1.9289263282746492,-2.1638411676750238,532,490,435,440,-0.7478122387578594
stagnations,Dec 1982 to Oct 2014,31.833333333333332,middle,p10,30.013868639383507,33.959595713648625,38.20585456538056,40.31442562342804,8.191985925997052,6.354829909779413,2.573398720208498,1.9962816470511247,466,625,466,409,-1.837156016217639
stagnations,Dec 1982 to Oct 2014,31.833333333333332,middle,p25,35.513956892524746,42.21458444402254,37.58533564543237,45.485710844894726,2.0713787529076266,3.271126400872182,0.6506948962013487,1.0275789740959733,432,252,500,301,1.1997476479645552
stagnations,Dec 1982 to Oct 2014,31.833333333333332,middle,p50,36.049679198498914,44.64662013887446,38.0027838476828,42.744336087751584,1.95310464918389,-1.9022840511228767,0.6135407274923215,-0.5975761417139926,515,343,542,489,-3.855388700306767
stagnations,Dec 1982 to Oct 2014,31.833333333333332,middle,p75,33.474144464316545,36.81973130622941,33.01091714709393,32.3069015708955,-0.4632273172226198,-4.512829735333912,-0.14551643472961878,-1.4176428487959933,584,494,513,486,-4.049602418111292
stagnations,Dec 1982 to Oct 2014,31.833333333333332,middle,p90,25.923681396771393,29.447550158092326,20.453369855120133,18.964961301353064,-5.470311541651257,-10.482588856739264,-1.718422473817149,-3.2929598502845856,532,490,435,440,-5.012277315088007
stagnations,Dec 1982 to Oct 2014,31.833333333333332,top,p10,20.766676603787474,16.784911073479545,9.295161220572664,7.817484685324187,-11.47151538321481,-8.967426388155356,-3.6036173978685264,-2.8169925826666042,466,625,466,409,2.504088995059453
stagnations,Dec 1982 to Oct 2014,31.833333333333332,top,p25,25.15477795000256,19.63649255589339,14.3614725231097,14.548792059326864,-10.79330542689286,-5.087700496566525,-3.390567149809276,-1.5982305224816309,432,252,500,301,5.705604930326336
stagnations,Dec 1982 to Oct 2014,31.833333333333332,top,p50,32.413863292794545,26.129970243484742,23.833432376422063,30.536622355440475,-8.580430916372478,4.406652111955733,-2.6954233245149144,1.384288621556775,515,343,542,489,12.987083028328211
stagnations,Dec 1982 to Oct 2014,31.833333333333332,top,p75,42.39191234208025,44.53691927860184,44.95130277600074,53.95116171734924,2.559390433920483,9.414242438747394,0.8039969949488429,2.9573536456798095,584,494,513,486,6.854852004826911
stagnations,Dec 1982 to Oct 2014,31.833333333333332,top,p90,59.00670165348851,57.78857079311051,70.61742867348073,75.1593873669486,11.610727019992218,17.370816573838088,3.6473488020917966,5.456801017959609,532,490,435,440,5.760089553845869
recovery_on,Nov 2014 to Aug 2026,11.75,bottom,p10,52.344270706914905,51.72331648305899,59.637228331888906,51.89899905831899,7.292957624973995,0.17568257526000552,6.2067724467863785,0.14951708532766428,466,409,369,248,-7.117275049713989
recovery_on,Nov 2014 to Aug 2026,11.75,bottom,p25,47.50670569913053,39.630038897228424,53.46139684828889,45.787061390762915,5.954691149158359,6.157022493534492,5.067822254602858,5.24001914343361,492,301,351,306,0.20233134437613298
recovery_on,Nov 2014 to Aug 2026,11.75,bottom,p50,38.43261635090897,26.593600078532887,37.755790121319926,25.14947768161639,-0.6768262295890448,-1.4441223969164974,-0.5760223230545062,-1.2290403378012744,542,489,321,253,-0.7672961673274525
recovery_on,Nov 2014 to Aug 2026,11.75,bottom,p75,22.191038551248525,13.961929413536927,19.013256391660818,10.538743885853757,-3.1777821595877054,-3.4231855276831715,-2.70449545496826,-2.913349385262274,539,486,388,368,-0.24540336809546615
recovery_on,Nov 2014 to Aug 2026,11.75,bottom,p90,9.136985517227995,5.665872207157653,10.06750381300512,3.1461332377939315,0.9305182957771261,-2.519738969363722,0.7919304644911711,-2.144458697330827,435,470,419,383,-3.450257265140848
recovery_on,Nov 2014 to Aug 2026,11.75,middle,p10,38.51090714896194,40.45044671281636,30.772206208072934,34.23019350166051,-7.738700940889009,-6.220253211155846,-6.5861284603310715,-5.293832520132636,466,409,369,248,1.5184477297331629
recovery_on,Nov 2014 to Aug 2026,11.75,middle,p25,37.57681784856947,46.01024699542223,32.49594893749863,38.53876157357219,-5.080868911070841,-7.471485421850038,-4.324143754102844,-6.358710997319181,492,301,351,306,-2.3906165107791972
recovery_on,Nov 2014 to Aug 2026,11.75,middle,p50,37.77943670266787,43.03582484128625,36.065705231612796,40.365331344972105,-1.7137314710550744,-2.6704934963141467,-1.4584948689830421,-2.2727604223950184,542,489,321,253,-0.9567620252590723
recovery_on,Nov 2014 to Aug 2026,11.75,middle,p75,33.43319396737248,32.760183129827084,35.57483303947069,34.43366428736101,2.141639072098206,1.6734811575339292,1.8226715507218776,1.4242392830075992,539,486,388,368,-0.4681579145642769
recovery_on,Nov 2014 to Aug 2026,11.75,middle,p90,20.144830146893625,19.22098728621525,29.660035323140406,26.78041833831116,9.51520517624678,7.559431052095911,8.098046958507899,6.4335583422092855,435,470,419,383,-1.95577412415087
recovery_on,Nov 2014 to Aug 2026,11.75,top,p10,9.144822144123149,7.826236804124653,9.590565460038164,13.870807440020489,0.4457433159150148,6.044570635895835,0.3793560135446935,5.144315434804966,466,409,369,248,5.5988273199808205
recovery_on,Nov 2014 to Aug 2026,11.75,top,p25,14.916476452300001,14.359714107349344,14.042654214212478,15.674177035664894,-0.8738222380875238,1.3144629283155491,-0.7436785005000203,1.1186918538855737,492,301,351,306,2.188285166403073
recovery_on,Nov 2014 to Aug 2026,11.75,top,p50,23.787946946423155,30.370575080180856,26.178504647067268,34.4851909734115,2.3905577006441137,4.114615893230644,2.0345171920375433,3.5018007601962924,542,489,321,253,1.7240581925865301
recovery_on,Nov 2014 to Aug 2026,11.75,top,p75,44.37576748137899,53.27788745663599,45.41191056886849,55.02759182678524,1.0361430874894995,1.749704370149252,0.8818239042463826,1.4891101022546827,539,486,388,368,0.7135612826597526
recovery_on,Nov 2014 to Aug 2026,11.75,top,p90,70.71818433587839,75.11314050662709,60.27246086385447,70.0734484238949,-10.445723472023916,-5.039692082732195,-8.889977422999078,-4.289099644878464,435,470,419,383,5.406031389291721
