period_chr,period_label_chr,percentile_chr,start_gap_usd_num,end_gap_usd_num,start_ratio_pct_num,end_ratio_pct_num
stagnations,Dec 1982 to Oct 2014,p10,0.8140672980788004,1.1649797516517015,92.19318388111505,90.17712865608561
stagnations,Dec 1982 to Oct 2014,p25,3.3769068918746346,2.427675491284175,76.6817921316863,84.54421917105931
stagnations,Dec 1982 to Oct 2014,p50,8.126836085643976,4.16316917147191,64.65849396937892,82.70097656161057
stagnations,Dec 1982 to Oct 2014,p75,11.327406066803231,6.834043000384007,65.45258871625259,82.29360988788102
stagnations,Dec 1982 to Oct 2014,p90,14.430194487431137,12.031772810697653,66.73435636513162,79.85627674417009
recovery_on,Nov 2014 to Aug 2026,p10,1.136278516655846,1.247445091305993,90.41043816010074,91.83555064005594
recovery_on,Nov 2014 to Aug 2026,p25,2.4481236397534136,2.024515305098763,84.42246788119084,89.7703226379835
recovery_on,Nov 2014 to Aug 2026,p50,4.149276751731481,4.3301399738895405,82.73588235538531,84.7592411578164
recovery_on,Nov 2014 to Aug 2026,p75,6.630709970859996,7.964099208955474,82.747652923886207,82.56490990945467
recovery_on,Nov 2014 to Aug 2026,p90,11.97431969785606,14.71903526597066,79.95842424574863,79.78760185815833
