year_int,month_int,date_dt,month_idx_int,window_n_int,era_slug_chr,covid_flag_int,bottom,middle,top,bottom_level_num,middle_level_num,top_level_num
1982,1,1982-01-01,23784,1,NA,0,101.53623061491737,99.52460659754055,98.30920830202497,14.64609034729665,17.57530841675598,23.43374455567464
1982,2,1982-02-01,23785,2,NA,0,102.09249495565872,100.61559291397995,98.9274299826997,14.72632867938892,17.76796852007516,23.58110866524212
1982,3,1982-03-01,23786,3,NA,0,101.71903492422369,100.86738866937945,98.96807892387689,14.672458949063339,17.81243378560564,23.590798061794658
1982,4,1982-04-01,23787,4,NA,0,101.5197177228367,101.14039261293175,99.64703795087027,14.64370844570503,17.860644260089856,23.75263999580202
1982,5,1982-05-01,23788,5,NA,0,101.2809732281363,101.39946998088072,99.50938307018427,14.609270753679972,17.90639540446682,23.719827511940615
1982,6,1982-06-01,23789,6,NA,0,101.00136996357148,101.44921518505112,100.02337986036056,14.568939389698713,17.91518003909577,23.84234776911148
1982,7,1982-07-01,23790,7,NA,0,100.71780228445324,100.88223777938565,100.0006141690145,14.52803617886661,17.81505602845588,23.836921162541746
1982,8,1982-08-01,23791,8,NA,0,100.46698672986442,100.59038208629346,99.82062824972758,14.491857297192864,17.763516474624495,23.794018324353583
1982,9,1982-09-01,23792,9,NA,0,100.24159845730041,100.35794096166224,99.76068833049858,14.459346173003974,17.722469093541633,23.77973058081297
1982,10,1982-10-01,23793,10,NA,0,100.49576370932087,100.28489795575247,99.78893336999661,14.496008231676932,17.709570239675852,23.786463287260247
1982,11,1982-11-01,23794,11,NA,0,100.2320460441405,100.04575046571946,99.92108663548177,14.457968285472326,17.667338564132336,23.817964363497822
1982,12,1982-12-01,23795,12,stagnation1,0,100,100,100,14.424496811234683,17.65925937072762,23.836774764457086
1983,1,1983-01-01,23796,12,stagnation1,0,99.94491070773941,99.95920680884488,100.12274775689313,14.41655045802922,17.65205559529594,23.866033870796127
1983,2,1983-02-01,23797,12,stagnation1,0,99.86354398186394,99.7225836071825,100.28094733625845,14.404813717249908,17.610269690383063,23.903743548207753
1983,3,1983-03-01,23798,12,stagnation1,0,99.91104062024628,99.50336954502455,100.38694029612363,14.411664868338814,17.571558110569484,23.929008851317
1983,4,1983-04-01,23799,12,stagnation1,0,99.92431415372279,99.1977613140979,100.38453665891902,14.41357950875187,17.517589960411854,23.92843590173038
1983,5,1983-05-01,23800,12,stagnation1,0,99.94744611899515,98.92733621546434,100.60950842316457,14.416916178344957,17.469834890840605,23.982061914457216
1983,6,1983-06-01,23801,12,stagnation1,0,99.82430738950539,98.59003232801716,100.5001176641266,14.399154036236315,17.41026952248876,23.95598668561221
1983,7,1983-07-01,23802,12,stagnation1,0,99.89435236080251,98.55848185748712,100.42688831531473,14.409257670887495,17.404697943065177,23.93853117067444
1983,8,1983-08-01,23803,12,stagnation1,0,100.1122575416405,98.45516187181262,100.57044247189624,14.440689396748986,17.38645239881312,23.972749851643794
1983,9,1983-09-01,23804,12,stagnation1,0,100.32336779129015,98.34041430589797,100.62473658721117,14.47114098797789,17.366188828526653,23.98569181762177
1983,10,1983-10-01,23805,12,stagnation1,0,100.07966748975194,98.05375127274972,100.60143784656073,14.43598844575354,17.315566259983008,23.98013814928997
1983,11,1983-11-01,23806,12,stagnation1,0,100.17815860769836,97.9201781309142,100.59818975241184,14.450195293921075,17.291978232416643,23.97936390840356
1983,12,1983-12-01,23807,12,stagnation1,0,100.3000821756956,97.94866699996552,100.7268884505232,14.467782155098977,17.297009155694205,24.010041527197156
1984,1,1984-01-01,23808,12,stagnation1,0,100.47512542526219,97.97959377606239,100.90911354065332,14.493031263050995,17.302470595300154,24.053478111495803
1984,2,1984-02-01,23809,12,stagnation1,0,100.29391647082704,97.96916005256192,100.89606324806836,14.466892783196823,17.300628077005182,24.05036734264622
1984,3,1984-03-01,23810,12,stagnation1,0,100.5444439094651,98.10642472854245,101.27616513317003,14.503030105594437,17.324868002160972,24.14097137287336
1984,4,1984-04-01,23811,12,stagnation1,0,100.67037837135369,98.21159249854114,101.41882804760344,14.521195518033803,17.343439851439452,24.174977610459262
1984,5,1984-05-01,23812,12,stagnation1,0,100.73991575242327,98.2049687394964,101.5410286955791,14.5312259353488,17.34227014464965,24.20410630367793
1984,6,1984-06-01,23813,12,stagnation1,0,100.74521365604474,98.33840859746896,101.8047640945669,14.531990131287742,17.365834635272954,24.26697231670879
1984,7,1984-07-01,23814,12,stagnation1,0,100.83187053541535,98.36321211426748,101.75234068123973,14.544489950089272,17.37021475263747,24.254476265750156
1984,8,1984-08-01,23815,12,stagnation1,0,100.77036514686688,98.65725248870504,101.78800440716364,14.535618107279358,17.422140105014055,24.262977347771248
1984,9,1984-09-01,23816,12,stagnation1,0,100.8640204073939,98.74277449758402,101.93363278527848,14.549127407347632,17.437242658381052,24.297690456255616
1984,10,1984-10-01,23817,12,stagnation1,0,101.08354843776183,98.88687535367934,102.23421749562091,14.580793221087822,17.46268980231436,24.369340156636333
1984,11,1984-11-01,23818,12,stagnation1,0,101.2674881471962,99.18074635502491,102.46636953455871,14.607325598609778,17.51458524465733,24.424677715269034
1984,12,1984-12-01,23819,12,stagnation1,0,101.42501558289003,99.19743689934116,102.7386274083528,14.630048138548252,17.51753267116852,24.48957521142383
1985,1,1985-01-01,23820,12,stagnation1,0,101.49460408800739,99.33164489887581,103.11790927721727,14.640085930249894,17.541232809902613,24.57998377622748
1985,2,1985-02-01,23821,12,stagnation1,0,101.73915706489878,99.42114969190953,103.37702408390874,14.67536146660337,17.55703869345367,24.64174838907988
1985,3,1985-03-01,23822,12,stagnation1,0,101.55085387568407,99.4629233393896,103.48316199749138,14.64819967907964,17.56441561021079,24.66704824448027
1985,4,1985-04-01,23823,12,stagnation1,0,101.56644215018311,99.68367291783314,103.88308291332719,14.650448209237682,17.60339835082792,24.762376492424004
1985,5,1985-05-01,23824,12,stagnation1,0,101.7620011909218,99.92120847799134,104.2818880049778,14.678656616833115,17.645345371493967,24.85743876386995
1985,6,1985-06-01,23825,12,stagnation1,0,101.91581127580162,100.12396904503184,104.54621443631757,14.700842947621961,17.68115138592921,24.920445659951337
1985,7,1985-07-01,23826,12,stagnation1,0,101.82356551960603,100.15842188938673,105.27811674740221,14.687536961461031,17.687235503074433,25.094907565340442
1985,8,1985-08-01,23827,12,stagnation1,0,101.8254165810212,100.18051963924638,105.80216193357246,14.687803967755835,17.691137802037243,25.21982303603182
1985,9,1985-09-01,23828,12,stagnation1,0,102.14352183887341,100.41244982555486,106.2304422553323,14.733689050531098,17.732094955196466,25.321911251690207
1985,10,1985-10-01,23829,12,stagnation1,0,101.99423942690026,100.64964377272109,106.50306461348426,14.712155813776297,17.77398164953822,25.386895629160442
1985,11,1985-11-01,23830,12,stagnation1,0,102.21832109320603,100.72405824163619,106.69833554693754,14.74447846658713,17.787122693613284,25.433441921748155
1985,12,1985-12-01,23831,12,stagnation1,0,102.35581025756231,100.73206115915865,106.72314421453162,14.764310586715498,17.788535949575802,25.439355507964617
1986,1,1986-01-01,23832,12,stagnation1,0,102.42128107498964,100.62035616650516,106.63743722181427,14.77375442268759,17.76880967519307,25.41892572515319
1986,2,1986-02-01,23833,12,stagnation1,0,102.38369718902537,100.60871383771725,106.72868390473376,14.768333136255137,17.76675372615562,25.44067599144075
1986,3,1986-03-01,23834,12,stagnation1,0,102.59515156521144,100.52591312784952,106.69263445110107,14.798834366005313,17.752131734039274,25.43208296437451
1986,4,1986-04-01,23835,12,stagnation1,0,102.78358611901895,100.74783215879032,106.50710542993518,14.826015102210542,17.791320991306115,25.38785882947649
1986,5,1986-05-01,23836,12,stagnation1,0,102.87226187021044,100.5774326122092,106.3267640504931,14.838806133113497,17.76122969340881,25.344871261051768
1986,6,1986-06-01,23837,12,stagnation1,0,103.24096186385165,100.49398680819161,106.13811289943482,14.891989251939297,17.746493782443356,25.29990291108345
1986,7,1986-07-01,23838,12,stagnation1,0,103.59886722213798,100.63628247052415,105.98709785657846,14.943615298932546,17.771622142527956,25.263905795457333
1986,8,1986-08-01,23839,12,stagnation1,0,103.90654099917398,100.66322752027448,105.83671151274315,14.98799569309011,17.776380438750937,25.228058541400806
1986,9,1986-09-01,23840,12,stagnation1,0,103.7439155750262,100.56722281590676,105.67269394358615,14.964537793969654,17.75942671899854,25.188962042866713
1986,10,1986-10-01,23841,12,stagnation1,0,104.00007231019694,100.70580435844954,105.94396097030332,15.001487114066121,17.783899193036124,25.253623353035525
1986,11,1986-11-01,23842,12,stagnation1,0,103.99320215548289,100.67723568690832,105.78934767373114,15.000496128818467,17.778854177229892,25.216768529775713
1986,12,1986-12-01,23843,12,stagnation1,0,104.07631925943431,101.13462647618383,105.65239040098257,15.012485352827529,17.85962600304587,25.184122333147094
1987,1,1987-01-01,23844,12,stagnation1,0,103.94026776363158,101.41380985600442,105.94786252426182,14.99286060915383,17.908927720208354,25.254553357664925
1987,2,1987-02-01,23845,12,stagnation1,0,103.992138140985,101.54658591857472,105.99073218659571,15.000342650081148,17.932374989479882,25.264772102517743
1987,3,1987-03-01,23846,12,stagnation1,0,103.78434878245993,101.90582272839487,106.39550191082682,14.970370080686614,17.99581354948115,25.361256149997423
1987,4,1987-04-01,23847,12,stagnation1,0,103.84163681798968,101.84164174887006,106.56435647213698,14.97863359154482,17.98447966384019,25.40150563145644
1987,5,1987-05-01,23848,12,stagnation1,0,103.57872647356602,102.16794559509005,106.88799150468459,14.940710097297023,18.04210250638084,25.47864978522369
1987,6,1987-06-01,23849,12,stagnation1,0,103.31629556650856,102.39772437820797,107.15548841598421,14.902855759476827,18.08267973767053,25.542412421472058
1987,7,1987-07-01,23850,12,stagnation1,0,103.06560149381978,102.7045225090966,107.21319638194923,14.866694400955879,18.136858015348704,25.556168139340294
1987,8,1987-08-01,23851,12,stagnation1,0,102.76360047542298,102.81877291817173,107.35396190998789,14.823132273687335,18.157033791419394,25.589722101204867
1987,9,1987-09-01,23852,12,stagnation1,0,102.81021141783025,103.04137319557088,107.73830149887058,14.829855667588559,18.19634335176527,25.681336263337474
1987,10,1987-10-01,23853,12,stagnation1,0,102.84474718906927,103.01635919027072,107.82741549104193,14.834837278809665,18.191926063690307,25.702578164934977
1987,11,1987-11-01,23854,12,stagnation1,0,102.87832295871719,103.16679088677962,108.35073602808313,14.83968041463188,18.2184911871526,25.827320902645635
1987,12,1987-12-01,23855,12,stagnation1,0,102.56175969259644,102.84357052070627,108.68472885987354,14.79401775640475,18.16141286436869,25.906934021688944
1988,1,1988-01-01,23856,12,stagnation1,0,102.59814329865704,102.79410876016257,108.73368723164543,14.799265908500773,18.15267828378495,25.918604118496553
1988,2,1988-02-01,23857,12,stagnation1,0,102.65172691319795,102.83340829200905,109.09666517546337,14.806995075271573,18.159618290045202,26.005126353409096
1988,3,1988-03-01,23858,12,stagnation1,0,102.6984830967412,102.55417454158477,109.01376539714425,14.813739419475823,18.11030767780717,25.985365719970932
1988,4,1988-04-01,23859,12,stagnation1,0,102.4208146470288,102.29921278269089,109.10458232085338,14.773687142801254,18.06528331950793,26.007013545523485
1988,5,1988-05-01,23860,12,stagnation1,0,102.45458732360191,102.2641981638039,109.23633614676869,14.77855868145661,18.059099997141004,26.038419408250476
1988,6,1988-06-01,23861,12,stagnation1,0,102.484279656395,102.22531190766634,109.30375738258286,14.78284165105353,18.052232972310108,26.05449045637491
1988,7,1988-07-01,23862,12,stagnation1,0,102.49249032286446,101.88935334019283,109.65250635609542,14.784025998376599,17.99290517750178,26.137620963684455
1988,8,1988-08-01,23863,12,stagnation1,0,102.50896339711743,101.76060318791824,109.6985533518833,14.78640215644693,17.9701688541714,26.148597082356215
1988,9,1988-09-01,23864,12,stagnation1,0,102.49907259508419,101.813383113122,109.68873480062328,14.784975458023041,17.97948939805881,26.146256656407225
1988,10,1988-10-01,23865,12,stagnation1,0,102.28830732948732,101.91192377179169,109.6681704352613,14.754573629007831,17.996890948558914,26.141354774954152
1988,11,1988-11-01,23866,12,stagnation1,0,102.140877838394,101.91147305327284,109.70124170795175,14.733307666766256,17.99681135500664,26.149237899737113
1988,12,1988-12-01,23867,12,stagnation1,0,102.19626040504399,102.07098574395584,109.70605107169582,14.741296323326663,18.024980114783578,26.15038429694039
1989,1,1989-01-01,23868,12,stagnation1,0,102.16041101761141,101.94575609459486,109.55780107301206,14.736125229579601,18.00286548619387,26.115046278665833
1989,2,1989-02-01,23869,12,stagnation1,0,101.99048138676118,102.05448673626846,109.54127603240843,14.711613735396268,18.022066512222466,26.111107241957413
1989,3,1989-03-01,23870,12,stagnation1,0,101.8318006455122,102.21589227106001,109.69021202938504,14.688724836934767,18.050569534250016,26.14660878009992
1989,4,1989-04-01,23871,12,stagnation1,0,101.76311023205392,102.30553679963664,109.79041600773441,14.678816590435853,18.066400094063027,26.170494176724088
1989,5,1989-05-01,23872,12,stagnation1,0,101.68837041691522,102.16624773470998,109.55197732292962,14.668035748184447,18.04180267681257,26.113658084475837
1989,6,1989-06-01,23873,12,stagnation1,0,101.63129584396023,102.04498976966295,109.83876832864988,14.65980302822853,18.020389418257245,26.1820198105541
1989,7,1989-07-01,23874,12,stagnation1,0,101.59512274020217,102.17832817688767,109.86970765196271,14.654585240030423,18.04393599342986,26.189394747365824
1989,8,1989-08-01,23875,12,stagnation1,0,101.58283491319821,102.17949667312249,109.94258212805923,14.652812782816069,18.0441423412107,26.20676567209373
1989,9,1989-09-01,23876,12,stagnation1,0,101.47280870891043,102.00917552341022,110.15256735669573,14.636942056487054,18.014064887619806,26.25681937808244
1989,10,1989-10-01,23877,12,stagnation1,0,101.34386607109778,101.78733706701028,110.24627966747053,14.618342729807445,17.974889859220124,26.2791573705284
1989,11,1989-11-01,23878,12,stagnation1,0,101.14983128703886,101.66231246932597,110.28353994524464,14.590354188568183,17.95281144123784,26.288039019018022
1989,12,1989-12-01,23879,12,stagnation1,0,101.53787899619515,101.36881397407701,110.52347197321544,14.6463281180015,17.900981780712645,26.34523107611322
1990,1,1990-01-01,23880,12,stagnation1,0,101.5247775690997,101.24002333893193,110.73983839413816,14.64443830306789,17.87823830840717,26.396805852534484
1990,2,1990-02-01,23881,12,stagnation1,0,101.76607119016168,101.10472866261922,111.01358122759855,14.679243693743688,17.85434627060232,26.46205731518028
1990,3,1990-03-01,23882,12,stagnation1,0,101.77292255695404,100.88178310894945,111.24153386749452,14.680231968928178,17.81497573702427,26.516393872521917
1990,4,1990-04-01,23883,12,stagnation1,0,101.83906390380415,100.7748678686013,111.33160273759489,14.689772525395478,17.796095297424355,26.537863386220632
1990,5,1990-05-01,23884,12,stagnation1,0,101.85426738180331,100.7715257406937,111.70969705827056,14.691965550594666,17.79550510238865,26.627988877837296
1990,6,1990-06-01,23885,12,stagnation1,0,101.78838337125508,100.76010062379284,111.73470550422955,14.682462113594022,17.793487511361718,26.633950084772632
1990,7,1990-07-01,23886,12,stagnation1,0,101.9084681104036,100.48562697068803,111.54692802193912,14.699783732963281,17.745017497055628,26.589189989260692
1990,8,1990-08-01,23887,12,stagnation1,0,101.84983586603555,100.26762227913905,111.86182735049177,14.691326326744056,17.706519483134638,26.66425183294258
1990,9,1990-09-01,23888,12,stagnation1,0,101.70379100762696,100.20199908988666,111.6832682329806,14.670260090799935,17.694930913937213,26.621689098280036
1990,10,1990-10-01,23889,12,stagnation1,0,101.72043665467775,100.03853959259816,111.59393228961437,14.672661141627989,17.66606517734495,26.600394290676125
1990,11,1990-11-01,23890,12,stagnation1,0,101.90309782467645,99.9658809481654,111.51318953853483,14.699009096269814,17.653234198869317,26.58114782296267
1990,12,1990-12-01,23891,12,stagnation1,0,101.6792667108484,99.82677162369542,111.45071004070094,14.666722584393135,17.628668522452298,26.56625472579004
1991,1,1991-01-01,23892,12,stagnation1,0,101.66356574084554,99.96696460028926,111.51566990454968,14.66445779847574,17.653425563808547,26.581739062222965
1991,2,1991-02-01,23893,12,stagnation1,0,101.47538378681878,99.93308173803972,111.23277913447605,14.63731349851783,17.647442101281673,26.514307026531075
1991,3,1991-03-01,23894,12,stagnation1,0,101.53801868513716,100.19433516148797,110.89293143698728,14.646348267428486,17.693577520943304,26.433298296338485
1991,4,1991-04-01,23895,12,stagnation1,0,101.47750381863047,100.192866597452,110.76729063409802,14.637619302438905,17.69331818341117,26.403349581141516
1991,5,1991-05-01,23896,12,stagnation1,0,101.46377506849942,100.2612904368266,110.47491241989835,14.635638999314027,17.705401326677737,26.333656044762396
1991,6,1991-06-01,23897,12,stagnation1,0,101.53530435622709,100.16501244552263,110.14822766599913,14.645956739141408,17.688399346476444,26.255784935785616
1991,7,1991-07-01,23898,12,stagnation1,0,101.42770931206775,100.50367433574048,110.24292792647019,14.630436695427594,17.748204528059823,26.27835842357546
1991,8,1991-08-01,23899,12,stagnation1,0,101.48030487021572,100.60267299819407,109.96616067724793,14.638023340035499,17.765686958636053,26.212386037756563
1991,9,1991-09-01,23900,12,stagnation1,0,101.49497966994883,100.66633529225568,110.19887471069141,14.640140106055059,17.77692924826575,26.26785755775377
1991,10,1991-10-01,23901,12,stagnation1,0,101.479220480275,100.96174979606387,110.34468524275253,14.63786692224308,17.829097261711983,26.30261408586404
1991,11,1991-11-01,23902,12,stagnation1,0,101.29726743297147,100.92302656034423,110.35363278199111,14.611621110736836,17.822259025079514,26.3047468906393
1991,12,1991-12-01,23903,12,stagnation1,0,101.0781550331689,101.02357286824706,110.11685981972369,14.580015249614295,17.840014758379766,26.24830785292048
1992,1,1992-01-01,23904,12,stagnation1,0,101.05639717640103,101.06906354019412,110.03957554185693,14.576876788258623,17.848048074128386,26.229885773677047
1992,2,1992-02-01,23905,12,stagnation1,0,101.01046506052387,101.09737978158293,109.90047738697263,14.570251311668589,17.853048512639276,26.196729259795756
1992,3,1992-03-01,23906,12,stagnation1,0,100.95437344330695,100.94303596102341,110.00547560077781,14.562160378131765,17.82579253704398,26.221757447527203
1992,4,1992-04-01,23907,12,stagnation1,0,101.3024429295976,101.18537467420853,110.10208999340317,14.612367650082641,17.868587758961024,26.244787202687355
1992,5,1992-05-01,23908,12,stagnation1,0,101.38018272161824,101.03393256192011,110.06626360422378,14.623581223903718,17.841844203555503,26.236247346992428
1992,6,1992-06-01,23909,12,stagnation1,0,101.39847947359786,100.88658794405916,110.11872064297492,14.626220438309577,17.81582423531863,26.248751413167643
1992,7,1992-07-01,23910,12,stagnation1,0,101.16858315980832,100.77449087466833,110.05781902417861,14.593059051857859,17.796028723087918,26.234234431467257
1992,8,1992-08-01,23911,12,stagnation1,0,101.35564496574952,100.84998422573112,109.81870911008583,14.620041776090886,17.809360289759752,26.177238339805477
1992,9,1992-09-01,23912,12,stagnation1,0,101.41135369806604,100.81393649413513,109.74639871224146,14.628077480407459,17.80299452733995,26.160001873140025
1992,10,1992-10-01,23913,12,stagnation1,0,101.36648153326372,100.63776172587752,109.43007472935984,14.621604896426419,17.771883368067563,26.08460043781458
1992,11,1992-11-01,23914,12,stagnation1,0,101.60162070763369,100.65944274169229,109.31456580421903,14.655522539135378,17.7757120748845,26.057066835495917
1992,12,1992-12-01,23915,12,stagnation1,0,101.79632782954369,100.78671943041338,109.1448690506263,14.683608061726531,17.79818819546423,26.01661660255942
1993,1,1993-01-01,23916,12,stagnation1,0,101.91777645892704,100.71450706305129,109.3869616583847,14.701126415399221,17.78543602621402,26.074323672192193
1993,2,1993-02-01,23917,12,stagnation1,0,101.85040682893438,100.73577061916416,109.65685886651114,14.691408685269192,17.78919101273943,26.13865846178885
1993,3,1993-03-01,23918,12,stagnation1,0,102.04225686087378,100.73604245439057,109.73830914016243,14.719082087008642,17.78923901682712,26.15807358006414
1993,4,1993-04-01,23919,12,stagnation1,0,101.70775404260031,100.5767227035609,109.76784877365576,14.670831738653296,17.761104328799316,26.165114875966193
1993,5,1993-05-01,23920,12,stagnation1,0,101.76667236030201,100.58651921340778,109.9101811411281,14.67933040951141,17.762834319882455,26.199042321817497
1993,6,1993-06-01,23921,12,stagnation1,0,101.89635066580806,100.78064592266371,109.9764731227896,14.698035852553994,17.797115658977816,26.214844192173043
1993,7,1993-07-01,23922,12,stagnation1,0,101.93154199154901,100.81657729691311,110.11933247348307,14.703112024213327,17.803460873551984,26.248897253827806
1993,8,1993-08-01,23923,12,stagnation1,0,101.89695522771831,100.79265924543306,110.48218985952836,14.698123057567459,17.799237122804698,26.335390751655623
1993,9,1993-09-01,23924,12,stagnation1,0,101.91405455240994,100.77326609413322,110.51251385906306,14.700589549112346,17.795812435916503,26.342619015124285
1993,10,1993-10-01,23925,12,stagnation1,0,102.1200992290538,100.76665427947796,110.80945061036685,14.73031045692456,17.79464483841742,26.413399159725465
1993,11,1993-11-01,23926,12,stagnation1,0,102.04836776909485,100.8079956286455,111.05716725668499,14.719963554770128,17.80194541449427,26.47244681876239
1993,12,1993-12-01,23927,12,stagnation1,0,102.03588930914381,100.6932133219931,111.38302093612135,14.7181635997124,17.78167570925082,26.550119826391327
1994,1,1994-01-01,23928,12,stagnation1,0,101.86814024850356,100.96008698706108,111.53313234888478,14.693966641809471,17.82880362195734,26.58590154574749
1994,2,1994-02-01,23929,12,stagnation1,0,101.66529404778446,100.82446681936494,111.62169570744047,14.664707098055032,17.804854104784866,26.60701219405025
1994,3,1994-03-01,23930,12,stagnation1,0,101.48538650981027,100.64812358865431,111.7915127088999,14.638756340976775,17.773713196290956,26.647491090199885
1994,4,1994-04-01,23931,12,stagnation1,0,101.22428218267304,100.61191924818071,111.93444762252906,14.60109335563487,17.76731977790326,26.681562163621443
1994,5,1994-05-01,23932,12,stagnation1,0,100.91439466270998,100.46221094527097,112.14751398019834,14.556393640199383,17.740882400392913,26.7323503113979
1994,6,1994-06-01,23933,12,stagnation1,0,100.74411080929251,100.29530073579551,112.41607587379303,14.531831051193134,17.711407293585417,26.796366805077227
1994,7,1994-07-01,23934,12,stagnation1,0,100.90332412396921,100.11593707431828,112.43312471667836,14.554796770691734,17.67973299938832,26.80043069935575
1994,8,1994-08-01,23935,12,stagnation1,0,100.71568308454651,100.1139548991966,112.51207256648195,14.52773049494364,17.679382961942398,26.819249320494812
1994,9,1994-09-01,23936,12,stagnation1,0,100.52767819903042,100.04326193968464,112.60258715346099,14.500611736227405,17.66689910886534,26.840825078721988
1994,10,1994-10-01,23937,12,stagnation1,0,100.35228877340481,100.08053860685096,112.65400149374408,14.475312694120795,17.673481892205004,26.853080599211896
1994,11,1994-11-01,23938,12,stagnation1,0,100.17718273736241,99.96853144243502,112.68450901996171,14.450054529535583,17.653702256526994,26.8603526095226
1994,12,1994-12-01,23939,12,stagnation1,0,99.99868190963367,99.98406364493724,113.17523630001989,14.424306683331823,17.656445128452848,26.977326165977814
1995,1,1995-01-01,23940,12,stagnation1,0,99.80619433348434,99.83418451286201,112.95780470321891,14.39654131904814,17.629977583777087,26.925497485981605
1995,2,1995-02-01,23941,12,stagnation1,0,100.1241845367862,99.85041033678213,113.18381413516094,14.442409805783454,17.63284294410818,26.979370845220053
1995,3,1995-03-01,23942,12,stagnation1,0,99.94463643498047,100.12430361920947,113.25716793578091,14.416510895563855,17.681210469251024,26.99685602545501
1995,4,1995-04-01,23943,12,stagnation1,0,99.96218507445498,100.08975062454746,113.14320474465266,14.419042198505268,17.675108666303306,26.96969087627138
1995,5,1995-05-01,23944,12,stagnation1,0,100.24389254239539,100.35887587135207,113.6660141238869,14.459677083235345,17.722634191668643,27.094311770446897
1995,6,1995-06-01,23945,12,stagnation1,0,100.06467916729027,100.54266861543601,113.96095404981088,14.433826455658,17.755090629051004,27.164615936279855
1995,7,1995-07-01,23946,12,stagnation1,0,99.94534554854812,100.60629439709417,114.03856012731401,14.416613181627808,17.766326470860673,27.183114722177805
1995,8,1995-08-01,23947,12,stagnation1,0,99.78381556032666,100.71208053635743,114.02458484128977,14.393313293627616,17.78500751957145,27.17978346472552
1995,9,1995-09-01,23948,12,stagnation1,0,99.966958339548,100.99219007742433,114.1764224922482,14.419730717976405,17.834472789950606,27.215976663592123
1995,10,1995-10-01,23949,12,stagnation1,0,100.215677702474,101.28821423778943,114.25359856011846,14.45560723455059,17.8867484642295,27.234372949062422
1995,11,1995-11-01,23950,12,stagnation1,0,100.61108586431489,101.5272366950961,114.34890150865841,14.51264287224669,17.92895805991957,27.257090098249776
1995,12,1995-12-01,23951,12,stagnation1,0,100.45185295102172,101.51348069000878,114.19075928682325,14.48967432574628,17.92652885130215,27.21939409302342
1996,1,1996-01-01,23952,12,stagnation1,0,100.39977084941529,101.46677978005042,114.65239335222874,14.482161744660836,17.918281816484114,27.329432765430134
1996,2,1996-02-01,23953,12,stagnation1,0,100.57024529423451,101.61994532476434,114.78788130100001,14.506751825517757,17.945329717291735,27.361728722611723
1996,3,1996-03-01,23954,12,stagnation1,0,100.67220319324515,101.65785448139732,114.64512482011028,14.521458739409347,17.952024193586805,27.327700181800374
1996,4,1996-04-01,23955,12,stagnation1,0,100.64978674800211,101.76954159683895,114.8771403149753,14.518225279980072,17.971747310986327,27.383005192729993
1996,5,1996-05-01,23956,12,stagnation1,0,100.43051781153297,101.79672854863031,114.40948075278023,14.486596839231051,17.97654832531816,27.271530236225104
1996,6,1996-06-01,23957,12,stagnation1,0,100.53558972021733,102.01403540908346,114.20195325523353,14.501752933348731,18.014923107435965,27.222062374060584
1996,7,1996-07-01,23958,12,stagnation1,0,100.85759165662557,102.16241416774282,114.24377783010516,14.548200092398053,18.041125697278687,27.232032003768925
1996,8,1996-08-01,23959,12,stagnation1,0,101.2328472177336,102.30284596497759,114.49054383689558,14.602328818844061,18.06592491259135,27.290853061002803
1996,9,1996-09-01,23960,12,itboom,0,101.2485366135459,102.45292428798992,114.60638225882514,14.60459193524271,18.092427632911335,27.318465204728856
1996,10,1996-10-01,23961,12,itboom,0,101.18702491233654,102.34860199781444,114.78362158411039,14.595719181863227,18.074005089107764,27.360713343491142
1996,11,1996-11-01,23962,12,itboom,0,100.97950260781622,102.5813268108691,114.94342384901803,14.565785133665091,18.11510256746513,27.398805049445677
1996,12,1996-12-01,23963,12,itboom,0,101.322108118919,102.71438006728833,114.87158438222235,14.615204254689228,18.1385987871174,27.381680837553603
1997,1,1997-01-01,23964,12,itboom,0,101.56335715861171,102.90756964060616,114.70745296328575,14.650003214726837,18.172714634946797,27.34255720090398
1997,2,1997-02-01,23965,12,itboom,0,101.36696479956979,103.04722441149119,114.80397546323425,14.621674605159326,18.197376633160978,27.36556505181373
1997,3,1997-03-01,23966,12,itboom,0,101.45751271033714,103.09339827514677,115.05663599826468,14.634735685660603,18.205530595505405,27.425791174467605
1997,4,1997-04-01,23967,12,itboom,0,101.68578515232717,103.19189616140264,115.09974340551564,14.667662836776383,18.222924592714012,27.43606659004081
1997,5,1997-05-01,23968,12,itboom,0,101.81122221424609,103.27079111449281,115.19738256020892,14.685756501772984,18.23685685711062,27.459340615426967
1997,6,1997-06-01,23969,12,itboom,0,101.92572931848032,103.25390944600002,115.38323799193319,14.702273575371887,18.233875679485372,27.503642556074592
1997,7,1997-07-01,23970,12,itboom,0,101.78479441719273,103.44686165055661,115.85491630093438,14.681944425029743,18.267949609749557,27.616075452204004
1997,8,1997-08-01,23971,12,itboom,0,101.64532163379567,103.43565666088874,116.23570525188292,14.661826177836094,18.265970891561643,27.70684325676955
1997,9,1997-09-01,23972,12,itboom,0,101.53782088579685,103.29720549228796,116.5269856840896,14.64631973586895,18.241521440596628,27.776275117327593
1997,10,1997-10-01,23973,12,itboom,0,101.41701779616457,103.30429866541837,116.63417098643885,14.628894498057068,18.242774042437343,27.80182463642918
1997,11,1997-11-01,23974,12,itboom,0,101.31086256527728,103.23019886295657,116.8185456851041,14.613582140162773,18.229688566127415,27.845773618072666
1997,12,1997-12-01,23975,12,itboom,0,101.29695106610399,103.35044364695224,117.19960738388963,14.611575476408127,18.250922904412985,27.936606436925786
1998,1,1998-01-01,23976,12,itboom,0,101.36667939477998,103.48052999751357,117.52521841588133,14.621633436954522,18.273895190464522,28.014221605229874
1998,2,1998-02-01,23977,12,itboom,0,101.56350044351981,103.43927425599945,117.90336475905828,14.650023882853839,18.266609732065227,28.104359497332993
1998,3,1998-03-01,23978,12,itboom,0,101.92531938581314,103.50865830885216,118.35621668890451,14.702214444647382,18.27886244192041,28.212304791866938
1998,4,1998-04-01,23979,12,itboom,0,102.21459821729296,103.4472695896898,119.0198324740708,14.743941460469767,18.26802164877916,28.370489391878408
1998,5,1998-05-01,23980,12,itboom,0,102.66254155157742,103.50704360801159,119.48231647593249,14.808555032439765,18.27857729771091,28.48073066172383
1998,6,1998-06-01,23981,12,itboom,0,102.8669154636973,103.75636371464729,119.882056810565,14.838034940876494,18.322605382005086,28.576015864932863
1998,7,1998-07-01,23982,12,itboom,0,103.05502364830262,103.90038638491623,120.34025769392562,14.86516859996656,18.348038718900526,28.68523617746829
1998,8,1998-08-01,23983,12,itboom,0,103.4988631367097,104.06432879912846,120.82353474554739,14.929190212818838,18.376989735044894,28.800433839751683
1998,9,1998-09-01,23984,12,itboom,0,103.94000772676078,104.22357963493552,121.29786083125279,14.992823100143692,18.405112253190115,28.91349788045034
1998,10,1998-10-01,23985,12,itboom,0,104.3486498832138,104.1620754314356,122.4354679106359,15.051767674970618,18.394251066370163,29.184666717667408
1998,11,1998-11-01,23986,12,itboom,0,104.93452094101589,104.55725706210585,123.21420171977344,15.136276627021227,18.464037215515695,29.370291741766206
1998,12,1998-12-01,23987,12,itboom,0,105.46405716013922,104.91056513460111,123.92946788014861,15.212659562063005,18.526428804415353,29.540788125381212
1999,1,1999-01-01,23988,12,itboom,0,106.26826884705922,105.46054540281675,124.52405192284651,15.328663051198356,18.623551246467375,29.682517784424515
1999,2,1999-02-01,23989,12,itboom,0,106.65628671608191,105.78038274101756,125.04635227762724,15.384632676342555,18.680032151584687,29.80701734358756
1999,3,1999-03-01,23990,12,itboom,0,106.93334273009198,106.4163612600659,125.57531686420243,15.424596612248772,18.792341247805545,29.93310544067323
1999,4,1999-04-01,23991,12,itboom,0,107.41299138836875,107.14669305532328,125.95755736706836,15.493783517667033,18.92131243379694,30.02421924839991
1999,5,1999-05-01,23992,12,itboom,0,107.32102315547016,107.42927488098161,126.73241185309156,15.480517562845227,18.97121429132448,30.20891956698555
1999,6,1999-06-01,23993,12,itboom,0,107.4600725521965,107.84708046701613,127.26029393589559,15.50057473864206,19.044995663427702,30.334749630085472
1999,7,1999-07-01,23994,12,itboom,0,107.85474749075766,108.14027589268223,127.78291065792261,15.557504612569558,19.09677180410919,30.459324600996442
1999,8,1999-08-01,23995,12,itboom,0,107.9840235464473,108.6140125622915,128.31198104584018,15.5761520331002,19.18043019132974,30.58543791770979
1999,9,1999-09-01,23996,12,itboom,0,108.33221714885453,109.08009491519732,128.58825073517175,15.626377208176352,19.262736882910566,30.651291701298224
1999,10,1999-10-01,23997,12,itboom,0,108.73643376477105,109.76260980232883,128.82525317385526,15.684683421049712,19.38326395707295,30.707785438793486
1999,11,1999-11-01,23998,12,itboom,0,108.95565097051609,109.94640422558426,129.16070885767718,15.716304399902082,19.415720690984557,30.78774725458068
1999,12,1999-12-01,23999,12,itboom,0,109.12743976102661,110.18320771139305,129.46336338994578,15.74108406851133,19.457538432742457,30.859890333751967
2000,1,2000-01-01,24000,12,itboom,0,108.98806964816005,109.98314224954184,129.91774307979807,15.720980631025082,19.42220835392291,30.9681997969975
2000,2,2000-02-01,24001,12,itboom,0,109.0656559853611,110.17386415318306,130.2130298348797,15.732172069760601,19.4558884295637,31.038586635715582
2000,3,2000-03-01,24002,12,itboom,0,109.05914200625735,110.32032825623826,130.3973841281294,15.731232461052496,19.481752905407227,31.08253075336612
2000,4,2000-04-01,24003,12,itboom,0,109.0647265125396,110.10688400889111,130.46916317653796,15.7320379979831,19.444060232156296,31.09964056346334
2000,5,2000-05-01,24004,12,itboom,0,109.3455643206468,110.57966687373936,130.50592376682982,15.772547438658266,19.527550184520205,31.10840310257329
2000,6,2000-06-01,24005,12,itboom,0,109.61908670761436,110.33698924836327,131.1372290335586,15.812001666644415,19.48469511322032,31.25888591707959
2000,7,2000-07-01,24006,12,itboom,0,109.635626107101,110.51169700074847,131.55758226554934,15.814387391795963,19.51554720835479,31.359084570204338
2000,8,2000-08-01,24007,12,itboom,0,109.66914792220072,110.88695735262577,131.7500039456066,15.819222744946089,19.581815407208307,31.40495169267757
2000,9,2000-09-01,24008,12,itboom,0,109.53989043645468,111.29490709462729,131.90210485972813,15.800578003036371,19.65385631025057,31.4412076449914
2000,10,2000-10-01,24009,12,itboom,0,109.52358455523738,111.4770094297339,132.1396665028538,15.798225961720135,19.686014233927196,31.49783467879001
2000,11,2000-11-01,24010,12,itboom,0,109.39304752248377,111.6854560923145,132.16112515143635,15.779396651593114,19.72282437072193,31.502949728520125
2000,12,2000-12-01,24011,12,itboom,0,109.60837323304531,111.8900374869302,132.37316448008542,15.81045630184683,19.758951929821368,31.553493065702273
2001,1,2001-01-01,24012,12,itboom,0,110.04933908612864,112.45861174901366,132.85527126735872,15.874063407263469,19.859357933477888,31.66841177470877
2001,2,2001-02-01,24013,12,itboom,0,110.31796214033018,112.71781420986953,133.03078127482624,15.912810931151013,19.905131168335735,31.710247699877883
2001,3,2001-03-01,24014,12,stagnation2,0,110.72356696462847,112.79196133388871,133.5241970582633,15.971317386098132,19.918225001282217,31.827862108828057
2001,4,2001-04-01,24015,12,stagnation2,0,111.17605893406153,113.38771404524587,133.88436827500863,16.036587075800096,20.02343051778892,31.913715310530044
2001,5,2001-05-01,24016,12,stagnation2,0,111.93388335185965,113.59448878161216,134.34159557454407,16.145899434780144,20.05994540479698,32.022703552081914
2001,6,2001-06-01,24017,12,stagnation2,0,112.21369965316998,114.18599698473851,134.4583387587988,16.186261528239967,20.164401372586195,32.05053136196557
2001,7,2001-07-01,24018,12,stagnation2,0,112.51926563541831,114.59835803620923,134.67872805685263,16.230337883605596,20.23722128020927,32.103065062547635
2001,8,2001-08-01,24019,12,stagnation2,0,113.31690285205464,114.6176992646238,135.03449459588273,16.345393038484524,20.240636797900482,32.18786833114354
2001,9,2001-09-01,24020,12,stagnation2,0,113.67254283714497,114.67033149194785,135.57065395421745,16.396692316793356,20.249931259436227,32.31567142976835
2001,10,2001-10-01,24021,12,stagnation2,0,114.26129485479117,114.9303583838139,135.6868328083799,16.48161683280481,20.295850082704494,32.343364721558984
2001,11,2001-11-01,24022,12,stagnation2,0,115.02832064664541,115.19405320233008,135.9137680500637,16.592256443692175,20.342416634653436,32.397458763980325
2001,12,2001-12-01,24023,12,stagnation2,0,115.48103401154124,115.47765977930779,136.3711926612176,16.657558068575607,20.392499455674372,32.50649403825827
2002,1,2002-01-01,24024,12,stagnation2,0,115.66311219400203,115.41344102395841,136.30006015467865,16.683821930198615,20.381158899102573,32.48953834289027
2002,2,2002-02-01,24025,12,stagnation2,0,116.0907915397601,115.67110423207725,136.967265812155,16.7455125237898,20.42666031332722,32.64857865267862
2002,3,2002-03-01,24026,12,stagnation2,0,116.39389560800183,115.72955762555104,136.99773059603413,16.78923376044805,20.436982749691744,32.65584047459437
2002,4,2002-04-01,24027,12,stagnation2,0,116.47544678089093,115.61599988926272,137.4397462426952,16.80099710678096,20.416929294505064,32.76120274871263
2002,5,2002-05-01,24028,12,stagnation2,0,116.37911167054298,115.52157335894101,137.45679224161938,16.787101251860722,20.400254268600776,32.765265965082534
2002,6,2002-06-01,24029,12,stagnation2,0,116.77931239682634,115.43223251940536,137.46522442755244,16.844828192862003,20.38447733802319,32.767275926251116
2002,7,2002-07-01,24030,12,stagnation2,0,117.1064391007891,115.3187155499869,137.78905273785512,16.89201457384381,20.364431081963794,32.844466151201516
2002,8,2002-08-01,24031,12,stagnation2,0,116.970418505955,115.18538977939205,137.63085176192223,16.87239428747934,20.34088673832643,32.80675614089322
2002,9,2002-09-01,24032,12,stagnation2,0,117.19769069890141,115.01705932843493,137.7521770402712,16.90517715770372,20.311160827391994,32.83567617422561
2002,10,2002-10-01,24033,12,stagnation2,0,117.07677804352748,114.85036430990935,137.77626441472717,16.88773611558493,20.281723721712478,32.84141782742135
2002,11,2002-11-01,24034,12,stagnation2,0,116.89052060034317,115.04667703345908,137.81395249563894,16.86086941663212,20.316391094741864,32.85040145038134
2002,12,2002-12-01,24035,12,stagnation2,0,116.68480376596602,114.8450358371306,137.57451734486105,16.831195798417216,20.28078275288398,32.793327832783476
2003,1,2003-01-01,24036,12,stagnation2,0,116.45923987859227,114.6632002588263,137.5268164579851,16.79865934267569,20.24867193648296,32.7819574798182
2003,2,2003-02-01,24037,12,stagnation2,0,116.20991457365105,114.80976338053772,137.2250648912046,16.762695422014843,20.274553898287817,32.710029638496515
2003,3,2003-03-01,24038,12,stagnation2,0,115.96265665761456,114.9421502278972,137.38185568538586,16.727029711800636,20.297932435035758,32.74740350695691
2003,4,2003-04-01,24039,12,stagnation2,0,115.77245470283026,115.14632777834264,137.55568643330992,16.699594036897867,20.333988678245714,32.78883915081094
2003,5,2003-05-01,24040,12,stagnation2,0,115.59964191306166,114.97693873550952,138.10566399698666,16.67466666154829,20.30407582782622,32.919936063919614
2003,6,2003-06-01,24041,12,stagnation2,0,115.42861165104067,114.93950904463047,138.23746096303196,16.649996406856825,20.29746602163223,32.951352209862215
2003,7,2003-07-01,24042,12,stagnation2,0,115.29953919813934,114.94455036725667,138.0224628233454,16.631378355003893,20.298356281870504,32.90010358755735
2003,8,2003-08-01,24043,12,stagnation2,0,115.10880850422151,115.14577830787019,138.2429464137774,16.60386641214167,20.33389164582982,32.952659764401226
2003,9,2003-09-01,24044,12,stagnation2,0,115.14279169761353,115.31885670657508,138.16635027130258,16.608768316788858,20.364456009171818,32.934401714441236
2003,10,2003-10-01,24045,12,stagnation2,0,115.18369845814297,115.52300761626333,138.39597517811828,16.614668911157004,20.400507547821366,32.98913688628199
2003,11,2003-11-01,24046,12,stagnation2,0,114.99482332272001,115.38426116518846,138.61661559161348,16.587424623270703,20.376005952158376,33.04173044468621
2003,12,2003-12-01,24047,12,stagnation2,0,114.79440203570446,115.57339292349823,138.82294885984496,16.558514861116112,20.409405219910717,33.09091364109869
2004,1,2004-01-01,24048,12,stagnation2,0,114.58633297999437,115.8307254881339,138.80380875072052,16.528501946810042,20.454848244945072,33.08635125639703
2004,2,2004-02-01,24049,12,stagnation2,0,114.39858151625016,115.94565041120212,138.9457135002358,16.501419742909214,20.4751431351913,33.12017677191905
2004,3,2004-03-01,24050,12,stagnation2,0,114.2489926737576,115.76421404056698,138.86494421387343,16.47984230509391,20.443102815908006,33.10092397904999
2004,4,2004-04-01,24051,12,stagnation2,0,114.03769076017335,115.91135095534044,138.6069736501416,16.449363067306873,20.46908610531794,33.03943211681464
2004,5,2004-05-01,24052,12,stagnation2,0,114.0181565384829,116.31646068616196,138.1126651195642,16.446545354122033,20.540625483419767,32.92160490573941
2004,6,2004-06-01,24053,12,stagnation2,0,113.74941658207771,116.5458139637972,137.89429846810094,16.407780967679855,20.58112757359264,32.86955333886942
2004,7,2004-07-01,24054,12,stagnation2,0,113.50009224288122,116.8808812746466,137.59254807013474,16.371817186322826,20.640297979082057,32.797625776155364
2004,8,2004-08-01,24055,12,stagnation2,0,113.27812829958442,116.65424958775935,137.75599185101404,16.339800004399887,20.600276501678383,32.83658550207008
2004,9,2004-09-01,24056,12,stagnation2,0,112.83058939434669,116.55266594017306,138.1478740737494,16.275244769284836,20.58233758187287,32.92999758484545
2004,10,2004-10-01,24057,12,stagnation2,0,112.63089127117027,116.29835932603996,138.24673389211944,16.246439319875158,20.537428917286192,32.95356257708287
2004,11,2004-11-01,24058,12,stagnation2,0,112.35837027909035,115.9660068177699,138.3803086293602,16.207129538062645,20.478737925825662,32.985402486341165
2004,12,2004-12-01,24059,12,stagnation2,0,112.19455540578545,116.06037191254455,138.35470012421266,16.183500066886452,20.495402102667352,32.9792982446486
2005,1,2005-01-01,24060,12,stagnation2,0,112.34449077145732,116.08140950389352,138.70637970643241,16.205127488926703,20.49911718548902,33.063127314554905
2005,2,2005-02-01,24061,12,stagnation2,0,112.56413378188354,115.90565361478126,138.9130413179328,16.236809887961734,20.46807999717136,33.112388777412846
2005,3,2005-03-01,24062,12,stagnation2,0,112.37300857163213,116.02227837273993,139.04943356598756,16.209241038103553,20.488675065669764,33.14490029037785
2005,4,2005-04-01,24063,12,stagnation2,0,112.47809133496214,115.76668859465768,139.2722428074547,16.224398697949248,20.44353980383315,33.19801082742076
2005,5,2005-05-01,24064,12,stagnation2,0,112.38418418767365,115.62753151909101,139.77496273248022,16.2108530644831,20.41896569492611,33.31784304364514
2005,6,2005-06-01,24065,12,stagnation2,0,112.17152469632802,115.53805508607942,139.80332464431834,16.18017800293516,20.403164819544923,33.32460360868889
2005,7,2005-07-01,24066,12,stagnation2,0,111.92916835136755,115.09599852135881,140.19419450795064,16.14521931968451,20.32510090421558,33.41777437770506
2005,8,2005-08-01,24067,12,stagnation2,0,112.15071058236992,115.18422711214461,139.79746113676754,16.17717567173099,20.340681419901582,33.32320593760071
2005,9,2005-09-01,24068,12,stagnation2,0,112.15204710267689,115.086202565299,139.61442434612755,16.177368458060048,20.323371010927136,33.27957587007976
2005,10,2005-10-01,24069,12,stagnation2,0,112.00435502247947,115.12700930741408,139.55265925070873,16.156064618661524,20.330577179357984,33.26485306340173
2005,11,2005-11-01,24070,12,stagnation2,0,112.2553461099114,115.22377060656143,139.3119965863117,16.192268820064626,20.3476645081449,33.20748684614726
2005,12,2005-12-01,24071,12,stagnation2,0,112.44077297067734,114.96917718162,139.25572031938611,16.21901571168298,20.302705194893672,33.19407239915437
2006,1,2006-01-01,24072,12,stagnation2,0,112.65852789448094,114.66287412460991,139.15255351202507,16.25042576372334,20.248614343595793,33.16948075965203
2006,2,2006-02-01,24073,12,stagnation2,0,112.82070963844285,114.7405527847003,138.84249358405694,16.27381966420953,20.26233181965686,33.095572472987435
2006,3,2006-03-01,24074,12,stagnation2,0,113.36111282517888,114.8282967556296,138.68928850652802,16.35177010464808,20.27782675506544,33.05905332372915
2006,4,2006-04-01,24075,12,stagnation2,0,113.60571011101649,114.87017991261293,138.59555272105084,16.38705203234409,20.285223010389778,33.03670973567126
2006,5,2006-05-01,24076,12,stagnation2,0,113.82055410723177,114.5599113809558,138.21319005003886,16.418042197727292,20.230431885638694,32.94556680699878
2006,6,2006-06-01,24077,12,stagnation2,0,114.09156548221446,114.23269281960373,138.9202241476315,16.457134224869755,20.17264751118037,33.11410093234984
2006,7,2006-07-01,24078,12,stagnation2,0,114.2728259885912,114.27770578459725,139.04930486154748,16.483280140832093,20.18059646741903,33.14486961139035
2006,8,2006-08-01,24079,12,stagnation2,0,114.35831755765659,114.2394911986331,139.30162345906922,16.495611869485806,20.17384805456617,33.205014227170444
2006,9,2006-09-01,24080,12,stagnation2,0,114.70751216391339,114.40341598349326,139.14502843323257,16.545981434330322,20.202795957497536,33.16768702356942
2006,10,2006-10-01,24081,12,stagnation2,0,114.99131105212122,114.67679175374239,139.00784090396493,16.58691799591018,20.251072093822554,33.13498594121297
2006,11,2006-11-01,24082,12,stagnation2,0,115.1852805627919,115.03434825706582,139.3236277488048,16.614897121791643,20.31421392414134,33.210259340153236
2006,12,2006-12-01,24083,12,stagnation2,0,115.32282868385442,115.17886435247519,139.59813962757005,16.634737746128216,20.33973439626213,33.27569411839618
2007,1,2007-01-01,24084,12,stagnation2,0,115.21536202861714,115.50759756054677,139.5475970791629,16.619236221870374,20.397786246113206,33.26364640497216
2007,2,2007-02-01,24085,12,stagnation2,0,115.37767990868089,115.48454665287534,139.46815427667346,16.642649759304234,20.3937156265402,33.24470980307618
2007,3,2007-03-01,24086,12,stagnation2,0,115.34991242157471,115.60010085817963,139.77380843848033,16.638644439012044,20.414121643368667,33.31756789718427
2007,4,2007-04-01,24087,12,stagnation2,0,115.34440832752989,115.58231775375302,140.23346913538336,16.63785050114206,20.410981278833805,33.42713618218578
2007,5,2007-05-01,24088,12,stagnation2,0,115.12195528556767,115.85899595691662,140.68395575583563,16.605762769197725,20.459840600352734,33.534517663247
2007,6,2007-06-01,24089,12,stagnation2,0,115.20166495828076,115.99819940637593,141.04675374467476,16.61726048839647,20.484422898545755,33.62099700269656
2007,7,2007-07-01,24090,12,stagnation2,0,115.39506161739101,116.15101685869497,141.24492247848875,16.645156983322863,20.511409328814512,33.66823403742938
2007,8,2007-08-01,24091,12,stagnation2,0,115.21868294317025,116.2973156852008,142.1510825924946,16.61971524708419,20.537244618043506,33.8842333828103
2007,9,2007-09-01,24092,12,stagnation2,0,115.1941184581664,116.40720691086507,142.45332279477822,16.616171943728116,20.55665059460923,33.95627769907629
2007,10,2007-10-01,24093,12,stagnation2,0,114.97337330693519,116.39330000570969,142.6693374837684,16.584330566427813,20.554194738157403,34.00776863394902
2007,11,2007-11-01,24094,12,stagnation2,0,115.14587210195579,116.22415003280054,142.8150801912545,16.609212649614978,20.52432410571586,34.04250899486811
2007,12,2007-12-01,24095,12,stagnation2,0,115.24550200393904,116.24573470245,142.9749043278166,16.623583761649588,20.52813579851357,34.080605914319655
2008,1,2008-01-01,24096,12,stagnation2,0,115.44953539723033,116.10455821279149,143.14368959506754,16.653014551958744,20.503205076034288,34.12083887830985
2008,2,2008-02-01,24097,12,stagnation2,0,115.31679888553825,116.1105004458941,143.81348484465894,16.633867978062376,20.50425443039029,34.28049646333798
2008,3,2008-03-01,24098,12,stagnation2,0,115.22553384612665,115.93779293034423,144.20968974937793,16.62070345536268,20.4737555622666,34.37493893408158
2008,4,2008-04-01,24099,12,stagnation2,0,115.13929096477686,115.98442801758219,144.04929325958992,16.60826335369246,20.481990973279718,34.33670558408071
2008,5,2008-05-01,24100,12,stagnation2,0,115.58779000688399,116.12060731829051,143.90150065302214,16.672957083719623,20.50603922920104,34.301476593334634
2008,6,2008-06-01,24101,12,stagnation2,0,116.04278872569276,116.20526783873737,143.4633080993293,16.73858835940535,20.52098965009136,34.19702562127625
2008,7,2008-07-01,24102,12,stagnation2,0,116.49102247991141,116.02399527131625,143.36817439653618,16.803243822989497,20.488978257242486,34.17434881481636
2008,8,2008-08-01,24103,12,stagnation2,0,116.9536536883444,115.76120326050979,143.1508611982949,16.86997604689769,20.442571134448624,34.12254835721815
2008,9,2008-09-01,24104,12,stagnation2,0,117.06661311577892,115.41629568657652,143.2907081710016,16.886269875905974,20.381663011378464,34.155883365117155
2008,10,2008-10-01,24105,12,stagnation2,0,117.58311338580937,115.43383630564858,143.55988883959853,16.960772440886533,20.38476055479563,34.220047354800066
2008,11,2008-11-01,24106,12,stagnation2,0,117.54907346775792,115.55049357223321,143.85882480723888,16.955862353992657,20.40536136407661,34.29130404809645
2008,12,2008-12-01,24107,12,stagnation2,0,117.95770693262223,115.53801225511579,144.32688158029038,17.014805675101645,20.403157255913964,34.40287368685852
2009,1,2009-01-01,24108,12,stagnation2,0,118.19609799994915,115.54871358919766,144.83001745097386,17.049192387006485,20.40504703225561,34.52280505111253
2009,2,2009-02-01,24109,12,stagnation2,0,118.48922775342353,115.71264475882917,144.99161782042643,17.091474878949178,20.433996062690305,34.56132536719747
2009,3,2009-03-01,24110,12,stagnation2,0,118.9609636455663,115.89836640140078,145.06861979421123,17.15952040766876,20.4667931292596,34.57968015425274
2009,4,2009-04-01,24111,12,stagnation2,0,119.436068747438,115.7822595183035,145.44786686306858,17.228051927938257,20.446289513626184,34.67008042385707
2009,5,2009-05-01,24112,12,stagnation2,0,119.60887542661017,115.88691674694705,145.84021891360237,17.25297842186505,20.464771205082563,34.763604498426545
2009,6,2009-06-01,24113,12,stagnation2,0,119.73568454062095,116.16237406312739,146.42945240304212,17.271269998471887,20.513414927002493,34.90405875814105
2009,7,2009-07-01,24114,12,stagnation2,0,119.88250203709723,116.26951960074359,146.70607823754924,17.292447683569442,20.5323360353943,34.96999743525281
2009,8,2009-08-01,24115,12,stagnation2,0,119.99235779969585,116.66172922635002,146.5931481181179,17.30829382454244,20.6015973504571,34.94307853704272
2009,9,2009-09-01,24116,12,stagnation2,0,120.25878507940537,116.88105015003086,147.200272303936,17.3467246190084,20.640327801224174,35.08779736175673
2009,10,2009-10-01,24117,12,stagnation2,0,120.05053881589981,116.89529640157197,147.00594524229217,17.316686143369523,20.642843583734425,35.0414760577663
2009,11,2009-11-01,24118,12,stagnation2,0,120.1850534489899,116.9162913177607,146.90412899200288,17.336089202330246,20.646551130438862,35.01720634751123
2009,12,2009-12-01,24119,12,stagnation2,0,119.97813937760006,117.00420534223377,146.64096285562104,17.306242888700623,20.662076096043805,34.954476028325566
2010,1,2010-01-01,24120,12,stagnation2,0,119.75073193841328,117.12375019385382,146.84446545370287,17.273440509886616,20.683186831455743,35.00298448427015
2010,2,2010-02-01,24121,12,stagnation2,0,119.54163622832948,116.9379765232594,146.4454508496984,17.24327950585315,20.650380577122952,34.90787227183631
2010,3,2010-03-01,24122,12,stagnation2,0,119.30753916493327,116.72396368192084,146.09411467177395,17.20951218240837,20.61258749438431,34.82412505843841
2010,4,2010-04-01,24123,12,stagnation2,0,119.08250241925202,116.77799838235072,145.9170480046018,17.177051764203473,20.622129622283417,34.781918075801656
2010,5,2010-05-01,24124,12,stagnation2,0,118.86479838227044,116.59718590447805,145.65987895411953,17.145649052331134,20.59019947784125,34.72061726847431
2010,6,2010-06-01,24125,12,stagnation2,0,118.7107349219686,116.44617473157226,145.00756367464712,17.123426173412618,20.563532023139032,34.565126344552326
2010,7,2010-07-01,24126,12,stagnation2,0,118.30305991905325,116.29242486620228,144.81198812991653,17.064621105616894,20.536380935631204,34.51850744246053
2010,8,2010-08-01,24127,12,stagnation2,0,118.15719322108076,115.94627311811749,144.64184053966156,17.0435805684192,20.475253100620606,34.4779497446043
2010,9,2010-09-01,24128,12,stagnation2,0,118.01764908721123,115.97418074491863,144.46591717353246,17.02345202927892,20.48018138082163,34.43601528806206
2010,10,2010-10-01,24129,12,stagnation2,0,117.76482581001075,115.76145864657462,144.4008495361324,16.986983543721077,20.44261623373621,34.420505261890455
2010,11,2010-11-01,24130,12,stagnation2,0,117.63698952611135,115.77472786895179,144.677483894359,16.96854380302641,20.444959480132272,34.48644597078203
2010,12,2010-12-01,24131,12,stagnation2,0,117.49280829344607,115.35223382885962,144.52180598395358,16.947746385718208,20.37035016176653,34.44933737792068
2011,1,2011-01-01,24132,12,stagnation2,0,117.34106238700402,115.12299963014463,144.3304998364479,16.925857802282295,20.32986910004904,34.40373616242919
2011,2,2011-02-01,24133,12,stagnation2,0,117.16207375138346,114.8954924265414,144.2077021531671,16.900039592244735,20.289693012877656,34.374465155249574
2011,3,2011-03-01,24134,12,stagnation2,0,116.95814688715524,114.74592922271002,144.50342619636385,16.870624168216885,20.263281258789902,34.44495622935073
2011,4,2011-04-01,24135,12,stagnation2,0,116.71875562088168,114.5178299447926,144.11751257792523,16.83609318264688,20.22300061567971,34.35296686933815
2011,5,2011-05-01,24136,12,stagnation2,0,116.45340778938997,114.30759990619745,144.2610779047526,16.797818093154678,20.18587554788901,34.38718821293384
2011,6,2011-06-01,24137,12,stagnation2,0,116.18587524356072,113.78413928541146,143.95213591915834,16.75922786961252,20.09343627916079,34.3135464076749
2011,7,2011-07-01,24138,12,stagnation2,0,116.12484991249215,113.52166102341495,144.08277864963824,16.75042527267849,20.04708456208305,34.34468742108553
2011,8,2011-08-01,24139,12,stagnation2,0,115.8404087248144,113.1702248765247,144.01599041211358,16.709396062632074,19.98502354138121,34.328767259337624
2011,9,2011-09-01,24140,12,stagnation2,0,115.56743873527168,112.93741570478619,143.65280996360838,16.670021515194858,19.943911165905064,34.2421967538389
2011,10,2011-10-01,24141,12,stagnation2,0,115.63704564045837,112.67795569813914,143.67176393740274,16.680061961013912,19.898092450367955,34.24671476988117
2011,11,2011-11-01,24142,12,stagnation2,0,115.38001166265393,112.2079369931625,143.39703674785858,16.64298610308172,19.815090628165194,34.18122866849281
2011,12,2011-12-01,24143,12,stagnation2,0,115.1395554978073,112.46464300518655,143.56711662853323,16.608301511251,19.860423008648773,34.22177022656888
2012,1,2012-01-01,24144,12,stagnation2,0,114.89587014754473,112.25387780647567,143.32612609584206,16.57315112567293,19.82320343554519,34.16432585608762
2012,2,2012-02-01,24145,12,stagnation2,0,114.6580430347396,112.02039015987603,143.03552305554868,16.538845761370105,19.78197124643355,34.09505546391423
2012,3,2012-03-01,24146,12,stagnation2,0,114.44098915228922,111.89616835434768,142.76188310685862,16.507536831017386,19.7600345956003,34.0298285256794
2012,4,2012-04-01,24147,12,stagnation2,0,114.64538118541172,112.08996179985951,142.99069460199365,16.53701935331756,19.7942570827867,34.084369806409924
2012,5,2012-05-01,24148,12,stagnation2,0,114.56027093897686,111.94298131300498,142.80295465948825,16.52474262853453,19.768301417388702,34.03961865917199
2012,6,2012-06-01,24149,12,stagnation2,0,114.66615226749873,111.86809370462593,143.54521208860973,16.54001547739086,19.755076820388513,34.21654889072413
2012,7,2012-07-01,24150,12,stagnation2,0,114.56490443102352,111.90190769237678,143.44773565592163,16.52541098644705,19.76104812018902,34.193313653015835
2012,8,2012-08-01,24151,12,stagnation2,0,114.7755838211182,112.03732118084214,143.4537408381457,16.555800428353187,19.78496113934007,34.194745094776785
2012,9,2012-09-01,24152,12,stagnation2,0,114.60300451707509,111.83271068761283,143.5437824432797,16.530906732144636,19.748828441640978,34.216208109386876
2012,10,2012-10-01,24153,12,stagnation2,0,114.41803005325866,111.75747531205309,143.6696820987008,16.504225096509835,19.73554243153234,34.24621852667883
2012,11,2012-11-01,24154,12,stagnation2,0,114.25893813255121,111.43366407793928,143.44448529018865,16.48127688748046,19.67835976582863,34.192538870657046
2012,12,2012-12-01,24155,12,stagnation2,0,114.10681837695621,111.14055397540169,143.8279904751884,16.4593343781854,19.626598692579712,34.28395413781545
2013,1,2013-01-01,24156,12,stagnation2,0,114.05588839633425,110.91824016972473,143.8150519622457,16.451987984754624,19.58733972101828,34.28087001362742
2013,2,2013-02-01,24157,12,stagnation2,0,113.99957619497192,110.77151647262976,144.4634158279416,16.443865233064777,19.561429402789962,34.435419047947484
2013,3,2013-03-01,24158,12,stagnation2,0,113.91934103595896,110.85414382761296,144.67540365316145,16.432291715111464,19.576020781717617,34.48595010837322
2013,4,2013-04-01,24159,12,stagnation2,0,113.72472989633887,110.75489489151082,145.00009529788505,16.404220037482656,19.55849415466865,34.563346124404994
2013,5,2013-05-01,24160,12,stagnation2,0,113.54626959654487,110.92748097886364,145.32598310069338,16.378478037229552,19.588971579472076,34.64102726594525
2013,6,2013-06-01,24161,12,stagnation2,0,113.15418273015261,111.04642065708093,144.94979991571483,16.32192147968953,19.609975445743178,34.55135732744015
2013,7,2013-07-01,24162,12,stagnation2,0,113.00589250890373,110.92518251281838,145.06747830768282,16.300531361454112,19.588565687391597,34.579408060679995
2013,8,2013-08-01,24163,12,stagnation2,0,112.52249502063503,110.84581221563313,145.3531683923116,16.230803706173205,19.574549480748335,34.647507362677345
2013,9,2013-09-01,24164,12,stagnation2,0,112.80321143124974,110.80311199133085,145.3990062008095,16.271295635870935,19.567008937386916,34.65843361784596
2013,10,2013-10-01,24165,12,stagnation2,0,112.82859159713196,110.74568340528546,145.50205768700766,16.274956597089304,19.55686747442422,34.68299776850244
2013,11,2013-11-01,24166,12,stagnation2,0,112.71797851301316,111.16811534259539,146.17111595413562,16.25900121629778,19.631465825898566,34.842479680680704
2013,12,2013-12-01,24167,12,stagnation2,0,112.76081321147383,111.31179942680274,146.10596875791012,16.26517990601134,19.656839371003198,34.826950690251074
2014,1,2014-01-01,24168,12,stagnation2,0,112.54472469850587,111.63398723018454,146.45778279825038,16.234010225348833,19.71373535086324,34.910811810636716
2014,2,2014-02-01,24169,12,stagnation2,0,112.73467433077236,111.89688522430555,146.5230885825594,16.261409503998063,19.76016118952551,34.92637860335063
2014,3,2014-03-01,24170,12,stagnation2,0,112.90866419661646,111.79359453530833,146.29708230973108,16.286506666648616,19.741920818849678,34.87250599714299
2014,4,2014-04-01,24171,12,stagnation2,0,112.47394939127821,111.63673876472485,145.95291975377867,16.223801243414638,19.71422125148439,34.79046874385701
2014,5,2014-05-01,24172,12,stagnation2,0,112.69400007718487,111.50318178024244,145.57464004517007,16.255542447586343,19.69063607718692,34.70029906173634
2014,6,2014-06-01,24173,12,stagnation2,0,112.92431456036105,111.66557436150605,145.77303276663994,16.288764152867902,19.719313404311077,34.74758948790219
2014,7,2014-07-01,24174,12,stagnation2,0,113.15267662824417,111.96173240817969,145.28101672539628,16.32170423206777,19.771612721920455,34.63030873234594
2014,8,2014-08-01,24175,12,stagnation2,0,113.44360338585774,111.88802632351472,145.09537748327642,16.36366895294277,19.758596773257462,34.58605832432738
2014,9,2014-09-01,24176,12,stagnation2,0,113.66288847953358,112.0514346163811,145.1118423486802,16.395299724287554,19.787453467528014,34.58998301720896
2014,10,2014-10-01,24177,12,stagnation2,0,113.80618919413898,111.88319867963628,144.51424882187834,16.415970131296287,19.75774424710347,34.447535994218214
2014,11,2014-11-01,24178,12,recovery,0,114.08819386364118,111.78172591916261,144.2974523357412,16.456647885856164,19.73982490914079,34.39585870412046
2014,12,2014-12-01,24179,12,recovery,0,114.36196165784689,111.83194129296312,144.2079206817238,16.496137512601557,19.748692572244202,34.374517245409436
2015,1,2015-01-01,24180,12,recovery,0,114.74204806686996,111.82804646178828,144.20280463471872,16.550963064551024,19.748004773904984,34.373297744807985
2015,2,2015-02-01,24181,12,recovery,0,114.72569388752089,111.81201628954253,144.18988404310215,16.548604056472314,19.745173964210533,34.37021789248611
2015,3,2015-03-01,24182,12,recovery,0,114.59621580399721,111.79333117994764,144.41347715702838,16.529927494443193,19.741874312243468,34.42351527944154
2015,4,2015-04-01,24183,12,recovery,0,114.95372017291479,111.78299960811134,144.99339454105476,16.581495700737733,19.74004983317582,34.56174888009184
2015,5,2015-05-01,24184,12,recovery,0,115.31730665674151,111.92139505851824,144.9714733006021,16.6339412215034,19.764489444720464,34.556523563379564
2015,6,2015-06-01,24185,12,recovery,0,115.46661507180089,111.89617968510942,144.7348788746255,16.655478209072545,19.760036596528902,34.500127082954265
2015,7,2015-07-01,24186,12,recovery,0,115.44573163411133,111.87570998766377,145.34189557555823,16.652465878268938,19.75642179956457,34.64482028673823
2015,8,2015-08-01,24187,12,recovery,0,115.37536253501469,112.25766838884557,145.53979666071703,16.642315489813647,19.82387282431755,34.69199352266395
2015,9,2015-09-01,24188,12,recovery,0,115.29654729426994,112.25153995585087,145.76122795963929,16.630946787925655,19.822790588439656,34.744775602646065
2015,10,2015-10-01,24189,12,recovery,0,115.66811894972614,112.60178987655921,146.21093092593696,16.684544129518386,19.88464213038331,34.85197028583153
2015,11,2015-11-01,24190,12,recovery,0,116.02439549478855,112.65580744143877,146.76824927033402,16.73593522840009,19.89418123227114,34.98481700430646
2015,12,2015-12-01,24191,12,recovery,0,116.24230648857868,112.52990672720537,146.9476251139805,16.76736779275068,19.871948098595066,35.02757442013831
2016,1,2016-01-01,24192,12,recovery,0,116.54000539764179,112.91496901975171,147.02711151899885,16.810309362395568,19.939947247574693,35.04652141547089
2016,2,2016-02-01,24193,12,recovery,0,116.85983312060237,113.47728747330174,147.2383815222096,16.856442902095463,20.03924852177656,35.0968813702811
2016,3,2016-03-01,24194,12,recovery,0,116.94772750965186,113.72377953726281,147.85345702701187,16.86912122544116,20.082777194679704,35.24349553299217
2016,4,2016-04-01,24195,12,recovery,0,117.23873292949587,113.9162312338902,148.14112523713,16.911097292947076,20.116762738950502,35.31206635630697
2016,5,2016-05-01,24196,12,recovery,0,117.15531573490703,113.91349873744086,148.89215950476728,16.89906478237359,20.116280200315217,35.49108870308756
2016,6,2016-06-01,24197,12,recovery,0,117.0907020204995,114.1450309197894,149.46617709945943,16.889744579199256,20.157167068922853,35.627915984242684
2016,7,2016-07-01,24198,12,recovery,0,117.39678804096252,114.38341342180544,149.32295522497992,16.933895947460577,20.199263653248295,35.593776508609565
2016,8,2016-08-01,24199,12,recovery,0,117.68990820449304,114.38005745890828,149.92621094497682,16.976177056102124,20.1986710150559,35.737573215838935
2016,9,2016-09-01,24200,12,recovery,0,117.850034602813,114.86973081996125,150.26693639537152,16.99927448332173,20.2851437039536,35.8187911740147
2016,10,2016-10-01,24201,12,recovery,0,118.08609307709665,115.35160779846464,150.74340400130063,17.033324730417426,20.37023960943534,35.93236568406562
2016,11,2016-11-01,24202,12,recovery,0,118.1373706309167,115.75836090272986,150.90667920824757,17.04072125953308,20.442069195116023,35.97128522739177
2016,12,2016-12-01,24203,12,recovery,0,117.9759980126298,116.21812718450047,150.89809641787886,17.017444071354078,20.523260515313044,35.96923936698307
2017,1,2017-01-01,24204,12,recovery,0,118.1545824968926,116.17800816705011,151.4777126225384,17.043203984591926,20.5161757939645,36.10740117618606
2017,2,2017-02-01,24205,12,recovery,0,118.314331917535,116.26837371883718,151.49008433539757,17.066247034678454,20.532133681136365,36.110350193514805
2017,3,2017-03-01,24206,12,recovery,0,118.9133083248344,116.39292396578578,151.3907743880033,17.152646367449403,20.554128332291903,36.086677905035735
2017,4,2017-04-01,24207,12,recovery,0,119.19625832619043,116.86517460351011,151.6310825945812,17.193460481372394,20.637524297287555,36.14395963097821
2017,5,2017-05-01,24208,12,recovery,0,119.4177330603613,117.25162254734366,152.04447732926317,17.22540709734056,20.705768142021967,36.242499602772476
2017,6,2017-06-01,24209,12,recovery,0,120.02259083926009,117.78803241593215,152.10068859609822,17.31265478837032,20.800494152006188,36.2558985558402
2017,7,2017-07-01,24210,12,recovery,0,120.62255860924502,117.96734462858981,152.49426024392778,17.399197120220233,20.832159360722795,36.34971334307009
2017,8,2017-08-01,24211,12,recovery,0,121.21286153634658,118.19656224660109,152.2966586749145,17.484345347116623,20.87263749441081,36.30261150213337
2017,9,2017-09-01,24212,12,recovery,0,121.22552963591816,118.34095747430155,152.45496135241237,17.48617265673537,20.898136622189387,36.340345754814635
2017,10,2017-10-01,24213,12,recovery,0,121.42700021037889,118.41987054740333,152.8765559964063,17.515233773324034,20.912072086445843,36.44084032052248
2017,11,2017-11-01,24214,12,recovery,0,122.17322705553427,118.4277015475237,152.36238928105448,17.622873240808048,20.91345498306842,36.31827955867026
2017,12,2017-12-01,24215,12,recovery,0,122.74026954182513,118.70870471136931,152.38094587076165,17.70466626616142,20.963078060611867,36.322702851162724
2018,1,2018-01-01,24216,12,recovery,0,122.93292511477499,119.13924587213441,152.15611929631433,17.732455863138238,21.039108440889116,36.26911144700107
2018,2,2018-02-01,24217,12,recovery,0,123.11726969355254,119.2568721269391,152.10108973271977,17.75904664102569,21.059880366313152,36.25599417387318
2018,3,2018-03-01,24218,12,recovery,0,123.25449588970314,119.55960281930932,151.85359238577874,17.778840829313612,21.113340364473604,36.19699878873483
2018,4,2018-04-01,24219,12,recovery,0,123.518080047176,119.55204178244361,151.60252720502743,17.816861517703206,21.112005141362374,36.137152947087166
2018,5,2018-05-01,24220,12,recovery,0,123.6593536340349,119.77903751749727,150.890982218465,17.837239521734784,21.152090906975992,35.967543571292495
2018,6,2018-06-01,24221,12,recovery,0,123.61433603962216,119.68396896572025,150.98379788299002,17.830745960264224,21.135302504837693,35.98966783219146
2018,7,2018-07-01,24222,12,recovery,0,123.73974086240865,120.3366468323835,151.2063375013109,17.848834974928195,21.250560582167086,36.04271409977229
2018,8,2018-08-01,24223,12,recovery,0,123.51809957564097,120.72282071139017,151.18414229812254,17.81686433458601,21.318756029082873,36.037423479179765
2018,9,2018-09-01,24224,12,recovery,0,123.90840429743552,120.97043037426819,151.09855477422218,17.873163826735365,21.362482061677486,36.01702217388116
2018,10,2018-10-01,24225,12,recovery,0,124.42383248121827,121.12599420092653,150.69725095326427,17.947511748669314,21.389953481314112,35.92136428595826
2018,11,2018-11-01,24226,12,recovery,0,124.14791833611066,121.55921194475955,150.88103624087398,17.90771252160652,21.466456526337602,35.965172771016
2018,12,2018-12-01,24227,12,recovery,0,124.6818744019181,121.70391569865824,151.46946002281024,17.98473299729231,21.49201013755775,36.105434022576645
2019,1,2019-01-01,24228,12,recovery,0,124.92735320150841,122.15070887133118,151.365456545185,18.02014207891147,21.57091050277077,36.080642947867915
2019,2,2019-02-01,24229,12,recovery,0,125.50753866644247,122.59985769129102,151.99626980590685,18.10383091280013,21.65022685784804,36.23100848401051
2019,3,2019-03-01,24230,12,recovery,0,126.07415159246305,123.01576707325852,152.17922036196057,18.185561976246014,21.723673374356867,36.274617995987356
2019,4,2019-04-01,24231,12,recovery,0,126.4523848363475,123.55031184826314,152.40066351646638,18.240120218449157,21.81807002262761,36.327402901958216
2019,5,2019-05-01,24232,12,recovery,0,127.02264328304572,123.99034596913614,153.02022537038897,18.322377129908936,21.895776789352272,36.475086465604235
2019,6,2019-06-01,24233,12,recovery,0,127.59659626321647,124.50696585308229,153.34249976159873,18.40516695923165,21.987008034619073,36.551906286360435
2019,7,2019-07-01,24234,12,recovery,0,127.80369893752393,124.65061632679704,153.62378335348075,18.435040477883113,22.01237564435964,36.61895522260672
2019,8,2019-08-01,24235,12,recovery,0,128.37618608374385,125.0931456663484,154.19546202047184,18.517618868034333,22.090523048222586,36.755224978833844
2019,9,2019-09-01,24236,12,recovery,0,128.73837159817967,125.67079582624916,154.27948811718537,18.569862306014883,22.192531788214882,36.77525409025081
2019,10,2019-10-01,24237,12,recovery,0,128.600339842088,125.90944064247374,154.769011603655,18.54995191975895,22.234674695286778,36.891940701139696
2019,11,2019-11-01,24238,12,recovery,0,128.88884617914903,126.3723218579804,155.0980546583245,18.591567507148525,22.316416089711474,36.97037395295935
2019,12,2019-12-01,24239,12,recovery,0,128.7219610003667,126.61747851559772,155.03019420538428,18.567495159856644,22.359708939744724,36.95419820963785
2020,1,2020-01-01,24240,12,recovery,0,128.955682622098,126.95220745586357,155.23631741160267,18.601208327730443,22.418819591495158,37.003331334041405
2020,2,2020-02-01,24241,12,recovery,0,128.77588024460692,127.35563315141381,155.5928693843263,18.57527273952272,22.490061581440536,37.088321824697765
2020,3,2020-03-01,24242,12,covid_aftermath,1,128.708316261572,127.93844950873154,156.03962204075856,18.565526974944305,22.592982633634303,37.194813249165755
2020,4,2020-04-01,24243,12,covid_aftermath,1,129.7307621973063,129.1696222221098,156.81177251026378,18.713009656340894,22.810398616391396,37.37886901742441
2020,5,2020-05-01,24244,12,covid_aftermath,1,130.39223500518136,130.28453786570134,157.7559388249663,18.80842378042002,23.007284461658042,37.603927815261926
2020,6,2020-06-01,24245,12,covid_aftermath,1,131.0228690799573,131.39782745500088,158.8098924068329,18.89938957242663,23.203883157779757,37.85515635669339
2020,7,2020-07-01,24246,12,covid_aftermath,1,131.6342905761528,132.46084604721767,159.88422300804336,18.987584046648557,23.391604368138374,38.11124212232957
2020,8,2020-08-01,24247,12,covid_aftermath,1,132.21907190221336,133.49646110584456,160.4861355999947,19.071935810378857,23.57448631742361,38.25471867115191
2020,9,2020-09-01,24248,12,covid_aftermath,1,132.61362347538065,134.0471368399681,161.28583674704413,19.12884788946905,23.671731573604145,38.44534163236287
2020,10,2020-10-01,24249,12,covid_aftermath,1,132.8407907324744,135.02859394922325,161.66754094712124,19.16161562322471,23.845049630139954,38.53632760280172
2020,11,2020-11-01,24250,12,covid_aftermath,1,133.25821713780243,135.75535111478905,161.93808563698357,19.221827281750503,23.97338956300257,38.6008167311614
2020,12,2020-12-01,24251,12,covid_aftermath,1,133.7214771328801,136.7645720848829,162.27843991025532,19.288650204968203,24.151610511735214,38.6819462126824
2021,1,2021-01-01,24252,12,covid_aftermath,1,134.1706287700393,136.9446647501535,162.61622943663403,19.35343806854784,24.183413542603006,38.76246434126322
2021,2,2021-02-01,24253,12,covid_aftermath,1,134.68101952227835,137.3208721939856,162.69714107845806,19.427059366329402,24.2498489908813,38.781751067083036
2021,3,2021-03-01,24254,12,covid_aftermath,1,134.8700340465978,137.60366520786388,163.06063353750753,19.45432376036263,24.299788142684363,38.86839594583245
2021,4,2021-04-01,24255,12,covid_aftermath,1,134.11771860356248,137.08815510606615,162.78256029788335,19.345806043271576,24.2087528767256,38.802112254022994
2021,5,2021-05-01,24256,12,covid_aftermath,1,133.68147271687118,136.64273527917888,162.1261642205169,19.282879769256645,24.130095034206935,38.64564859949843
2021,6,2021-06-01,24257,12,covid_aftermath,1,133.22059760561376,136.1721682926799,161.44012130964836,19.216400853529546,24.046996389548063,38.48211809604717
2021,7,2021-07-01,24258,12,covid_aftermath,1,132.74381338791522,135.68535764256566,160.6923476506099,19.14762712925115,23.961029234200065,38.303872973194224
2021,8,2021-08-01,24259,12,covid_aftermath,1,132.59383048683623,135.50733195111624,159.77473820236204,19.12599285046761,23.92959121560048,38.08514447579801
2021,9,2021-09-01,24260,12,covid_aftermath,1,132.43639340083467,135.19593143975024,160.03387582906805,19.103283343017615,23.874600191616587,38.14691452820588
2021,10,2021-10-01,24261,12,covid_aftermath,1,132.7763020101266,134.88317438148096,159.79083124912742,19.152313449526044,23.819369611496555,38.08898053910821
2021,11,2021-11-01,24262,12,covid_aftermath,1,132.97911808385788,134.3253476225465,159.35645048344261,19.181568647614085,23.720861537296997,37.9854381743718
2021,12,2021-12-01,24263,12,covid_aftermath,1,133.09917867857354,133.67156982567826,159.17749564157768,19.198886784270393,23.605409220439807,37.94278111178637
2022,1,2022-01-01,24264,12,covid_aftermath,0,132.986669909903,133.28649247446418,159.09842625230112,19.182657960521148,23.53740741221098,37.92393351955688
2022,2,2022-02-01,24265,12,covid_aftermath,0,132.9594692812092,133.12504823663153,158.93874844992675,19.178734406702578,23.508897555513023,37.885871481456064
2022,3,2022-03-01,24266,12,covid_aftermath,0,133.06327604061823,132.92159347383148,158.76804042049557,19.19370800940338,23.472968951248056,37.84518019297571
2022,4,2022-04-01,24267,12,covid_aftermath,0,133.33568857598112,133.07921111407492,158.636424238118,19.233002146880207,23.500803059152673,37.81380714002879
2022,5,2022-05-01,24268,12,covid_aftermath,0,133.2806874800159,133.22003195304902,158.91558303520478,19.225068515546557,23.52567097635514,37.88034959372554
2022,6,2022-06-01,24269,12,covid_aftermath,0,133.18200599391923,133.45744908419687,159.07995260678592,19.210834207731263,23.56759708333508,37.91952999828464
2022,7,2022-07-01,24270,12,covid_aftermath,0,133.4380552386036,133.26418742921868,159.26331101969689,19.247768022865948,23.53346850641832,37.96323673018191
2022,8,2022-08-01,24271,12,covid_aftermath,0,133.69017527664266,133.28728104404024,159.56900590656852,19.28413506971338,23.537546667757738,38.03610453183197
2022,9,2022-09-01,24272,12,covid_aftermath,0,134.10287393073818,133.74386837607554,159.00803484410753,19.343664773913396,23.618176608975737,37.90238712317935
2022,10,2022-10-01,24273,12,covid_aftermath,0,134.15347202836173,134.1031582274155,159.33367285739848,19.35096329489165,23.681624535716562,37.98000872295497
2022,11,2022-11-01,24274,12,covid_aftermath,0,134.13135057019747,134.50416197148783,159.69536330007838,19.347772385864147,23.75243882696862,38.06622405912115
2022,12,2022-12-01,24275,12,covid_aftermath,0,134.16077084561294,135.01317570109762,159.364799502552,19.35201611255331,23.84232688171303,37.987428311251946
2023,1,2023-01-01,24276,12,covid_aftermath,0,134.3095287838477,135.69553763441778,159.61650296226236,19.37347369661044,23.962826945365148,38.04742629801745
2023,2,2023-02-01,24277,12,covid_aftermath,0,134.38173071085478,136.15705854296812,159.83064459965098,19.383888461269226,24.044328119656193,38.098470757798694
2023,3,2023-03-01,24278,12,covid_aftermath,0,134.52852448214696,136.26193296877514,160.14419620613262,19.405062724128356,24.062848166523015,38.17321134800606
2023,4,2023-04-01,24279,12,covid_aftermath,0,134.35843205677048,136.2810193457898,159.75425736019122,19.380527747653776,24.066218679344505,38.08026250357989
2023,5,2023-05-01,24280,12,covid_aftermath,0,134.54592710624178,136.27547871376933,159.5548402055918,19.407572965085986,24.06524024476524,38.03272788559633
2023,6,2023-06-01,24281,12,covid_aftermath,0,134.81171633426507,136.46039595057286,159.5234999368899,19.44591172380681,24.097895259233557,38.02525737633528
2023,7,2023-07-01,24282,12,covid_aftermath,0,134.75740851487282,137.11101786367163,159.45777267509465,19.438078094130326,24.212790270390457,38.00959011698231
2023,8,2023-08-01,24283,12,covid_aftermath,0,134.53107415373518,137.23311634633734,159.49190034675445,19.405430501425297,24.234351958132116,38.01772505320821
2023,9,2023-09-01,24284,12,covid_aftermath,0,134.5199760583388,137.2739826757829,159.59470036423357,19.403829657008743,24.2415686492442,38.04222926183253
2023,10,2023-10-01,24285,12,covid_aftermath,0,134.63718944874088,137.43255768489092,159.46565876580135,19.420737098769624,24.269571821399744,38.01146990666179
2023,11,2023-11-01,24286,12,covid_aftermath,0,134.93006684533478,137.86337960650943,159.60775793636563,19.46298318950214,24.345651781964307,38.04534176589136
2023,12,2023-12-01,24287,12,covid_aftermath,0,135.22555260796491,138.31232243251483,160.11784883208617,19.50560552391038,24.42493176003488,38.16693098379826
2024,1,2024-01-01,24288,12,covid_aftermath,0,135.28957205374297,138.77519069976333,160.8618362597904,19.514840006825203,24.50667086789308,38.344273591215995
2024,2,2024-02-01,24289,12,covid_aftermath,0,135.43767903896423,138.57958701986874,160.96684482161368,19.53620369418566,24.47212870672181,38.369304245581205
2024,3,2024-03-01,24290,12,covid_aftermath,0,135.72026392428933,139.19329553017317,161.12643522730193,19.57696514195841,24.580505084336696,38.4073454511308
2024,4,2024-04-01,24291,12,covid_aftermath,0,136.1651278324486,139.5445530997484,162.04459939845944,19.641134522205178,24.6425345696073,38.62620617657756
2024,5,2024-05-01,24292,12,covid_aftermath,0,136.47463228866738,139.73772863575547,161.8780743641368,19.685778982623084,24.676647938551582,38.58651197921964
2024,6,2024-06-01,24293,12,covid_aftermath,0,136.79759367682286,140.265681327751,162.35751347839604,19.73236453775909,24.76988047378581,38.700794801018326
2024,7,2024-07-01,24294,12,covid_aftermath,0,137.26716788447527,140.48762859727287,162.88952269376787,19.800098254368294,24.809074717776927,38.82760863941266
2024,8,2024-08-01,24295,12,covid_aftermath,0,137.74955056198533,141.04519605141763,163.33806133844587,19.86967952830368,24.907537000671113,38.934525785876104
2024,9,2024-09-01,24296,12,covid_aftermath,0,137.88688799878145,141.264200389076,163.40147797032918,19.889489762494968,24.946211544691344,38.94964226558133
2024,10,2024-10-01,24297,12,covid_aftermath,0,138.36311386038363,141.48165398422597,163.8104834082223,19.95818294671605,24.98461223906985,39.0471359705863
2024,11,2024-11-01,24298,12,covid_aftermath,0,138.67664923689705,141.92637048415236,163.88769307180658,20.00340884710332,25.063145879256275,39.06554026419128
2024,12,2024-12-01,24299,12,covid_aftermath,0,138.75963925261115,142.2774084654016,164.44346493706232,20.015379739273644,25.125136586854847,39.19801835191651
2025,1,2025-01-01,24300,12,covid_aftermath,0,139.2982908965273,142.4553678027059,164.1700966264213,20.093077528473994,25.156562887803837,39.132856163431605
2025,2,2025-02-01,24301,12,covid_aftermath,0,139.7509989303324,143.0102921862674,164.25664302667977,20.158378384374412,25.254558424008376,39.15348603392796
2025,3,2025-03-01,24302,12,covid_aftermath,0,140.08795624275695,143.20659986405312,164.66847629322692,20.206982781160313,25.28922490599321,39.251653802079915
2025,4,2025-04-01,24303,12,covid_aftermath,0,140.26516328090193,143.41826276133546,165.21338235908436,20.23254400472682,25.326603006015894,39.381541833676216
2025,5,2025-05-01,24304,12,covid_aftermath,0,140.5774673625685,143.8599719537611,165.51501543363992,20.27759229702817,25.404605577970685,39.45344143027313
2025,6,2025-06-01,24305,12,covid_aftermath,0,140.87243124316146,143.71122658941084,165.12322126004528,20.320139352578593,25.37833824827814,39.36005033557311
2025,7,2025-07-01,24306,12,covid_aftermath,0,141.0193535547434,143.86736396731882,164.7711535733315,20.341332156727724,25.405910952817564,39.276128754072715
2025,8,2025-08-01,24307,12,covid_aftermath,0,141.00454430992184,143.76469375851858,165.03222192799336,20.33919599768067,25.387780154349063,39.338359029754734
2025,9,2025-09-01,24308,12,covid_aftermath,0,141.12916098740962,143.89803447432732,165.1928365972419,20.35717132635116,25.41132713720051,39.37664438670218
2025,10,2025-10-01,24309,11,covid_aftermath,0,140.95196628047924,144.2302510598179,165.25531701052654,20.331611881500315,25.469994125704865,39.39153770208875
2025,11,2025-11-01,24310,11,covid_aftermath,0,140.60922596336965,143.8803031580231,165.3635988362955,20.282173315388025,25.408195918064507,39.417348597008136
2025,12,2025-12-01,24311,11,covid_aftermath,0,140.49050757876168,143.52288630048793,164.57444202114567,20.2650487857859,25.34507874815767,39.22923906444251
2026,1,2026-01-01,24312,11,covid_aftermath,0,140.14764277718226,143.5491853697408,164.26750648516585,20.21559226341523,25.349722969009118,39.15607553205892
2026,2,2026-02-01,24313,11,covid_aftermath,0,139.79685195551696,143.62064323223026,164.04832960310173,20.16499245253001,25.362341898286907,39.10383083234554
2026,3,2026-03-01,24314,11,covid_aftermath,0,139.37802865538555,143.54879922943374,163.7360478826816,20.10457929895785,25.349654779490756,39.02939294201842
2026,4,2026-04-01,24315,11,covid_aftermath,0,138.93518202795832,143.09663985293554,163.03828684831998,20.04070090130595,25.269806782425878,38.8630692158635
2026,5,2026-05-01,24316,11,covid_aftermath,0,138.64854666939075,142.86696018946245,162.7849690073755,19.9993551931495,25.22924705493135,38.80268641267938
2026,6,2026-06-01,24317,11,covid_aftermath,0,138.2221017319868,143.0368109700743,162.88737104879726,19.937842656751997,25.259241444822802,38.82709575664728
2026,7,2026-07-01,24318,11,covid_aftermath,0,137.80716182325216,143.09207105292123,163.0028395185261,19.877989662848027,25.268999966181216,38.85461971570051
2026,8,2026-08-01,24319,11,covid_aftermath,0,137.72483376977524,142.58452923620106,162.22394310441973,19.8661142553995,25.179371840351703,38.66895593182154
