year_int,month_int,date_dt,month_idx_int,window_n_int,era_slug_chr,covid_flag_int,r50_10,r90_50,r90_10
1982,1,1982-01-01,23784,1,NA,0,97.66366696239011,97.58216464219255,95.30232029084213
1982,2,1982-02-01,23785,2,NA,0,99.30671453599267,98.33861553089172,97.65684820391
1982,3,1982-03-01,23786,3,NA,0,96.99725605841145,99.36342637772464,96.37979711201271
1982,4,1982-04-01,23787,4,NA,0,100.82610951164845,100.57084348547741,101.40166878945602
1982,5,1982-05-01,23788,5,NA,0,97.96065589116463,98.91629579941001,96.8990521483466
1982,6,1982-06-01,23789,6,NA,0,101.5702136408857,99.4587447314655,101.02045950829266
1982,7,1982-07-01,23790,7,NA,0,100.26803141472053,99.7999411113333,100.06743630538423
1982,8,1982-08-01,23791,8,NA,0,100.32011870376711,98.79814177169028,99.11441310247581
1982,9,1982-09-01,23792,9,NA,0,101.5702136408857,101.33532482073844,102.92650591410953
1982,10,1982-10-01,23793,10,NA,0,101.5702136408857,101.33532482073844,102.92650591410953
1982,11,1982-11-01,23794,11,NA,0,100.6687028689252,103.21190491001137,103.90208587921695
1982,12,1982-12-01,23795,12,stagnation1,0,101.57021364088573,101.33532482073842,102.92650591410953
1983,1,1983-01-01,23796,12,stagnation1,0,102.69392030311178,98.60626532059639,101.26263952220822
1983,2,1983-02-01,23797,12,stagnation1,0,99.08134709035431,101.9905472715106,101.05360814143731
1983,3,1983-03-01,23798,12,stagnation1,0,100.29520739161437,101.49430891302178,101.79392761500092
1983,4,1983-04-01,23799,12,stagnation1,0,104.17457809321613,102.12086997438755,106.38398544094005
1983,5,1983-05-01,23800,12,stagnation1,0,102.41946291881953,99.3892417651961,101.79392761500092
1983,6,1983-06-01,23801,12,stagnation1,0,102.38599250610098,102.71806804441322,105.16891345036461
1983,7,1983-07-01,23802,12,stagnation1,0,103.70105728370149,102.56152852290718,106.35738944457982
1983,8,1983-08-01,23803,12,stagnation1,0,104.22666538226271,101.23966706506334,105.51872902602041
1983,9,1983-09-01,23804,12,stagnation1,0,102.41946291881953,101.19631888819968,103.64472629891006
1983,10,1983-10-01,23805,12,stagnation1,0,104.0451686794357,101.64808816895058,105.75992479480617
1983,11,1983-11-01,23806,12,stagnation1,0,102.41946291881953,103.26154988591804,105.75992479480617
1983,12,1983-12-01,23807,12,stagnation1,0,105.07478232782597,99.34357555631154,104.38504577247367
1984,1,1984-01-01,23808,12,stagnation1,0,104.69545098368219,100.19597262367985,104.90062540584836
1984,2,1984-02-01,23809,12,stagnation1,0,104.69545098368219,100.54448035454483,105.26549714639046
1984,3,1984-03-01,23810,12,stagnation1,0,105.6708744400519,101.67710196040174,107.44308274685969
1984,4,1984-04-01,23811,12,stagnation1,0,104.69545098368219,100.68001113877011,105.40739171215684
1984,5,1984-05-01,23812,12,stagnation1,0,104.69545098368219,100.54448035454483,105.26549714639046
1984,6,1984-06-01,23813,12,stagnation1,0,104.69545098368219,104.55231925949202,109.46152216262438
1984,7,1984-07-01,23814,12,stagnation1,0,106.2127763602573,101.64808816895057,107.96325656136463
1984,8,1984-08-01,23815,12,stagnation1,0,104.69545098368219,104.55231925949205,109.46152216262442
1984,9,1984-09-01,23816,12,stagnation1,0,104.69545098368219,104.55231925949202,109.46152216262438
1984,10,1984-10-01,23817,12,stagnation1,0,106.83209284049204,102.46127287430217,109.46152216262438
1984,11,1984-11-01,23818,12,stagnation1,0,106.93892493333253,102.35891396034182,109.46152216262438
1984,12,1984-12-01,23819,12,stagnation1,0,106.35728353897875,102.91868927106246,109.46152216262442
1985,1,1985-01-01,23820,12,stagnation1,0,106.83209284049204,102.46127287430217,109.46152216262438
1985,2,1985-02-01,23821,12,stagnation1,0,105.74240549351904,103.51714778167526,109.46152216262442
1985,3,1985-03-01,23822,12,stagnation1,0,109.18239888298287,100.25564860499236,109.46152216262442
1985,4,1985-04-01,23823,12,stagnation1,0,112.17369748251666,97.58216464219255,109.46152216262442
1985,5,1985-05-01,23824,12,stagnation1,0,111.96003329683566,97.76839014723492,109.46152216262442
1985,6,1985-06-01,23825,12,stagnation1,0,112.17369748251663,100.05424614646145,112.2345473907442
1985,7,1985-07-01,23826,12,stagnation1,0,108.43457423309943,100.94706687123369,109.46152216262438
1985,8,1985-08-01,23827,12,stagnation1,0,110.37891832279634,100.27074280080762,110.67776129776465
1985,9,1985-09-01,23828,12,stagnation1,0,110.59378625036852,97.58216464219255,107.91981058286913
1985,10,1985-10-01,23829,12,stagnation1,0,110.59378625036852,100.29278032669791,110.91758309905993
1985,11,1985-11-01,23830,12,stagnation1,0,112.17369748251663,99.53380793503644,111.65075260587687
1985,12,1985-12-01,23831,12,stagnation1,0,111.85411429880577,100.02171875824739,111.87840762348007
1986,1,1986-01-01,23832,12,stagnation1,0,109.05776144133561,101.19631888819968,110.36244004050606
1986,2,1986-02-01,23833,12,stagnation1,0,111.2904400220244,103.53002991562143,115.21902584802858
1986,3,1986-03-01,23834,12,stagnation1,0,109.05776144133561,103.92500534393507,113.338284405884
1986,4,1986-04-01,23835,12,stagnation1,0,107.56381950378307,104.0876422850054,111.96064367318658
1986,5,1986-05-01,23836,12,stagnation1,0,110.59378625036851,104.0876422850054,115.11446462172707
1986,6,1986-06-01,23837,12,stagnation1,0,109.93022353286628,103.76236840286475,114.06620352826543
1986,7,1986-07-01,23838,12,stagnation1,0,112.17369748251663,104.08764228500542,116.758956973466
1986,8,1986-08-01,23839,12,stagnation1,0,112.17369748251663,103.17687541501161,115.73731609994817
1986,9,1986-09-01,23840,12,stagnation1,0,107.86804040743013,101.02624104132876,108.97502650856828
1986,10,1986-10-01,23841,12,stagnation1,0,106.78936000335584,103.64118793696922,110.67776129776465
1986,11,1986-11-01,23842,12,stagnation1,0,110.00193274586883,101.78061501141336,111.9606436731866
1986,12,1986-12-01,23843,12,stagnation1,0,112.94201047897224,100.68001113877008,113.71002873058013
1987,1,1987-01-01,23844,12,stagnation1,0,111.50782621892179,102.91623795060822,114.75965976501622
1987,2,1987-02-01,23845,12,stagnation1,0,111.96596841310456,105.6084032924162,118.2454714719708
1987,3,1987-03-01,23846,12,stagnation1,0,111.6751477159277,103.68104993232959,115.78596566535379
1987,4,1987-04-01,23847,12,stagnation1,0,110.27920836947858,101.4642760746125,111.89400043290492
1987,5,1987-05-01,23848,12,stagnation1,0,109.58123869625402,102.49234999679972,112.31238669539317
1987,6,1987-06-01,23849,12,stagnation1,0,111.67514771592768,103.68104993232959,115.78596566535379
1987,7,1987-07-01,23850,12,stagnation1,0,111.54766467058987,104.55231925949205,116.62567049290273
1987,8,1987-08-01,23851,12,stagnation1,0,112.66027007753587,99.56784822502787,112.1734067207074
1987,9,1987-09-01,23852,12,stagnation1,0,111.37813934434274,102.61374500655562,114.28927989985007
1987,10,1987-10-01,23853,12,stagnation1,0,110.2057378775602,104.55231925949202,115.22265490802567
1987,11,1987-11-01,23854,12,stagnation1,0,111.67514771592768,103.68104993232959,115.78596566535379
1987,12,1987-12-01,23855,12,stagnation1,0,111.67514771592768,103.68104993232959,115.78596566535379
1988,1,1988-01-01,23856,12,stagnation1,0,111.67514771592768,106.59188154807681,119.03664117200144
1988,2,1988-02-01,23857,12,stagnation1,0,111.67514771592765,108.56015816443924,121.23471699078222
1988,3,1988-03-01,23858,12,stagnation1,0,104.69545098368219,106.1206040483844,111.10344499506374
1988,4,1988-04-01,23859,12,stagnation1,0,108.4926953198779,103.68104993232961,112.48636560753285
1988,5,1988-05-01,23860,12,stagnation1,0,112.72210222576446,105.40350773184885,118.81304973503623
1988,6,1988-06-01,23861,12,stagnation1,0,108.45374922412208,105.67375502712684,114.60714927283323
1988,7,1988-07-01,23862,12,stagnation1,0,104.69545098368219,106.73049257739811,111.74197054101239
1988,8,1988-08-01,23863,12,stagnation1,0,104.69545098368219,104.29093846134333,109.18786835721785
1988,9,1988-09-01,23864,12,stagnation1,0,107.31283725827423,104.12730983160792,111.74197054101239
1988,10,1988-10-01,23865,12,stagnation1,0,107.96718382692225,107.93178816484934,116.53091213562722
1988,11,1988-11-01,23866,12,stagnation1,0,107.96718382692225,106.4532705187555,114.93459827075557
1988,12,1988-12-01,23867,12,stagnation1,0,106.33131740530223,105.24651279627568,111.91000357941994
1989,1,1989-01-01,23868,12,stagnation1,0,106.39675206216704,105.02385493470909,111.74197054101242
1989,2,1989-02-01,23869,12,stagnation1,0,108.88326902302947,102.62547363211357,111.74197054101239
1989,3,1989-03-01,23870,12,stagnation1,0,109.53761559167748,102.01241823407227,111.74197054101239
1989,4,1989-04-01,23871,12,stagnation1,0,110.5845701015143,102.65053479783572,113.51565261309196
1989,5,1989-05-01,23872,12,stagnation1,0,109.53761559167751,103.7029097362369,113.59369462426348
1989,6,1989-06-01,23873,12,stagnation1,0,109.56500684338835,106.64917410686294,116.85017490860153
1989,7,1989-07-01,23874,12,stagnation1,0,110.5845701015143,103.93366648280865,114.9345982707556
1989,8,1989-08-01,23875,12,stagnation1,0,108.62153039557029,104.63629702596549,113.65754717885831
1989,9,1989-09-01,23876,12,stagnation1,0,105.9418254001546,103.32229197408626,109.46152216262442
1989,10,1989-10-01,23877,12,stagnation1,0,113.85630294475436,105.1531946575351,119.72353986537043
1989,11,1989-11-01,23878,12,stagnation1,0,108.4345742330994,101.96673421336737,110.567194103661
1989,12,1989-12-01,23879,12,stagnation1,0,114.1834762290784,101.55255644138778,115.95623914427344
1990,1,1990-01-01,23880,12,stagnation1,0,109.05776144133561,102.22893438705886,111.48858738785816
1990,2,1990-02-01,23881,12,stagnation1,0,109.3759534982468,100.82391448109422,110.27711781795374
1990,3,1990-03-01,23882,12,stagnation1,0,108.50789037524486,106.46126250603169,115.51887001214655
1990,4,1990-04-01,23883,12,stagnation1,0,106.76983637613277,104.55231925949202,111.63034020081159
1990,5,1990-05-01,23884,12,stagnation1,0,107.7747289537905,104.55231925949202,112.68097869681922
1990,6,1990-06-01,23885,12,stagnation1,0,110.23815132987711,103.5788339777463,114.18339174611015
1990,7,1990-07-01,23886,12,stagnation1,0,107.03570224096448,106.67785547765585,114.18339174611015
1990,8,1990-08-01,23887,12,stagnation1,0,106.52153443107203,105.94635018295192,112.85567788859726
1990,9,1990-09-01,23888,12,stagnation1,0,106.521534431072,105.19571814724274,112.05609312622865
1990,10,1990-10-01,23889,12,stagnation1,0,110.8540069238988,105.88342517599018,117.37601947585335
1990,11,1990-11-01,23890,12,stagnation1,0,108.30563894863676,107.34038110641183,116.25568560720109
1990,12,1990-12-01,23891,12,stagnation1,0,109.9302235328663,103.27445757965378,113.52984206966859
1991,1,1991-01-01,23892,12,stagnation1,0,106.44037516674358,106.64717447234158,113.51565261309196
1991,2,1991-02-01,23893,12,stagnation1,0,104.69545098368219,105.7140116957086,110.67776129776465
1991,3,1991-03-01,23894,12,stagnation1,0,109.57956891234679,105.94635018295193,116.09555380884403
1991,4,1991-04-01,23895,12,stagnation1,0,104.69545098368219,105.96043130339092,110.93575141733989
1991,5,1991-05-01,23896,12,stagnation1,0,105.2124655564411,107.89182822846846,113.51565261309194
1991,6,1991-06-01,23897,12,stagnation1,0,104.69545098368219,108.31620275283373,113.40213696047886
1991,7,1991-07-01,23898,12,stagnation1,0,104.69545098368219,108.42462738021396,113.51565261309196
1991,8,1991-08-01,23899,12,stagnation1,0,104.69545098368219,108.42462738021396,113.51565261309196
1991,9,1991-09-01,23900,12,stagnation1,0,104.69545098368219,108.42462738021396,113.51565261309196
1991,10,1991-10-01,23901,12,stagnation1,0,107.1444673809613,105.94635018295192,113.51565261309194
1991,11,1991-11-01,23902,12,stagnation1,0,104.69545098368219,108.42462738021396,113.51565261309196
1991,12,1991-12-01,23903,12,stagnation1,0,107.4873296765804,104.2188190385686,112.02202560502496
1992,1,1992-01-01,23904,12,stagnation1,0,108.37026131320945,103.70049377491237,112.38049608696102
1992,2,1992-02-01,23905,12,stagnation1,0,105.25832975241165,104.365951488976,109.85385736750834
1992,3,1992-03-01,23906,12,stagnation1,0,108.10943308097616,102.71806804441322,111.04792103454646
1992,4,1992-04-01,23907,12,stagnation1,0,104.69545098368219,102.71806804441322,107.54114458082395
1992,5,1992-05-01,23908,12,stagnation1,0,103.04236491551879,104.365951488976,107.54114458082395
1992,6,1992-06-01,23909,12,stagnation1,0,105.277092378036,107.82559628971552,113.51565261309196
1992,7,1992-07-01,23910,12,stagnation1,0,104.13257221495269,105.49423204561359,109.85385736750834
1992,8,1992-08-01,23911,12,stagnation1,0,105.5397691367764,104.08764228500542,109.85385736750834
1992,9,1992-09-01,23912,12,stagnation1,0,104.14442229429437,103.26154988591807,107.54114458082395
1992,10,1992-10-01,23913,12,stagnation1,0,105.82120852114114,103.81081344914101,109.85385736750834
1992,11,1992-11-01,23914,12,stagnation1,0,104.69545098368219,102.71806804441324,107.54114458082398
1992,12,1992-12-01,23915,12,stagnation1,0,104.69545098368219,102.71806804441322,107.54114458082395
1993,1,1993-01-01,23916,12,stagnation1,0,105.61383213266186,103.6068026331453,109.42311461098839
1993,2,1993-02-01,23917,12,stagnation1,0,105.57709688670266,101.86029712128658,107.54114458082395
1993,3,1993-03-01,23918,12,stagnation1,0,105.23511825679397,101.43676158232073,106.74709600701736
1993,4,1993-04-01,23919,12,stagnation1,0,108.9487036798943,97.67984448667923,106.4209243247737
1993,5,1993-05-01,23920,12,stagnation1,0,103.1091562718082,105.0884849992843,108.35585022158777
1993,6,1993-06-01,23921,12,stagnation1,0,105.24647967306998,107.28929096785569,112.91820180986514
1993,7,1993-07-01,23922,12,stagnation1,0,105.24647967306998,106.26748819673324,111.84279036405694
1993,8,1993-08-01,23923,12,stagnation1,0,109.05776144133561,98.55798628861449,107.48513356802144
1993,9,1993-09-01,23924,12,stagnation1,0,100.76937157179411,104.67904934344293,105.4844201907157
1993,10,1993-10-01,23925,12,stagnation1,0,104.69545098368219,103.68104993232959,108.54934281126918
1993,11,1993-11-01,23926,12,stagnation1,0,104.69545098368219,103.68104993232959,108.54934281126918
1993,12,1993-12-01,23927,12,stagnation1,0,110.20573787756022,100.63160728726108,110.9018053489747
1994,1,1994-01-01,23928,12,stagnation1,0,104.69545098368219,105.5107155193707,110.46491944911511
1994,2,1994-02-01,23929,12,stagnation1,0,103.97795603816995,109.28319343412966,113.63043082604757
1994,3,1994-03-01,23930,12,stagnation1,0,104.37819204130737,106.88372041095602,111.5632949514417
1994,4,1994-04-01,23931,12,stagnation1,0,107.39378734924101,104.93760418808647,112.6964674911418
1994,5,1994-05-01,23932,12,stagnation1,0,102.07806470909014,108.21611848140584,110.46491944911511
1994,6,1994-06-01,23933,12,stagnation1,0,101.68413485564142,111.63555924849777,113.51565261309196
1994,7,1994-07-01,23934,12,stagnation1,0,100.66775539878056,109.7321769135753,110.46491944911511
1994,8,1994-08-01,23935,12,stagnation1,0,103.6484964738454,106.57648032259667,110.46491944911511
1994,9,1994-09-01,23936,12,stagnation1,0,104.69545098368219,105.55706704757573,110.5134473906072
1994,10,1994-10-01,23937,12,stagnation1,0,104.69545098368219,106.51459203812726,111.51593249774658
1994,11,1994-11-01,23938,12,stagnation1,0,104.69545098368219,103.21167972040062,108.05793355110708
1994,12,1994-12-01,23939,12,stagnation1,0,104.69545098368219,107.90269833016245,112.96921664032568
1995,1,1995-01-01,23940,12,stagnation1,0,104.69545098368219,105.55706704757574,110.51344739060721
1995,2,1995-02-01,23941,12,stagnation1,0,104.69545098368219,107.5751057727133,112.62624213491532
1995,3,1995-03-01,23942,12,stagnation1,0,104.69545098368219,107.34038110641183,112.38049608696105
1995,4,1995-04-01,23943,12,stagnation1,0,104.69545098368219,107.34038110641183,112.38049608696105
1995,5,1995-05-01,23944,12,stagnation1,0,104.69545098368219,109.7799352224666,114.93459827075557
1995,6,1995-06-01,23945,12,stagnation1,0,104.69545098368219,109.77993522246663,114.9345982707556
1995,7,1995-07-01,23946,12,stagnation1,0,104.69545098368219,107.34038110641183,112.38049608696105
1995,8,1995-08-01,23947,12,stagnation1,0,104.69545098368219,107.3403811064118,112.38049608696102
1995,9,1995-09-01,23948,12,stagnation1,0,104.69545098368219,112.08762154846443,117.35064087704777
1995,10,1995-10-01,23949,12,stagnation1,0,104.69545098368219,109.84776672715692,115.00561477050013
1995,11,1995-11-01,23950,12,stagnation1,0,104.69545098368219,105.55706704757574,110.51344739060721
1995,12,1995-12-01,23951,12,stagnation1,0,104.69545098368219,109.46685911090627,114.60682182383532
1996,1,1996-01-01,23952,12,stagnation1,0,104.69545098368219,112.21948933852143,117.48870045455016
1996,2,1996-02-01,23953,12,stagnation1,0,104.69545098368219,112.56102691476912,117.8462747602814
1996,3,1996-03-01,23954,12,stagnation1,0,104.69545098368219,107.90269833016245,112.96921664032568
1996,4,1996-04-01,23955,12,stagnation1,0,104.69545098368219,109.7799352224666,114.93459827075557
1996,5,1996-05-01,23956,12,stagnation1,0,104.69545098368219,112.49829552321341,117.78059784698384
1996,6,1996-06-01,23957,12,stagnation1,0,104.69545098368219,112.59396089533585,117.88075513976266
1996,7,1996-07-01,23958,12,stagnation1,0,104.69545098368219,109.77993522246663,114.9345982707556
1996,8,1996-08-01,23959,12,stagnation1,0,104.69545098368219,112.21948933852143,117.48870045455016
1996,9,1996-09-01,23960,12,itboom,0,107.25467311883885,109.90757523391835,117.881010549981
1996,10,1996-10-01,23961,12,itboom,0,108.35979176811105,108.78643564766749,117.88075513976263
1996,11,1996-11-01,23962,12,itboom,0,107.37798109444186,109.41600806520628,117.48870045455016
1996,12,1996-12-01,23963,12,itboom,0,104.69545098368219,111.66571055417702,116.90891925882885
1997,1,1997-01-01,23964,12,itboom,0,106.97594595560399,109.54354431974812,117.18524276934689
1997,2,1997-02-01,23965,12,itboom,0,105.09429079695335,111.09923868181318,116.758956973466
1997,3,1997-03-01,23966,12,itboom,0,107.31283725827423,109.84800473243654,117.88101054998103
1997,4,1997-04-01,23967,12,itboom,0,107.77472895379049,107.5630388233533,115.92577354632947
1997,5,1997-05-01,23968,12,itboom,0,105.29714897784129,107.15451031661715,112.83064436456468
1997,6,1997-06-01,23969,12,itboom,0,109.9302235328663,110.36078144057491,121.31985373024203
1997,7,1997-07-01,23970,12,itboom,0,102.0032822441018,111.28627443716972,113.51565261309194
1997,8,1997-08-01,23971,12,itboom,0,101.7600645075042,108.26365851033408,110.16916873830002
1997,9,1997-09-01,23972,12,itboom,0,101.84012050230905,109.61235837430772,111.62935785381782
1997,10,1997-10-01,23973,12,itboom,0,101.12628788196574,110.38609266871461,111.62935785381782
1997,11,1997-11-01,23974,12,itboom,0,103.22971466991063,108.13722114407334,111.62974483899717
1997,12,1997-12-01,23975,12,itboom,0,100.66705556287826,110.88966219349918,111.62935785381782
1998,1,1998-01-01,23976,12,itboom,0,104.69545098368219,106.62182153041023,111.62819689827974
1998,2,1998-02-01,23977,12,itboom,0,104.69545098368219,107.47677435926397,112.52329361814591
1998,3,1998-03-01,23978,12,itboom,0,102.82588935897357,107.74541712472332,110.79018340203257
1998,4,1998-04-01,23979,12,itboom,0,101.9159257363278,108.2274916940681,110.30105006121678
1998,5,1998-05-01,23980,12,itboom,0,101.9159257363278,106.83694584791687,108.88386238932368
1998,6,1998-06-01,23981,12,itboom,0,100.14347485395689,108.91746659557857,109.0737357717101
1998,7,1998-07-01,23982,12,itboom,0,100.14347485395686,106.6233000480563,106.77627767208425
1998,8,1998-08-01,23983,12,itboom,0,100.14347485395686,108.70061734081814,108.85657539279809
1998,9,1998-09-01,23984,12,itboom,0,100.14347485395686,110.888823457037,111.04792103454646
1998,10,1998-10-01,23985,12,itboom,0,100.85962627091797,109.3918207964608,110.33218162626271
1998,11,1998-11-01,23986,12,itboom,0,101.42108116520868,109.47493205954744,111.03065969967065
1998,12,1998-12-01,23987,12,itboom,0,102.08214799500992,108.42462738021396,110.68218858530808
1999,1,1999-01-01,23988,12,itboom,0,100.33314052602877,106.06757026325278,106.42092432477371
1999,2,1999-02-01,23989,12,itboom,0,98.5882163429674,110.10376983964204,108.54934281126918
1999,3,1999-03-01,23990,12,itboom,0,100.33314052602876,106.06757026325278,106.42092432477371
1999,4,1999-04-01,23991,12,itboom,0,100.33314052602877,106.06757026325278,106.42092432477371
1999,5,1999-05-01,23992,12,itboom,0,99.9841556894165,108.80307285100002,108.78583375421314
1999,6,1999-06-01,23993,12,itboom,0,100.33314052602877,106.37728756842148,106.73167342380205
1999,7,1999-07-01,23994,12,itboom,0,100.67542531986801,108.3450030444816,109.07679262785581
1999,8,1999-08-01,23995,12,itboom,0,100.66685727603924,109.94458781431355,110.67776129776466
1999,9,1999-09-01,23996,12,itboom,0,102.51429575485548,107.91049887108386,110.62368796324287
1999,10,1999-10-01,23997,12,itboom,0,104.69545098368219,109.46685911090627,114.60682182383532
1999,11,1999-11-01,23998,12,itboom,0,101.99081849993705,110.1296077194562,112.32208832384323
1999,12,1999-12-01,23999,12,itboom,0,104.02365517320355,108.13590122745694,112.48691701128581
2000,1,2000-01-01,24000,12,itboom,0,104.69545098368219,105.7140116957086,110.67776129776466
2000,2,2000-02-01,24001,12,itboom,0,104.69545098368219,110.2485329089255,115.42519873189282
2000,3,2000-03-01,24002,12,itboom,0,104.69545098368219,109.10291167708085,114.22578541664826
2000,4,2000-04-01,24003,12,itboom,0,104.69545098368219,106.73049257739808,111.74197054101236
2000,5,2000-05-01,24004,12,itboom,0,104.69545098368219,107.51216637541735,112.56034744906992
2000,6,2000-06-01,24005,12,itboom,0,104.69545098368219,109.46685911090627,114.60682182383532
2000,7,2000-07-01,24006,12,itboom,0,104.69545098368219,113.73201289047545,119.07224380850283
2000,8,2000-08-01,24007,12,itboom,0,101.6826322503388,110.38982375148032,112.24727852701491
2000,9,2000-09-01,24008,12,itboom,0,100.5076329443349,109.77993522246663,110.33721433992538
2000,10,2000-10-01,24009,12,itboom,0,100.66677002983009,111.83911456412369,112.5848242616646
2000,11,2000-11-01,24010,12,itboom,0,100.5076329443349,107.54367728274971,108.08960441818614
2000,12,2000-12-01,24011,12,itboom,0,102.35027288164771,111.33510106240665,113.95177975043147
2001,1,2001-01-01,24012,12,itboom,0,100.6687028689252,111.52247387679148,112.26822785910193
2001,2,2001-02-01,24013,12,itboom,0,103.85788737581272,110.17341169279807,114.42377783399668
2001,3,2001-03-01,24014,12,stagnation2,0,99.95420734528166,114.65904345457625,114.60653803470376
2001,4,2001-04-01,24015,12,stagnation2,0,104.69545098368219,111.72073605257245,116.96652845252994
2001,5,2001-05-01,24016,12,stagnation2,0,101.07137768040087,108.40756454044696,109.56901899079949
2001,6,2001-06-01,24017,12,stagnation2,0,100.6687028689252,112.51223583244801,113.26460838135148
2001,7,2001-07-01,24018,12,stagnation2,0,99.46067843449808,113.87878120693121,113.26460838135148
2001,8,2001-08-01,24019,12,stagnation2,0,102.44047203941827,110.64682080458674,113.3471255288279
2001,9,2001-09-01,24020,12,stagnation2,0,101.715657378762,111.43527795996383,113.3471255288279
2001,10,2001-10-01,24021,12,stagnation2,0,102.21658484423777,110.88917292780945,113.34712552882789
2001,11,2001-11-01,24022,12,stagnation2,0,100.66855373010613,108.42420974399344,109.14908384257502
2001,12,2001-12-01,24023,12,stagnation2,0,100.77254746084286,110.88917292780945,111.74584441761289
2002,1,2002-01-01,24024,12,stagnation2,0,100.66855373010611,110.23121726096029,110.9681721756998
2002,2,2002-02-01,24025,12,stagnation2,0,100.66855373010613,112.0382247779271,112.78726050882462
2002,3,2002-03-01,24026,12,stagnation2,0,102.33389945773445,108.2636585103341,110.79042344923027
2002,4,2002-04-01,24027,12,stagnation2,0,98.62614947738177,111.54460289914293,110.01214678926061
2002,5,2002-05-01,24028,12,stagnation2,0,100.81784168799027,110.06142223585756,110.9615504292974
2002,6,2002-06-01,24029,12,stagnation2,0,98.8790370401443,110.9757950832778,109.73179752598891
2002,7,2002-07-01,24030,12,stagnation2,0,98.87903704014428,112.88917086057569,111.62372506954041
2002,8,2002-08-01,24031,12,stagnation2,0,100.25382579043507,112.47339511150042,112.75888159567134
2002,9,2002-09-01,24032,12,stagnation2,0,98.98479002093589,108.84164517783017,107.7366739346073
2002,10,2002-10-01,24033,12,stagnation2,0,100.81784168799027,112.59480535637601,113.51565261309194
2002,11,2002-11-01,24034,12,stagnation2,0,98.62614947738176,111.87232202200596,110.33536354124146
2002,12,2002-12-01,24035,12,stagnation2,0,100.81784168799027,112.59480535637601,113.51565261309196
2003,1,2003-01-01,24036,12,stagnation2,0,98.62614947738177,110.56730031524242,109.04827088201658
2003,2,2003-02-01,24037,12,stagnation2,0,102.60154196400855,112.26005637597663,115.18054885141731
2003,3,2003-03-01,24038,12,stagnation2,0,101.74485032427812,109.77993522246663,111.69543077818815
2003,4,2003-04-01,24039,12,stagnation2,0,99.08676610955635,112.51612275305223,111.48858738785819
2003,5,2003-05-01,24040,12,stagnation2,0,97.21720448484774,112.59480535637604,109.46152216262438
2003,6,2003-06-01,24041,12,stagnation2,0,97.21720448484776,115.17410479822775,111.96904497528593
2003,7,2003-07-01,24042,12,stagnation2,0,97.21720448484776,113.87878120693118,110.70976759079464
2003,8,2003-08-01,24043,12,stagnation2,0,100.91035081112324,109.09744192299488,110.09061137045558
2003,9,2003-09-01,24044,12,stagnation2,0,100.95632773426497,110.18762945143695,111.24138431161016
2003,10,2003-10-01,24045,12,stagnation2,0,100.95632773426496,112.76161247542252,113.83998304912934
2003,11,2003-11-01,24046,12,stagnation2,0,100.66841524405984,112.35921345719159,113.1102395680452
2003,12,2003-12-01,24047,12,stagnation2,0,100.95632773426497,108.42462738021395,109.46152216262438
2004,1,2004-01-01,24048,12,stagnation2,0,100.95632773426497,112.94232018772287,114.02241891940041
2004,2,2004-02-01,24049,12,stagnation2,0,102.82588935897357,110.888823457037,114.02241891940041
2004,3,2004-03-01,24050,12,stagnation2,0,100.95632773426496,112.52841347526348,113.60455390225577
2004,4,2004-04-01,24051,12,stagnation2,0,104.69545098368219,108.9086658953042,114.02241891940041
2004,5,2004-05-01,24052,12,stagnation2,0,102.66564121971284,110.17341169279807,113.1102395680452
2004,6,2004-06-01,24053,12,stagnation2,0,102.72261833589442,110.11230184785994,113.11023956804517
2004,7,2004-07-01,24054,12,stagnation2,0,102.82588935897357,110.53397922197449,113.65754717885831
2004,8,2004-08-01,24055,12,stagnation2,0,100.95632773426497,112.94232018772287,114.02241891940041
2004,9,2004-09-01,24056,12,stagnation2,0,103.54380102286169,112.76286539614915,116.75895697346603
2004,10,2004-10-01,24057,12,stagnation2,0,103.54380102286169,110.11998573842692,114.02241891940044
2004,11,2004-11-01,24058,12,stagnation2,0,104.5907555326985,111.63410798477629,116.758956973466
2004,12,2004-12-01,24059,12,stagnation2,0,104.2635822483745,109.35977496704324,114.02241891940041
2005,1,2005-01-01,24060,12,stagnation2,0,106.41544767841411,112.09331141656666,119.28459916149832
2005,2,2005-02-01,24061,12,stagnation2,0,104.69545098368219,117.27285143606355,122.77934069241034
2005,3,2005-03-01,24062,12,stagnation2,0,104.69545098368219,110.58411681143755,115.77653981205646
2005,4,2005-04-01,24063,12,stagnation2,0,104.69545098368219,111.70079366575075,116.94564968071006
2005,5,2005-05-01,24064,12,stagnation2,0,104.69545098368219,111.7010840888598,116.94595374049385
2005,6,2005-06-01,24065,12,stagnation2,0,104.69545098368219,109.43142749160165,114.56972653021352
2005,7,2005-07-01,24066,12,stagnation2,0,103.19980168391531,113.13874161413631,116.75895697346603
2005,8,2005-08-01,24067,12,stagnation2,0,104.69545098368219,110.68605532271556,115.88326479616502
2005,9,2005-09-01,24068,12,stagnation2,0,104.69545098368219,114.64070094242545,120.02359886252673
2005,10,2005-10-01,24069,12,stagnation2,0,104.69545098368219,113.93484438983883,119.28459916149829
2005,11,2005-11-01,24070,12,stagnation2,0,104.69545098368219,113.93501864370427,119.28478159736856
2005,12,2005-12-01,24071,12,stagnation2,0,104.86163423921184,111.5231918800405,116.94504156114247
2006,1,2006-01-01,24072,12,stagnation2,0,105.59597828934601,113.83937492192692,120.20980162728517
2006,2,2006-02-01,24073,12,stagnation2,0,108.43457423309943,113.2415783905927,122.7930233826807
2006,3,2006-03-01,24074,12,stagnation2,0,107.85874925268915,113.83345490569852,122.77934069241034
2006,4,2006-04-01,24075,12,stagnation2,0,105.59597828934601,113.326024943266,119.66772469527001
2006,5,2006-05-01,24076,12,stagnation2,0,106.0415353534724,115.48703418995218,122.4642241892149
2006,6,2006-06-01,24077,12,stagnation2,0,106.34066521342578,115.80161943298167,123.14421243295243
2006,7,2006-07-01,24078,12,stagnation2,0,104.67367421373483,113.86982570482621,119.19173038601745
2006,8,2006-08-01,24079,12,stagnation2,0,104.33443218718674,113.63341776218644,118.55878119707101
2006,9,2006-09-01,24080,12,stagnation2,0,102.57324589617511,113.22896000723375,116.14261957390165
2006,10,2006-10-01,24081,12,stagnation2,0,103.16274730937151,112.59448365693216,116.15556265929253
2006,11,2006-11-01,24082,12,stagnation2,0,104.69545098368219,109.46685911090627,114.60682182383532
2006,12,2006-12-01,24083,12,stagnation2,0,106.0616690940462,114.45230158033432,121.39002137265396
2007,1,2007-01-01,24084,12,stagnation2,0,104.69545098368219,109.46685911090627,114.60682182383532
2007,2,2007-02-01,24085,12,stagnation2,0,104.62565401635972,113.92180662030485,119.19143524374655
2007,3,2007-03-01,24086,12,stagnation2,0,104.69545098368219,113.18988975357433,118.50466554543733
2007,4,2007-04-01,24087,12,stagnation2,0,104.69545098368219,112.54476322066208,117.82924741238945
2007,5,2007-05-01,24088,12,stagnation2,0,103.99748131045767,111.33535563203178,115.78596566535381
2007,6,2007-06-01,24089,12,stagnation2,0,104.69545098368219,113.84585874922466,119.19143524374655
2007,7,2007-07-01,24090,12,stagnation2,0,104.69545098368219,117.28563005286192,122.79271932289689
2007,8,2007-08-01,24091,12,stagnation2,0,103.60487336926884,113.84585874922465,117.94985779329086
2007,9,2007-09-01,24092,12,stagnation2,0,104.69545098368219,113.84585874922466,119.19143524374655
2007,10,2007-10-01,24093,12,stagnation2,0,104.69545098368219,115.87882051260367,121.31985373024203
2007,11,2007-11-01,24094,12,stagnation2,0,104.69545098368219,113.84585874922465,119.19143524374654
2007,12,2007-12-01,24095,12,stagnation2,0,101.31817837130535,114.99515979945497,116.51100112397937
2008,1,2008-01-01,24096,12,stagnation2,0,100.45462258940644,112.52728628384281,113.03886074653524
2008,2,2008-02-01,24097,12,stagnation2,0,100.66031381035276,115.88780695246777,116.65303014628988
2008,3,2008-03-01,24098,12,stagnation2,0,100.33314052602877,114.7359424430171,115.11817436521582
2008,4,2008-04-01,24099,12,stagnation2,0,100.24032540990846,114.96199461931509,115.23827750412292
2008,5,2008-05-01,24100,12,stagnation2,0,100.90024088552371,114.93643330867155,115.9711380736789
2008,6,2008-06-01,24101,12,stagnation2,0,99.32980912076847,117.31716104874927,116.53091213562719
2008,7,2008-07-01,24102,12,stagnation2,0,98.15198529720205,118.39969309919361,116.21164936265289
2008,8,2008-08-01,24103,12,stagnation2,0,100.76937157179411,117.22532765458196,118.12722600049882
2008,9,2008-09-01,24104,12,stagnation2,0,98.15198529720205,121.9777058027407,119.72353986537043
2008,10,2008-10-01,24105,12,stagnation2,0,103.7606701713279,115.38431629988983,119.72353986537043
2008,11,2008-11-01,24106,12,stagnation2,0,102.27436867968454,114.90721306714997,117.52062673184761
2008,12,2008-12-01,24107,12,stagnation2,0,100.66794785365366,114.75620231488526,115.52271390518199
2009,1,2009-01-01,24108,12,stagnation2,0,101.42371814044212,119.61684698075216,121.31985373024203
2009,2,2009-02-01,24109,12,stagnation2,0,103.38675784638616,115.80161943298167,119.7235398653704
2009,3,2009-03-01,24110,12,stagnation2,0,102.40523799341415,113.85625088603426,116.59476469022209
2009,4,2009-04-01,24111,12,stagnation2,0,103.05958456206216,116.16924362165781,119.72353986537043
2009,5,2009-05-01,24112,12,stagnation2,0,101.42371814044213,114.17113263136531,115.79660775778629
2009,6,2009-06-01,24113,12,stagnation2,0,101.42371814044213,120.05754062752335,121.76682161240608
2009,7,2009-07-01,24114,12,stagnation2,0,101.42371814044212,118.04294109942647,119.7235398653704
2009,8,2009-08-01,24115,12,stagnation2,0,101.4237181404421,117.4133787468962,119.08501431942177
2009,9,2009-09-01,24116,12,stagnation2,0,101.42371814044212,117.25329003439566,118.92264639488054
2009,10,2009-10-01,24117,12,stagnation2,0,104.69545098368219,113.26483827725093,118.58313324030615
2009,11,2009-11-01,24118,12,stagnation2,0,105.70150883297849,113.26568673163264,119.72353986537043
2009,12,2009-12-01,24119,12,stagnation2,0,101.83268474584712,114.55362336506319,116.65303014628988
2010,1,2010-01-01,24120,12,stagnation2,0,104.69545098368219,117.40354183513791,122.91616759511363
2010,2,2010-02-01,24121,12,stagnation2,0,102.95607883211237,119.23194589491133,122.75653620862649
2010,3,2010-03-01,24122,12,stagnation2,0,104.69545098368219,114.15825720686387,119.518502217838
2010,4,2010-04-01,24123,12,stagnation2,0,104.69545098368219,112.89036672043653,118.1910785550937
2010,5,2010-05-01,24124,12,stagnation2,0,102.24165135125216,118.65991220490615,121.31985373024203
2010,6,2010-06-01,24125,12,stagnation2,0,102.79784593460296,117.32773172906664,120.61038090141021
2010,7,2010-07-01,24126,12,stagnation2,0,100.66794785365366,120.52620378088932,121.33125597213397
2010,8,2010-08-01,24127,12,stagnation2,0,103.71393113071017,116.97546550168194,121.31985373024203
2010,9,2010-09-01,24128,12,stagnation2,0,103.29327976515074,118.87774267801392,122.79271932289691
2010,10,2010-10-01,24129,12,stagnation2,0,104.69545098368219,117.2205752764338,122.72460993132904
2010,11,2010-11-01,24130,12,stagnation2,0,104.69545098368219,117.25106970288451,122.75653620862649
2010,12,2010-12-01,24131,12,stagnation2,0,102.65492286829297,117.5601956655585,120.68132818429338
2011,1,2011-01-01,24132,12,stagnation2,0,104.69545098368219,120.14804021569958,125.78953255188253
2011,2,2011-02-01,24133,12,stagnation2,0,104.69545098368219,115.87882051260367,121.31985373024203
2011,3,2011-03-01,24134,12,stagnation2,0,104.04110441503417,117.98849781422341,122.75653620862649
2011,4,2011-04-01,24135,12,stagnation2,0,103.40291455178489,114.35409919006938,118.2454714719708
2011,5,2011-05-01,24136,12,stagnation2,0,104.69545098368219,117.28156412933518,122.7884624859239
2011,6,2011-06-01,24137,12,stagnation2,0,103.38675784638616,117.34564102542143,121.31985373024203
2011,7,2011-07-01,24138,12,stagnation2,0,101.42371814044213,121.0333622739453,122.7565362086265
2011,8,2011-08-01,24139,12,stagnation2,0,101.48915279730694,120.99118849675125,122.79293216474554
2011,9,2011-09-01,24140,12,stagnation2,0,106.58961210345277,115.20189350941533,122.79325142751853
2011,10,2011-10-01,24141,12,stagnation2,0,104.69545098368219,117.28583334903827,122.79293216474554
2011,11,2011-11-01,24142,12,stagnation2,0,104.69545098368219,120.95080599201387,126.62999180173742
2011,12,2011-12-01,24143,12,stagnation2,0,104.69545098368219,120.14804021569958,125.78953255188253
2012,1,2012-01-01,24144,12,stagnation2,0,104.69545098368219,121.53144590346237,127.23789537561967
2012,2,2012-02-01,24145,12,stagnation2,0,104.69545098368219,117.28583334903827,122.79293216474554
2012,3,2012-03-01,24146,12,stagnation2,0,106.00414412097821,117.46001299523178,124.51248145998524
2012,4,2012-04-01,24147,12,stagnation2,0,103.71829344116782,117.60483564487907,121.9777285351588
2012,5,2012-05-01,24148,12,stagnation2,0,104.69545098368219,120.62239796048803,126.2861635320648
2012,6,2012-06-01,24149,12,stagnation2,0,105.30414546614546,122.43836553734313,128.93267455181473
2012,7,2012-07-01,24150,12,stagnation2,0,103.46382533113805,118.68230372742963,122.79325142751853
2012,8,2012-08-01,24151,12,stagnation2,0,102.76854084287822,118.22079246401628,121.49378338815686
2012,9,2012-09-01,24152,12,stagnation2,0,105.79682639625804,119.51275522620031,126.44070216804796
2012,10,2012-10-01,24153,12,stagnation2,0,103.45400294830256,119.7007886277562,123.83525739610032
2012,11,2012-11-01,24154,12,stagnation2,0,104.17457809321613,121.19501552383977,126.25439609196788
2012,12,2012-12-01,24155,12,stagnation2,0,106.31112152355384,118.64092965616116,126.12850290343553
2013,1,2013-01-01,24156,12,stagnation2,0,104.0451686794357,121.9777058027407,126.91190975376739
2013,2,2013-02-01,24157,12,stagnation2,0,103.7436741565578,121.9486102031914,126.5139688076497
2013,3,2013-03-01,24158,12,stagnation2,0,106.65795739983925,119.63158660933077,127.5966066825318
2013,4,2013-04-01,24159,12,stagnation2,0,105.9010349647064,121.43220454683197,128.59796139555434
2013,5,2013-05-01,24160,12,stagnation2,0,104.31474025283244,118.90291296536726,124.03326481287428
2013,6,2013-06-01,24161,12,stagnation2,0,103.10915627180822,122.69906318905718,126.5139688076497
2013,7,2013-07-01,24162,12,stagnation2,0,101.52286155993424,122.17253130506452,124.03304982110798
2013,8,2013-08-01,24163,12,stagnation2,0,102.34450522806058,117.2498275103216,119.99875584619309
2013,9,2013-09-01,24164,12,stagnation2,0,104.69545098368219,120.83998647407151,126.51396880764972
2013,10,2013-10-01,24165,12,stagnation2,0,100.07653402851973,118.36866697505099,118.45925928439212
2013,11,2013-11-01,24166,12,stagnation2,0,103.61770369414428,117.1116471914599,121.34839957817854
2013,12,2013-12-01,24167,12,stagnation2,0,105.96448675318136,120.89670577526734,128.1075737762658
2014,1,2014-01-01,24168,12,stagnation2,0,105.64149421546246,119.03640458639877,125.75183646543492
2014,2,2014-02-01,24169,12,stagnation2,0,103.62848116703965,117.39316784554947,121.6527568322165
2014,3,2014-03-01,24170,12,stagnation2,0,103.62848116703968,115.98456581596868,120.19304394327385
2014,4,2014-04-01,24171,12,stagnation2,0,104.69545098368219,119.71790830576361,125.33920400895033
2014,5,2014-05-01,24172,12,stagnation2,0,101.27090666632671,121.96449147262203,123.51454632529905
2014,6,2014-06-01,24173,12,stagnation2,0,100.66775539878054,120.84580246207634,121.65275683221653
2014,7,2014-07-01,24174,12,stagnation2,0,101.73934413237822,118.13821385253338,120.19304394327385
2014,8,2014-08-01,24175,12,stagnation2,0,99.70995331779257,119.63158660933077,119.28459916149829
2014,9,2014-09-01,24176,12,stagnation2,0,102.87992293194205,118.60538099525317,122.0211245610527
2014,10,2014-10-01,24177,12,stagnation2,0,100.07653402851973,122.50314822773711,122.59690482213928
2014,11,2014-11-01,24178,12,recovery,0,103.67928925354646,119.56364261313546,123.96273486694926
2014,12,2014-12-01,24179,12,recovery,0,104.69545098368219,121.42521854704593,127.12668016575145
2015,1,2015-01-01,24180,12,recovery,0,102.87992293194203,118.2712235827179,121.67734367256503
2015,2,2015-02-01,24181,12,recovery,0,101.70415238414843,123.41273763571411,125.51587874647596
2015,3,2015-03-01,24182,12,recovery,0,101.7041523841484,121.40369306955131,123.4725969994403
2015,4,2015-04-01,24183,12,recovery,0,100.5076329443349,119.07347471219926,119.67793089780267
2015,5,2015-05-01,24184,12,recovery,0,98.87903704014428,120.04041282822658,118.69480426356428
2015,6,2015-06-01,24185,12,recovery,0,98.29739564579049,121.13468828571348,119.0722438085028
2015,7,2015-07-01,24186,12,recovery,0,98.87903704014428,120.54267396976728,119.19143524374654
2015,8,2015-08-01,24187,12,recovery,0,99.51760836045723,123.49525196611009,122.8995211953933
2015,9,2015-09-01,24188,12,recovery,0,98.87903704014428,124.13025355220084,122.73879938790569
2015,10,2015-10-01,24189,12,recovery,0,98.87903704014428,121.9777058027407,120.61038090141021
2015,11,2015-11-01,24190,12,recovery,0,100.66758432778217,122.68599755101029,123.50503004304404
2015,12,2015-12-01,24191,12,recovery,0,100.33314052602877,126.4325437537973,126.85374179513026
2016,1,2016-01-01,24192,12,recovery,0,100.66816596917654,121.9241437511506,122.73879938790567
2016,2,2016-02-01,24193,12,recovery,0,101.78724401191323,121.97770580274067,124.15774504556933
2016,3,2016-03-01,24194,12,recovery,0,101.20560261755944,125.58776519418339,127.10185457869886
2016,4,2016-04-01,24195,12,recovery,0,101.78724401191323,120.58367487928079,122.73879938790567
2016,5,2016-05-01,24196,12,recovery,0,99.1911994533243,123.38785269063362,122.38989106354039
2016,6,2016-06-01,24197,12,recovery,0,101.14743847812409,121.39318545674327,122.78609757649447
2016,7,2016-07-01,24198,12,recovery,0,100.77944951674579,121.85097571878978,122.80074256017993
2016,8,2016-08-01,24199,12,recovery,0,101.78724401191323,121.36813409893686,123.53727880799096
2016,9,2016-09-01,24200,12,recovery,0,102.97913211509723,123.50242712527493,127.18172759468857
2016,10,2016-10-01,24201,12,recovery,0,99.18516408980419,118.34548078550351,117.38115930996933
2016,11,2016-11-01,24202,12,recovery,0,99.03623741699667,125.46278311139042,124.25361975216823
2016,12,2016-12-01,24203,12,recovery,0,100.66143227071134,123.34324526476024,124.159077292684
2017,1,2017-01-01,24204,12,recovery,0,99.18516408980418,121.62984345656253,120.63875981456349
2017,2,2017-02-01,24205,12,recovery,0,100.17701573070221,123.85635033655629,124.07559556012562
2017,3,2017-03-01,24206,12,recovery,0,99.18516408980418,124.14619835034497,123.1346105450434
2017,4,2017-04-01,24207,12,recovery,0,99.18516408980418,125.10507864873874,124.08567754243009
2017,5,2017-05-01,24208,12,recovery,0,96.64195475416818,122.49882166808685,118.38525581086166
2017,6,2017-06-01,24209,12,recovery,0,97.1401091601175,121.9777058027407,118.48927656778932
2017,7,2017-07-01,24210,12,recovery,0,94.22590588531399,125.09491383992183,117.87181578211936
2017,8,2017-08-01,24211,12,recovery,0,94.22590588531396,119.87697864724905,112.95516907831482
2017,9,2017-09-01,24212,12,recovery,0,98.9995844793886,122.04454290181069,120.82359035256174
2017,10,2017-10-01,24213,12,recovery,0,94.38294906178949,125.12516423364364,118.09682002212031
2017,11,2017-11-01,24214,12,recovery,0,94.22590588531396,123.73960599766916,116.59476469022206
2017,12,2017-12-01,24215,12,recovery,0,94.22590588531396,125.10521417952297,117.88152137041779
2018,1,2018-01-01,24216,12,recovery,0,96.84329215990603,121.68759666461526,117.8462747602814
2018,2,2018-02-01,24217,12,recovery,0,97.00033533638155,123.75503880688207,120.04280263834472
2018,3,2018-03-01,24218,12,recovery,0,96.84329215990603,126.5930784547363,122.59690482213931
2018,4,2018-04-01,24219,12,recovery,0,98.15198529720205,125.10033507129084,122.7884624859239
2018,5,2018-05-01,24220,12,recovery,0,96.73859670892234,121.44966378627863,117.48870045455016
2018,6,2018-06-01,24221,12,recovery,0,95.16816494416712,126.1375615561895,120.04280263834474
2018,7,2018-07-01,24222,12,recovery,0,99.72241706195729,121.90343066429912,121.56504753988631
2018,8,2018-08-01,24223,12,recovery,0,96.63390125793867,126.86738631704338,122.59690482213931
2018,9,2018-09-01,24224,12,recovery,0,99.46067843449808,119.56554317149775,118.92070041226434
2018,10,2018-10-01,24225,12,recovery,0,99.46067843449808,123.45877194635608,122.79293216474554
2018,11,2018-11-01,24226,12,recovery,0,99.46067843449808,123.45427803087912,122.7884624859239
2018,12,2018-12-01,24227,12,recovery,0,100.66816596917651,121.97791723189172,122.79293216474554
2019,1,2019-01-01,24228,12,recovery,0,100.6385022580645,122.0094295233656,122.7884624859239
2019,2,2019-02-01,24229,12,recovery,0,100.66816596917654,121.97791723189172,122.79293216474554
2019,3,2019-03-01,24230,12,recovery,0,99.46067843449808,128.39758505551654,127.70510918972845
2019,4,2019-04-01,24231,12,recovery,0,100.6686022002223,121.97738866038846,122.79293216474554
2019,5,2019-05-01,24232,12,recovery,0,99.83978398617512,123.23396513948671,123.03652459286188
2019,6,2019-06-01,24233,12,recovery,0,100.6385022580645,122.01387084425306,122.79293216474554
2019,7,2019-07-01,24234,12,recovery,0,103.64849647384537,118.47053873640229,122.79293216474554
2019,8,2019-08-01,24235,12,recovery,0,100.66860220022231,121.97738866038846,122.79293216474554
2019,9,2019-09-01,24236,12,recovery,0,102.83419852175007,121.7017381425535,125.15100700593389
2019,10,2019-10-01,24237,12,recovery,0,101.55458745417172,121.22320452973406,123.10772525889823
2019,11,2019-11-01,24238,12,recovery,0,100.5076329443349,117.28583334903827,117.8812148781557
2019,12,2019-12-01,24239,12,recovery,0,102.6813722453836,121.88287346496823,125.15100700593389
2020,1,2020-01-01,24240,12,recovery,0,103.45400294830256,121.9777058027407,126.19081935743917
2020,2,2020-02-01,24241,12,covid_aftermath,0,99.70995331779255,127.65108746798444,127.28083972398183
2020,3,2020-03-01,24242,12,covid_aftermath,1,99.70995331779257,127.83263568127222,127.46186136270039
2020,4,2020-04-01,24243,12,covid_aftermath,1,95.42554126116866,115.8049368736603,110.50748781884501
2020,5,2020-05-01,24244,12,covid_aftermath,1,100.1787224567313,125.82797086544362,126.05285370622948
2020,6,2020-06-01,24245,12,covid_aftermath,1,100.6675843277822,119.2467301564277,120.04280263834472
2020,7,2020-07-01,24246,12,covid_aftermath,1,102.31600891587122,120.01358107023331,122.79310630807628
2020,8,2020-08-01,24247,12,covid_aftermath,1,100.66816596917656,123.60430073787165,124.43018261184075
2020,9,2020-09-01,24248,12,covid_aftermath,1,98.83726461273162,124.21534391294553,122.77104815285259
2020,10,2020-10-01,24249,12,covid_aftermath,1,99.93656684806027,122.84897512990312,122.77104815285259
2020,11,2020-11-01,24250,12,covid_aftermath,1,97.28824782658667,119.27411277872548,116.03969443312894
2020,12,2020-12-01,24251,12,covid_aftermath,1,97.90131384215128,123.52507878829113,120.93267505828952
2021,1,2021-01-01,24252,12,covid_aftermath,1,97.55712478024932,122.79795326638983,119.79815249568416
2021,2,2021-02-01,24253,12,covid_aftermath,1,99.93656684806027,126.20626627056905,126.12620965792819
2021,3,2021-03-01,24254,12,covid_aftermath,1,102.02854659038164,119.26746599228161,121.68686210710261
2021,4,2021-04-01,24255,12,covid_aftermath,1,98.43140582304963,121.9777058027407,120.06437061234125
2021,5,2021-05-01,24256,12,covid_aftermath,1,96.27429514369037,121.9777058027407,117.43317649403289
2021,6,2021-06-01,24257,12,covid_aftermath,1,93.55763704924793,122.84897512990312,114.9345982707556
2021,7,2021-07-01,24258,12,covid_aftermath,1,95.17768271243835,117.28621089908005,111.6302976749677
2021,8,2021-08-01,24259,12,covid_aftermath,1,93.78967483954864,120.01358107023331,112.56034744906992
2021,9,2021-09-01,24260,12,covid_aftermath,1,95.63493216313601,123.01815788434962,117.64833184103732
2021,10,2021-10-01,24261,12,covid_aftermath,1,94.37640559610301,117.27270242885237,110.67776129776466
2021,11,2021-11-01,24262,12,covid_aftermath,1,94.88025245396199,118.63411462115018,112.56034744906992
2021,12,2021-12-01,24263,12,covid_aftermath,1,94.376405596103,121.43588336507666,114.60682182383532
2022,1,2022-01-01,24264,12,covid_aftermath,0,94.37640559610301,121.43588336507663,114.60682182383532
2022,2,2022-02-01,24265,12,covid_aftermath,0,93.25100897332017,125.67399991797528,117.19227294064152
2022,3,2022-03-01,24266,12,covid_aftermath,0,95.97083006837534,123.20945885370146,118.24514038465067
2022,4,2022-04-01,24267,12,covid_aftermath,0,97.74471564866595,122.15118520654906,119.39632864161665
2022,5,2022-05-01,24268,12,covid_aftermath,0,94.22590588531396,126.09784164318883,118.81683359012335
2022,6,2022-06-01,24269,12,covid_aftermath,0,92.37833910324899,125.10521417952297,115.57011899060566
2022,7,2022-07-01,24270,12,covid_aftermath,0,94.85407859121607,124.2767028273407,117.88152137041779
2022,8,2022-08-01,24271,12,covid_aftermath,0,92.61520663941117,122.34894229866207,113.31372573103982
2022,9,2022-09-01,24272,12,covid_aftermath,0,93.34002130006743,121.43517338392003,113.34761670232479
2022,10,2022-10-01,24273,12,covid_aftermath,0,98.02163737516061,124.57297613896921,122.10847093838575
2022,11,2022-11-01,24274,12,covid_aftermath,0,93.05814893203446,121.76658039243738,113.31372573103982
2022,12,2022-12-01,24275,12,covid_aftermath,0,93.17895137547717,121.60871533574881,113.31372573103985
2023,1,2023-01-01,24276,12,covid_aftermath,0,96.44061734843032,130.40155237467113,125.7600621420695
2023,2,2023-02-01,24277,12,covid_aftermath,0,93.06262309660639,129.09307197456724,120.1373990155223
2023,3,2023-03-01,24278,12,covid_aftermath,0,91.12381844876045,129.76351681142626,118.2454714719708
2023,4,2023-04-01,24279,12,covid_aftermath,0,93.5066241609986,129.07693735739755,120.69548669330935
2023,5,2023-05-01,24280,12,covid_aftermath,0,92.44220560929567,127.91286262871299,118.2454714719708
2023,6,2023-06-01,24281,12,covid_aftermath,0,89.73895798601332,123.01451630206401,110.39194510100671
2023,7,2023-07-01,24282,12,covid_aftermath,0,90.710860058064,128.7677980924266,116.80637712747149
2023,8,2023-08-01,24283,12,covid_aftermath,0,93.0626230966064,130.5568044442001,121.49958684687942
2023,9,2023-09-01,24284,12,covid_aftermath,0,91.79547577319278,131.26887932009814,120.49889231402234
2023,10,2023-10-01,24285,12,covid_aftermath,0,93.0751584714847,123.20980384115221,114.67772017755789
2023,11,2023-11-01,24286,12,covid_aftermath,0,89.92591414848418,126.79595197790093,114.02241891940041
2023,12,2023-12-01,24287,12,covid_aftermath,0,93.47808123543052,119.88944747939779,112.07035510750025
2024,1,2024-01-01,24288,12,covid_aftermath,0,89.68666255595151,133.26935628276584,119.524837859813
2024,2,2024-02-01,24289,12,covid_aftermath,0,91.60851961072191,129.44572860699014,118.58331567617643
2024,3,2024-03-01,24290,12,covid_aftermath,0,92.51659239986608,125.21729845108138,115.8467776221108
2024,4,2024-04-01,24291,12,covid_aftermath,0,89.152935396741,133.60641203545637,119.11403820787399
2024,5,2024-05-01,24292,12,covid_aftermath,0,89.92591414848418,124.76721674625452,112.19806021669001
2024,6,2024-06-01,24293,12,covid_aftermath,0,93.47808123543054,131.596519174614,123.01390109704457
2024,7,2024-07-01,24294,12,covid_aftermath,0,90.88146786777966,124.90517074200648,113.51565261309196
2024,8,2024-08-01,24295,12,covid_aftermath,0,88.72495846074763,131.73592226695996,116.88264230924297
2024,9,2024-09-01,24296,12,covid_aftermath,0,93.47808123543054,132.8288425109525,124.16585330647028
2024,10,2024-10-01,24297,12,covid_aftermath,0,87.83175418094142,131.73592226695996,115.70597141351233
2024,11,2024-11-01,24298,12,covid_aftermath,0,92.58126470127911,123.66890449671286,114.4942358252738
2024,12,2024-12-01,24299,12,covid_aftermath,0,90.54741706696838,128.64836158882804,116.4877685176577
2025,1,2025-01-01,24300,12,covid_aftermath,0,90.03808784596669,123.30149485796422,111.01830825560394
2025,2,2025-02-01,24301,12,covid_aftermath,0,87.2462091530685,125.88099238842837,109.82639390316646
2025,3,2025-03-01,24302,12,covid_aftermath,0,92.09650688225601,126.91321991036608,116.882642309243
2025,4,2025-04-01,24303,12,covid_aftermath,0,90.87068074993186,127.94864245042733,116.26780240499963
2025,5,2025-05-01,24304,12,covid_aftermath,0,88.72495846074762,127.83263568127225,113.41945290748764
2025,6,2025-06-01,24305,12,covid_aftermath,0,88.12748399299848,121.9777058027407,107.49588315633707
2025,7,2025-07-01,24306,12,covid_aftermath,0,93.86488708881852,121.9777058027407,114.49423582527378
2025,8,2025-08-01,24307,12,covid_aftermath,0,90.73605751919123,126.66915602592304,114.9345982707556
2025,9,2025-09-01,24308,12,covid_aftermath,0,89.49522254456981,133.29605306214927,119.29359933109835
2025,10,2025-10-01,24309,11,covid_aftermath,0,NA,NA,NA
2025,11,2025-11-01,24310,11,covid_aftermath,0,90.73605751919123,121.9777058027407,110.67776129776466
2025,12,2025-12-01,24311,11,covid_aftermath,0,87.2462091530685,131.73592226695996,114.9345982707556
2026,1,2026-01-01,24312,11,covid_aftermath,0,90.73605751919123,126.66915602592304,114.9345982707556
2026,2,2026-02-01,24313,11,covid_aftermath,0,92.48098170225259,124.27917194996223,114.9345982707556
2026,3,2026-03-01,24314,11,covid_aftermath,0,92.13199686564033,122.98578601598649,113.30926051743178
2026,4,2026-04-01,24315,11,covid_aftermath,0,91.25953477410962,126.20377851621232,115.1729811412431
2026,5,2026-05-01,24316,11,covid_aftermath,0,92.30648928394646,131.61601979622756,121.49012720916164
2026,6,2026-06-01,24317,11,covid_aftermath,0,91.25953477410962,125.94256430875716,114.9345982707556
2026,7,2026-07-01,24318,11,covid_aftermath,0,92.30648928394645,128.20341101384466,118.34006784914834
2026,8,2026-08-01,24319,11,covid_aftermath,0,90.73605751919122,124.79257593665011,113.23186348155923
