era_i_int,era_slug_chr,era_label_chr,era_start_dt,era_end_dt,series_chr,base_date_dt,base_value_num,end_date_dt,end_value_num,months_int,years_num,cumulative_pct_num,annualized_pct_num
1,stagnation1,First long wage stagnation,1982-12-01,1996-08-01,p10,1982-12-01,9.661808552955799,1996-08-01,9.3526561673456,164,13.666666666666666,-3.1997361975840577,-0.23767174515330058
1,stagnation1,First long wage stagnation,1982-12-01,1996-08-01,p25,1982-12-01,12.424835145572153,1996-08-01,12.734584087738039,164,13.666666666666666,2.492982309517977,0.18033908623140693
1,stagnation1,First long wage stagnation,1982-12-01,1996-08-01,p50,1982-12-01,18.456978717177858,1996-08-01,18.7053123346912,164,13.666666666666666,1.345472741333431,0.09784063541891097
1,stagnation1,First long wage stagnation,1982-12-01,1996-08-01,p75,1982-12-01,28.386142154511187,1996-08-01,29.258407582477854,164,13.666666666666666,3.072856548166225,0.22170318413035073
1,stagnation1,First long wage stagnation,1982-12-01,1996-08-01,p90,1982-12-01,37.82859047010202,1996-08-01,42.37783395453034,164,13.666666666666666,12.025939713571487,0.8343905488955583
2,itboom,Late-1990s IT boom,1996-09-01,2001-02-01,p10,1996-09-01,9.335621562085342,2001-02-01,10.67265211855122,53,4.416666666666667,14.321816148760202,3.076890569313595
2,itboom,Late-1990s IT boom,1996-09-01,2001-02-01,p25,1996-09-01,12.75009362012709,2001-02-01,14.040520291659522,53,4.416666666666667,10.120919186784526,2.2068399778568004
2,itboom,Late-1990s IT boom,1996-09-01,2001-02-01,p50,1996-09-01,18.708893679227963,2001-02-01,20.954722324953213,53,4.416666666666667,12.00406974474788,2.599980026235582
2,itboom,Late-1990s IT boom,1996-09-01,2001-02-01,p75,1996-09-01,29.277889847581445,2001-02-01,32.56949295211983,53,4.416666666666667,11.242624115584254,2.4416355741880835
2,itboom,Late-1990s IT boom,1996-09-01,2001-02-01,p90,1996-09-01,42.3155588069067,2001-02-01,47.21250849391279,53,4.416666666666667,11.572456621338102,2.5103276487348003
3,stagnation2,Second long wage stagnation,2001-03-01,2014-10-01,p10,2001-03-01,10.71573137006188,2014-10-01,11.209356595802673,163,13.583333333333334,4.606547221964763,0.33210330002195754
3,stagnation2,Second long wage stagnation,2001-03-01,2014-10-01,p25,2001-03-01,14.087771923142284,2014-10-01,14.425889948156653,163,13.583333333333334,2.4000816229778232,0.17475858931776944
3,stagnation2,Second long wage stagnation,2001-03-01,2014-10-01,p50,2001-03-01,20.95783858546369,2014-10-01,22.00778385180416,163,13.583333333333334,5.009797465797394,0.36052663895631554
3,stagnation2,Second long wage stagnation,2001-03-01,2014-10-01,p75,2001-03-01,32.60689174723496,2014-10-01,35.04327959328657,163,13.583333333333334,7.472002743892969,0.5319141185787801
3,stagnation2,Second long wage stagnation,2001-03-01,2014-10-01,p90,2001-03-01,47.41883772742932,2014-10-01,53.808810725460745,163,13.583333333333334,13.475600213488903,0.9350264112575557
4,recovery,Nascent recovery meets COVID-19,2014-11-01,2020-01-01,p10,2014-11-01,11.199202304290488,2020-01-01,12.455376750109565,62,5.166666666666667,11.21664214725211,2.0789246208823053
4,recovery,Nascent recovery meets COVID-19,2014-11-01,2020-01-01,p25,2014-11-01,14.412749100317354,2020-01-01,16.77058921763005,62,5.166666666666667,16.359405835079578,2.975941939265825
4,recovery,Nascent recovery meets COVID-19,2014-11-01,2020-01-01,p50,2014-11-01,21.988784592221286,2020-01-01,24.12179787506035,62,5.166666666666667,9.700460131814804,1.808087813932624
4,recovery,Nascent recovery meets COVID-19,2014-11-01,2020-01-01,p75,2014-11-01,34.96023657569835,2020-01-01,38.52445528726115,62,5.166666666666667,10.19506462390578,1.8967693713629608
4,recovery,Nascent recovery meets COVID-19,2014-11-01,2020-01-01,p90,2014-11-01,53.85629450444432,2020-01-01,60.22560421135231,62,5.166666666666667,11.826490785366573,2.1870231471905477
5,covid_aftermath,COVID-19 aftermath,2020-02-01,2026-08-01,p10,2020-02-01,12.489268705868405,2026-08-01,14.842955697331632,78,6.5,18.845675010237283,2.691832762547963
5,covid_aftermath,COVID-19 aftermath,2020-02-01,2026-08-01,p25,2020-02-01,16.830065867368493,2026-08-01,18.70092510894921,78,6.5,11.11617302228205,1.634851686064187
5,covid_aftermath,COVID-19 aftermath,2020-02-01,2026-08-01,p50,2020-02-01,24.167299870916583,2026-08-01,25.792271665443945,78,6.5,6.723845043537047,1.006173219351214
5,covid_aftermath,COVID-19 aftermath,2020-02-01,2026-08-01,p75,2020-02-01,38.64956102946902,2026-08-01,41.26700786219776,78,6.5,6.772255008881012,1.0132205482376255
5,covid_aftermath,COVID-19 aftermath,2020-02-01,2026-08-01,p90,2020-02-01,60.57740795859555,2026-08-01,67.15829162869528,78,6.5,10.863594022705204,1.5992748511030275
