year_int,month_int,date_dt,age_le18,age_19_24,age_25_34,age_35_54,age_55_64,age_65_plus
1982,1,1982-01-01,9.959341436161722,13.913785829931818,20.50452648621531,21.969135520944974,20.634713955969058,13.913785829931818
1982,2,1982-02-01,9.944397329425637,14.174520677677224,20.473759207641017,22.155202635998236,20.86740102709218,13.323424687160976
1982,3,1982-03-01,9.882385572029145,14.061841623115338,20.44604189968636,22.12531843231364,21.032130212396293,13.363735275054653
1982,4,1982-04-01,9.8501632157399,14.003777239548654,20.538822279252532,22.322617710941522,21.233144010158508,13.123539783580203
1982,5,1982-05-01,9.877200330601925,14.09732578875487,20.569912539277833,22.199550164427137,21.038540804089134,13.031347824340616
1982,6,1982-06-01,9.835346829128424,14.02259123084619,20.61368707043136,22.224476173635463,21.123937979189048,13.25400361524925
1982,7,1982-07-01,9.817751496600694,13.978122803199456,20.627416706815065,22.31414915771588,21.166793320849326,13.196910987711728
1982,8,1982-08-01,9.783015738784275,13.903893555043028,20.591597676584012,22.372601538096724,21.19068261677003,12.988955883202271
1982,9,1982-09-01,9.78462370712492,13.801029944711187,20.591300480326304,22.392508189721973,21.15537433200164,12.965664280795748
1982,10,1982-10-01,9.755023209035375,13.76232394278739,20.588037822976723,22.412452305566315,21.157832150191982,12.993550883252372
1982,11,1982-11-01,9.725654836549941,13.726993619102624,20.544653712241992,22.42260301574047,21.154061339732657,12.96412007032794
1982,12,1982-12-01,9.723421459361465,13.672441555260503,20.531070099738486,22.428227510378182,21.148261719082512,13.01999517086578
1983,1,1983-01-01,9.674645558665041,13.632246641907038,20.547927386229357,22.462944948867523,21.17758853390934,13.01244613532059
1983,2,1983-02-01,9.63867475542885,13.593255199084473,20.473869850154845,22.463486897820143,21.165167635502044,13.115304024250731
1983,3,1983-03-01,9.604322783356867,13.579420829700213,20.50089828703822,22.484619100691162,21.08221958851829,13.157396010607474
1983,4,1983-04-01,9.566840156497927,13.55636042846225,20.43246982551412,22.45664625282669,21.044590347414022,13.165276041076792
1983,5,1983-05-01,9.507846810592586,13.458153102999571,20.43881057931946,22.5096958333894,21.08710990118331,13.263970076852887
1983,6,1983-06-01,9.48741598568401,13.41288342305217,20.427195814671382,22.521152957148978,21.130593584441222,13.216317782171412
1983,7,1983-07-01,9.443987261746313,13.367711062680396,20.416124905398295,22.52207659213617,21.151464854088502,13.288285047733098
1983,8,1983-08-01,9.42304320831171,13.333739684862593,20.42850448298455,22.52455870825722,21.13600588361518,13.376692795269733
1983,9,1983-09-01,9.400610327964998,13.31849094353743,20.414241780288005,22.510068295012317,21.09807775228615,13.446069088913665
1983,10,1983-10-01,9.391248548467773,13.333060765238669,20.399619927954806,22.467556903670875,21.099626721626176,13.406814840028066
1983,11,1983-11-01,9.383239772412855,13.292844380317806,20.419915425336995,22.412747447125668,21.149206936340644,13.481794876797816
1983,12,1983-12-01,9.34352219138707,13.277148344906259,20.416709881301735,22.42596809019887,21.177847581866807,13.475753316720247
1984,1,1984-01-01,9.316291963376916,13.271890361084555,20.379065168412843,22.489544345863077,21.116884384829145,13.494113558894265
1984,2,1984-02-01,9.30500622282105,13.22570586556422,20.415005456674184,22.50507011479926,21.159383843759542,13.44792906337393
1984,3,1984-03-01,9.283755564515365,13.200609071123711,20.43028822674975,22.572550869699807,21.133363202338046,13.542189136967888
1984,4,1984-04-01,9.263166141864442,13.18108544936373,20.428775046720418,22.59011101012744,21.127120434871653,13.610610981808271
1984,5,1984-05-01,9.254897715087507,13.181811944852093,20.360630247869487,22.645790393432776,21.058975636020723,13.56518111590765
1984,6,1984-06-01,9.24771112654433,13.196180130921865,20.295960933014054,22.67510215848399,21.063762258590323,13.522068239337361
1984,7,1984-07-01,9.242561427268672,13.20130816510088,20.23506317223644,22.699318398751963,21.02166791777625,13.481469732152288
1984,8,1984-08-01,9.237950528278324,13.21911333249086,20.176398342504736,22.746122389806253,21.016007153273545,13.531147329713825
1984,9,1984-09-01,9.212318451792664,13.250555315294843,20.13903571760092,22.769349080395823,21.09500108134798,13.494530077591454
1984,10,1984-10-01,9.197546316144585,13.213275112242957,20.10501782193853,22.845658806158024,21.153656812136067,13.52519391346901
1984,11,1984-11-01,9.185061078551453,13.232593840061504,20.0988941108868,22.937218033729526,21.135658869337522,13.48797275636122
1984,12,1984-12-01,9.168987011751438,13.249427559991238,20.104811530143408,22.969105734565165,21.09478220844584,13.502822720088306
1985,1,1985-01-01,9.174607718841099,13.220483587619553,20.05753736384005,22.993204256304974,21.14299554704186,13.417614643912623
1985,2,1985-02-01,9.150459502853819,13.1827925304317,20.01217839827936,22.999007821984332,21.120492339313532,13.487930683216883
1985,3,1985-03-01,9.14596669750172,13.144542547671334,19.974093565897537,22.973717999366304,21.170703279797735,13.30707473194351
1985,4,1985-04-01,9.132517398026687,13.108965572812743,20.035832140346884,23.075181165310266,21.185400409549377,13.27149775708492
1985,5,1985-05-01,9.117902892939572,13.072252291705093,20.08014414645547,23.086690801134175,21.30895813584063,13.23478447597727
1985,6,1985-06-01,9.091545565107955,13.034598966231354,20.13054966332058,23.18759961418671,21.246202593384396,13.19713115050353
1985,7,1985-07-01,9.077140923569392,12.998269977934589,20.182679784737473,23.17733568659839,21.292567343894373,13.214113964137786
1985,8,1985-08-01,9.051612293274099,12.961800506084172,20.23424774888359,23.174349642194063,21.39362444681632,13.209526143863892
1985,9,1985-09-01,9.025871782275457,12.925028347514683,20.267619374891026,23.215265680829738,21.361160051817595,13.172753985294403
1985,10,1985-10-01,9.00070479488751,12.889075508389043,20.221444400273224,23.21589826875866,21.283585859830755,13.189759526501087
1985,11,1985-11-01,8.974468020682473,12.851594402381847,20.19889067207972,23.203111105016653,21.287669725186497,13.300131781451535
1985,12,1985-12-01,8.958817122329712,12.81365737965503,20.181811505940864,23.18897018166118,21.29714147101522,13.323451791560844
1986,1,1986-01-01,8.932677705894132,12.77631535617563,20.217551773273204,23.199287540598895,21.331691126800308,13.42441187833123
1986,2,1986-02-01,8.910048312076986,12.743987650722564,20.27383454104041,23.220631522263833,21.346938640249967,13.336464239359454
1986,3,1986-03-01,8.891978724556338,12.718173954264495,20.250463612478292,23.227686096769947,21.387540271000635,13.331651451897173
1986,4,1986-04-01,8.88724332077084,12.748671500587077,20.207410702110725,23.17996153922888,21.3920730547526,13.372670920974073
1986,5,1986-05-01,8.872197671822187,12.727177716374717,20.180815308372523,23.22004313540943,21.443772756357333,13.487712510217232
1986,6,1986-06-01,8.856458749333276,12.704693541390558,20.191927317807654,23.2605486065002,21.43071445181844,13.569865422810375
1986,7,1986-07-01,8.842367028410067,12.684562511500257,20.159717669983173,23.344614828701623,21.503234673955177,13.581241916021225
1986,8,1986-08-01,8.829820489490283,12.666638884471995,20.131039866737954,23.416294400458817,21.524108231265174,13.635916446635356
1986,9,1986-09-01,8.836964373446289,12.702879006034252,20.101845433754974,23.46595618633076,21.650587084895204,13.71009266036154
1986,10,1986-10-01,8.844002999694933,12.756000104199247,20.146672777246216,23.600879550354698,21.808751149649108,13.845393258218035
1986,11,1986-11-01,8.831103811554,12.763514393163886,20.142881400164907,23.697418712393596,21.808554590591722,13.782879288008669
1986,12,1986-12-01,8.819677642733982,12.788640960231982,20.11676444286201,23.787041692419113,21.919514978009225,13.702586150806175
1987,1,1987-01-01,8.80822987559099,12.830044808329339,20.11638285062391,23.783210506348592,21.978513499073593,13.662528899317936
1987,2,1987-02-01,8.794258892424567,12.830641955190483,20.084449174814942,23.850458290461464,21.995973204130937,13.690025132423854
1987,3,1987-03-01,8.77677489361109,12.827245199473158,20.09573916438693,23.99142136264441,22.079119894913447,13.849060743991418
1987,4,1987-04-01,8.765330854594096,12.810079140947668,20.07074850869221,24.08106110165501,22.122337615017614,13.857116663250318
1987,5,1987-05-01,8.763582200115497,12.839596380572353,20.045650579485915,24.047272371683597,22.11796597882112,13.734818491545022
1987,6,1987-06-01,8.792241782766526,12.89938540253858,20.049573999074823,24.032314868935497,22.142457748617318,13.80160124130213
1987,7,1987-07-01,8.778831580541604,12.9163880967387,20.097027980327017,24.053990830417774,22.031314904453502,13.804658457332094
1987,8,1987-08-01,8.77359026602426,12.980935955961451,20.139794775915497,24.054523151423442,22.00026058841251,13.71430169136266
1987,9,1987-09-01,8.757522175957355,12.989381615405458,20.17244849220571,24.08610824010834,22.02542227407008,13.709938916652293
1987,10,1987-10-01,8.760511142690019,12.97921212312362,20.192449661258454,24.037944621744526,21.903060929533805,13.704901262304947
1987,11,1987-11-01,8.784170384658983,13.015641791384406,20.238783167439962,24.040505298941156,21.87795863472558,13.629504611191493
1987,12,1987-12-01,8.77749762241391,13.035958852749811,20.27771856507421,24.042118991154616,21.84273762803058,13.739278198148385
1988,1,1988-01-01,8.801274299799656,13.000803936361224,20.29207577706965,24.07114382063639,21.80285105895415,13.776545464353147
1988,2,1988-02-01,8.826467494103884,13.044605852754676,20.347390834548982,24.08462160607733,21.81321264189263,13.840346797230483
1988,3,1988-03-01,8.85101546679898,13.08636431549276,20.336132991008178,24.013407092113944,21.895559814969133,13.847091141434733
1988,4,1988-04-01,8.864430091834794,13.081869413752443,20.30232739941839,23.940245633424805,21.73124714497276,13.875779489179008
1988,5,1988-05-01,8.85753481847911,13.082081691002635,20.316083376331093,23.96841347910599,21.755245387088923,13.989453769792648
1988,6,1988-06-01,8.829659832409575,13.0757881076973,20.282229842958387,23.894080182920565,21.77301120553108,13.970272924681643
1988,7,1988-07-01,8.889141859239151,13.082905234501203,20.214991675508948,23.81497645650946,21.8789231443324,14.003809370962998
1988,8,1988-08-01,8.939070423738501,13.060023563409477,20.181980747199052,23.73809860386476,21.77544420209035,13.99578374476263
1988,9,1988-09-01,8.977623549584944,13.035599646604695,20.170395707778603,23.658587812414,21.68582624029953,14.054351473509847
1988,10,1988-10-01,8.995946422213272,13.03039953519865,20.171026133477294,23.579154174379177,21.70654022754217,13.966614228415148
1988,11,1988-11-01,8.99470664613819,12.994021793145606,20.140935914354095,23.499049429713203,21.736445789624092,14.052556180354998
1988,12,1988-12-01,9.041607698988276,12.959343202389192,20.09961835417237,23.41666417796424,21.696015857949078,13.971225136189073
1989,1,1989-01-01,9.057547261602146,13.000278595783497,19.984997130105462,23.33222155252051,21.810439683670793,13.886071039469527
1989,2,1989-02-01,9.07206815547783,12.951985929692396,19.926917356897647,23.244416705082145,21.71526619992162,13.833388131006506
1989,3,1989-03-01,9.086319666491605,12.95650062101806,19.901322209402114,23.170544363031155,21.584120908217425,13.731082766071466
1989,4,1989-04-01,9.099158314256917,12.923362689734956,19.92017543665347,23.107732179471242,21.69461742436566,13.706030426990168
1989,5,1989-05-01,9.121223293552832,12.96627835522773,19.888669731903484,23.01562167947755,21.52139056612147,13.650764126993955
1989,6,1989-06-01,9.134958137929258,12.934592088012435,19.855613254918524,22.97443761302312,21.400806307499522,13.680738229390679
1989,7,1989-07-01,9.101810832472125,12.982164296166202,19.87832498397944,22.93814422595895,21.38604326029432,13.63101727120498
1989,8,1989-08-01,9.07087216978197,12.966791690343394,19.82681428256377,22.860797569233558,21.4095696757195,13.653076204593642
1989,9,1989-09-01,9.042042715491426,13.000775582880115,19.805568986108916,22.7887239335072,21.328060930624133,13.578940793568814
1989,10,1989-10-01,9.012833103913309,13.014693749782602,19.769443892482435,22.831412119981287,21.375313118907304,13.60918219407004
1989,11,1989-11-01,9.002993874221112,13.013269637668875,19.75210554287077,22.85118335539915,21.35343744140887,13.565623846357086
1989,12,1989-12-01,8.974208053578025,13.05515728834837,19.754327221968573,22.843689820029912,21.313781021186433,13.554345008509003
1990,1,1990-01-01,8.94379409856318,13.05714190298137,19.778247234968607,22.859064282426477,21.23774613364932,13.735974619865674
1990,2,1990-02-01,8.91269745680537,13.105392363674797,19.774706587344635,22.88598227260893,21.344101650515274,13.86224550913875
1990,3,1990-03-01,8.899812147243658,13.100463671909115,19.77031982297399,22.970146665598797,21.31576569271531,13.906383812251109
1990,4,1990-04-01,8.917514742326134,13.136173269551856,19.75532409526209,22.963608747405967,21.340845096734668,13.870250727646349
1990,5,1990-05-01,8.93622450643105,13.096533096178112,19.742652055446122,23.026503352794712,21.46193102209037,13.920883646980762
1990,6,1990-06-01,8.953190897869042,13.106864266047063,19.724594364888947,23.089640091582734,21.569409607563504,13.950562763189778
1990,7,1990-07-01,8.970057214838407,13.064922770128055,19.686785416989707,23.130058321676188,21.49950711436516,13.908621267270771
1990,8,1990-08-01,8.981980034344456,13.06257943162641,19.68967326139539,23.15006851069468,21.51112461794209,13.904415160639566
1990,9,1990-09-01,8.99388951776581,13.009628584678175,19.614893561507007,23.173350837640708,21.50638831810209,13.85146431369133
1990,10,1990-10-01,9.001460446754162,12.954973586307256,19.551425018417728,23.142577336545653,21.415296654150556,13.76676109202097
1990,11,1990-11-01,9.009695604788567,12.94758265143692,19.55896613854097,23.136724662750545,21.370667968482152,13.888993683614249
1990,12,1990-12-01,9.019368184032952,12.896225267944814,19.49071223028397,23.12014694547216,21.3771737810979,13.925457969933722
1991,1,1991-01-01,9.031746704711077,12.849176579537216,19.553332498539124,23.16904467960843,21.298759300418567,13.89556458371525
1991,2,1991-02-01,9.068817720959192,12.833314192155353,19.576624318151342,23.176737596652263,21.227478749367833,13.854769032290779
1991,3,1991-03-01,9.068474581602965,12.79443000166291,19.587590560296317,23.130317823677185,21.220244417997755,13.795159343159336
1991,4,1991-04-01,9.084835859014488,12.755927671806203,19.53856381772326,23.150206268547993,21.15607386823658,13.82130097102106
1991,5,1991-05-01,9.099683002132094,12.71554180082424,19.521438812980147,23.147062930254535,21.08876408326664,13.794931131482533
1991,6,1991-06-01,9.090559043159635,12.678163668515385,19.486283176026657,23.121916899554083,21.026467196085214,13.664562220057308
1991,7,1991-07-01,9.108118650953529,12.662596698576223,19.493269350473525,23.164301046457997,20.965872292852307,13.714830161453323
1991,8,1991-08-01,9.128899772725214,12.649943115881198,19.478306674354418,23.158640407231662,20.913094384197187,13.798394704127213
1991,9,1991-09-01,9.148684231083246,12.631087118292518,19.499853442578022,23.190668699326256,20.91185139476613,13.82137194102311
1991,10,1991-10-01,9.174256135296481,12.606506197818211,19.548948840964968,23.188587068005894,20.870883193975622,13.949278921061905
1991,11,1991-11-01,9.199075384137137,12.580995940516859,19.486255312734688,23.176129474496708,20.852979185890703,13.895499106130025
1991,12,1991-12-01,9.22266816546415,12.553905202411825,19.481330374913448,23.208547440021686,20.807827955715645,13.866150806516236
1992,1,1992-01-01,9.248046822710513,12.529417661473836,19.442558435094966,23.205357299507064,20.787522906882835,13.812585258498189
1992,2,1992-02-01,9.249993874547844,12.48448284674428,19.400517711318226,23.190549958099865,20.743269513433635,13.78160788308375
1992,3,1992-03-01,9.272107592940495,12.455683973163497,19.42223161895991,23.206750954054947,20.768057627221836,13.852920093827274
1992,4,1992-04-01,9.249871442838993,12.434515456905704,19.489289901535518,23.237192759248934,20.718643960329608,13.923051553546772
1992,5,1992-05-01,9.22986026689563,12.407833888981218,19.480335790648997,23.241550155875096,20.674174680455465,13.9614491404026
1992,6,1992-06-01,9.235847830419203,12.381112870853359,19.447594321590636,23.233715416329144,20.629639650242368,13.991675407985387
1992,7,1992-07-01,9.214529796271668,12.33189885332273,19.444717689272196,23.17923599572989,20.582266241025625,13.988968096286145
1992,8,1992-08-01,9.194011203273426,12.285527566827026,19.487865510514276,23.212178541083212,20.5366693676962,13.930522306655277
1992,9,1992-09-01,9.174922432355418,12.25023275827331,19.4842199351248,23.230383985656935,20.494249876767288,14.000405241230135
1992,10,1992-10-01,9.154617288341779,12.22315923292179,19.420425856988448,23.209517787046327,20.57849834212914,13.860546872782326
1992,11,1992-11-01,9.13452913014123,12.196375021987725,19.44376373637845,23.192938997814892,20.700950013133138,13.797619133919296
1992,12,1992-12-01,9.115054015924398,12.170408203031949,19.45130221532533,23.177127423636588,20.761922239944152,13.876717250599388
1993,1,1993-01-01,9.094803749032256,12.14340784717576,19.42519124545307,23.20191887198574,20.77961209528686,13.92009500648401
1993,2,1993-02-01,9.075373330823608,12.15051381357347,19.388127317037775,23.259826937232983,20.777969743420982,13.910638089125005
1993,3,1993-03-01,9.056266518636884,12.125038063991173,19.36338145128077,23.283868016500712,20.81629004354485,13.963819243171878
1993,4,1993-04-01,9.037238219623212,12.091187314762069,19.353207146728113,23.317922724573023,20.939370101284524,14.099584833587333
1993,5,1993-05-01,9.041660554160584,12.113569343386756,19.383146152007,23.319341203611472,20.989037669256813,14.067997661304126
1993,6,1993-06-01,9.022451457986609,12.12915721258891,19.45880734606299,23.326630235024084,21.086430780146213,14.06347714669977
1993,7,1993-07-01,9.029240494386382,12.105301951346712,19.461176683763455,23.363175925414616,21.099323707049585,14.009548542729082
1993,8,1993-08-01,9.011101262396787,12.122180384700261,19.442744621122905,23.4241913490129,21.223270606653628,14.010723480526115
1993,9,1993-09-01,9.018040491130781,12.123228435001174,19.472355242031586,23.42825117575909,21.260314731931494,14.053458410801992
1993,10,1993-10-01,9.03833591440782,12.141019970512538,19.53849149224337,23.477718014589737,21.23264545739911,14.093860507699011
1993,11,1993-11-01,9.045588962517543,12.158853788955968,19.540290878143132,23.532009988708413,21.055005233267092,14.163561397044548
1993,12,1993-12-01,9.029496952272735,12.137397775296222,19.580349225125232,23.584174197053343,20.996607157681744,14.196312956200707
1994,1,1994-01-01,9.014978777530978,12.118040208973879,19.614644988854817,23.55211490183534,21.085108672577643,14.18043579508113
1994,2,1994-02-01,9.040588736340617,12.056386300292822,19.619534476458767,23.530004750026617,21.172835557107224,14.136197138462867
1994,3,1994-03-01,9.033135563235762,12.035625694630214,19.584933467021088,23.495115767652834,21.0456961093229,14.17518463052141
1994,4,1994-04-01,9.034899809041683,12.089326726790473,19.518156155813315,23.456579408887688,21.010371113788185,13.987339921249465
1994,5,1994-05-01,9.037432331263858,12.040056078055105,19.468084406163122,23.46254352864437,20.979307195213526,14.128695855877748
1994,6,1994-06-01,9.022694777860108,12.059968498350477,19.346495549660183,23.45233341182491,20.9680020631315,14.121923270592148
1994,7,1994-07-01,9.04658402157184,12.103259175360781,19.29197982749868,23.410101019562116,21.041173890126387,14.260064574304051
1994,8,1994-08-01,9.11066798975246,12.080703945570702,19.255891459834555,23.366794978365167,21.00147668569585,14.329716685095693
1994,9,1994-09-01,9.109901285254335,12.114630804094174,19.17961580011473,23.356221983130165,20.924302929568874,14.202225460071146
1994,10,1994-10-01,9.097149980536704,12.093548269005332,19.121854060190536,23.355792988729664,20.96881874632015,14.227009708897155
1994,11,1994-11-01,9.097479318227,12.072499798517656,19.088176507410253,23.315379925393326,20.98564753938097,14.122646484465818
1994,12,1994-12-01,9.145947156508436,12.099838931057416,19.05384604580524,23.31049959078759,21.023104582599952,14.096898638262058
1995,1,1995-01-01,9.185101607052989,12.117493546141015,19.01682556009366,23.266075007933694,20.92523397571084,13.989399460957285
1995,2,1995-02-01,9.167968039453147,12.143606773549841,19.021453015334508,23.2227902055762,20.885556240216467,13.997777914712497
1995,3,1995-03-01,9.223757629585648,12.162610754077342,18.986921135041708,23.260798166631204,20.87706484624249,13.906940755356095
1995,4,1995-04-01,9.246459090047429,12.1071941810265,18.986185445009603,23.216665406890137,20.836609816479847,13.881196645507138
1995,5,1995-05-01,9.23686272804626,12.146384038939017,18.98980611533029,23.251550933420724,20.841145437550384,13.921498351442386
1995,6,1995-06-01,9.300391465262521,12.123980161705317,19.044177349721767,23.28616006848013,20.886222253221078,13.8970264240025
1995,7,1995-07-01,9.300807532789085,12.146003876121302,19.032128110146555,23.25151422766021,20.851713821551584,13.826133932053464
1995,8,1995-08-01,9.28527427412229,12.14234138434037,19.001061592812967,23.261496651517582,20.817540652484638,13.793764406016262
1995,9,1995-09-01,9.310204888658486,12.122598674043122,19.01080550712051,23.273474629257418,20.994057279244874,13.841201073087113
1995,10,1995-10-01,9.334392253544594,12.142027406504042,19.003110974734625,23.278579596125482,21.05793233285809,13.959682560683355
1995,11,1995-11-01,9.360046152271455,12.163385425049116,18.974471773522712,23.24719612613818,21.10392999461867,14.089529673214884
1995,12,1995-12-01,9.36071292443877,12.17543762441727,18.9438470448555,23.174130232417244,21.11581667072073,14.144925572785727
1996,1,1996-01-01,9.369199289601898,12.234335836135042,18.9129794873691,23.215279598580338,21.19204653361486,14.147322746135307
1996,2,1996-02-01,9.393741150462004,12.285375709016526,18.88247049477669,23.256736072152446,21.158486641763208,14.248473058889541
1996,3,1996-03-01,9.377601669938397,12.304117493039017,18.850191533729475,23.16120838830667,21.168554639182325,14.160441377233848
1996,4,1996-04-01,9.384990809578717,12.32243955861119,18.8332745983201,23.19638675420524,21.171313546946163,14.211772089147871
1996,5,1996-05-01,9.400136621988054,12.300988678287597,18.800273243976108,23.155135061275253,21.240086388401707,14.115582168122268
1996,6,1996-06-01,9.38441825891473,12.281913463158414,18.76883651782946,23.115839153591942,21.224771726430635,14.155235914522418
1996,7,1996-07-01,9.368057218168593,12.260098742163565,18.743844828564846,23.076510483846377,21.1965078290168,14.255362291490579
1996,8,1996-08-01,9.3526561673456,12.302323649762762,18.71304272691886,23.03979779942256,21.33871060731775,14.264501553518128
1996,9,1996-09-01,9.335621562085342,12.357191161905229,18.702077266092587,23.1006630615219,21.368957878530217,14.224909914252402
1996,10,1996-10-01,9.318299180953403,12.411452563452265,18.681585708779128,23.101785862676024,21.256477374816928,14.15269887103299
1996,11,1996-11-01,9.299590400829567,12.425453229587605,18.644168148531456,23.193776811993416,21.37273875018269,14.093229685405223
1996,12,1996-12-01,9.28149957267512,12.440212834614728,18.60798649222256,23.203947578701808,21.328434215698287,13.996915640692995
1997,1,1997-01-01,9.26415370512524,12.446528743352529,18.573294757122802,23.214102003701356,21.34935648169599,14.025082810924886
1997,2,1997-02-01,9.246448324145545,12.460774842322458,18.568402685797427,23.246135277837155,21.46299809671073,13.996754201357374
1997,3,1997-03-01,9.230288915285717,12.504246624688626,18.547516317347974,23.306645535305154,21.441457205702832,13.960121220469896
1997,4,1997-04-01,9.215705971013822,12.523359554715231,18.585354962145104,23.34943368216905,21.450523414429142,13.92635241877526
1997,5,1997-05-01,9.202806337812907,12.58276622447008,18.643349507950916,23.31718459916676,21.49605183850208,13.848580860966766
1997,6,1997-06-01,9.18892098460743,12.639435350571606,18.691657543674747,23.358549958287853,21.380114999179437,13.903831573293338
1997,7,1997-07-01,9.21423194083371,12.673183292206648,18.734549063899646,23.477185384488607,21.49649872599181,13.883502422951194
1997,8,1997-08-01,9.277630948568575,12.694194977252454,18.804367395196206,23.475468843719987,21.444696870450798,13.987994309920115
1997,9,1997-09-01,9.341196249518616,12.707396372149962,18.84776222625601,23.447535182414505,21.41689777927239,14.122459747109701
1997,10,1997-10-01,9.405996895541506,12.692149289064565,18.88751889369605,23.446860149896878,21.461666711551207,14.058135776024463
1997,11,1997-11-01,9.441838954792125,12.717073056203382,19.019752722776698,23.435390296422362,21.438698174709764,14.169925670872326
1997,12,1997-12-01,9.509020479209651,12.743420397491652,19.10620405995384,23.51275592230988,21.55871299316012,14.177026547072934
1998,1,1998-01-01,9.561651969279621,12.740853950923299,19.24173333542666,23.515149815278356,21.61541609006242,14.24084063451145
1998,2,1998-02-01,9.63144341760252,12.7325745058624,19.350797541438446,23.540503174679237,21.67389987981834,14.231378411584709
1998,3,1998-03-01,9.709478655054982,12.744562425684332,19.480296854962663,23.598120875839957,21.813786106781706,14.488987122701037
1998,4,1998-04-01,9.779657733987431,12.797724470716448,19.553650479486645,23.5930997818167,21.951998003634937,14.5716843063802
1998,5,1998-05-01,9.848352230997207,12.863698351033038,19.607245661298556,23.65159196622703,21.93277960814501,14.76892606177997
1998,6,1998-06-01,9.94894865944109,12.931995763503586,19.671911786592457,23.666298997511472,22.05561922098135,14.798405970216699
1998,7,1998-07-01,10.01739687738796,12.9830607081544,19.74210243280869,23.73610118772379,22.247067256910256,14.769763036808056
1998,8,1998-08-01,10.047298630982578,13.040961366765652,19.783615729550707,23.94132463553747,22.380734623498867,14.803395484767977
1998,9,1998-09-01,10.079711512817529,13.035828991207268,19.833760195010736,24.004243570900826,22.4446069730155,14.750580179928239
1998,10,1998-10-01,10.111312040223716,13.10337452074762,19.897504309164106,24.140420748663523,22.55488365828954,14.862671666316185
1998,11,1998-11-01,10.173198118773117,13.170932512207838,19.966497906667694,24.20147542271251,22.729740011233716,14.836606370131966
1998,12,1998-12-01,10.196253096163117,13.237127417447219,20.037998780095982,24.296096964087834,22.79383669997756,14.873097362016667
1999,1,1999-01-01,10.241151054143547,13.339751684753546,20.093030550644126,24.35282030337595,22.926225777597878,14.861872236657208
1999,2,1999-02-01,10.270963518628163,13.404969799351605,20.127153375200866,24.389375401359885,23.09721201667043,15.000698244296567
1999,3,1999-03-01,10.292683920019098,13.481419532341475,20.185732890093234,24.479204896518787,23.079353882068563,14.987676687816041
1999,4,1999-04-01,10.318864598785648,13.593772993413243,20.24182370375373,24.57599308542186,23.147773983782848,14.971511040532581
1999,5,1999-05-01,10.382891766844224,13.579436905058035,20.301069061159286,24.662954314884757,23.33354908106789,14.86485937508346
1999,6,1999-06-01,10.415717534739644,13.56379912480943,20.40134828369848,24.75668909603258,23.45756356895132,14.828283275093437
1999,7,1999-07-01,10.440757176041217,13.637384659156542,20.421517568503027,24.79097521849627,23.496258603676868,14.829509986739522
1999,8,1999-08-01,10.46537210498829,13.70282151875481,20.546017321017565,24.769540762881014,23.468048563890108,14.760619233423812
1999,9,1999-09-01,10.486303335146406,13.799290050685963,20.66319310068971,24.805828080023964,23.433203919057107,14.78350665234424
1999,10,1999-10-01,10.507639526321972,13.852787759024825,20.78101384335516,24.84173463363277,23.42500822076764,14.716766984180191
1999,11,1999-11-01,10.52821921092284,13.905275736861533,20.811355712981506,24.877229698517016,23.35061764515065,14.808504119117885
1999,12,1999-12-01,10.555123577883442,13.956162088148751,20.887685239912333,24.8739455619302,23.371413878328084,14.931436910594067
2000,1,2000-01-01,10.573334709798672,13.967949569369518,20.928605353822626,24.903944175066194,23.22836036715566,15.169832026981249
2000,2,2000-02-01,10.588296287900535,14.012900403321506,20.984030614438847,24.9396237678613,23.136367384617344,15.062892022317689
2000,3,2000-03-01,10.600161460696924,14.034216928301477,21.022324028303622,24.927529071548694,23.230778941319368,15.025544742929583
2000,4,2000-04-01,10.6168963820158,14.006804075028075,21.052064414813984,24.93304343022603,23.163856317985733,15.107445618483586
2000,5,2000-05-01,10.596196884107044,14.053745044002127,21.047435647509666,24.980267024619796,23.059375166234844,15.068757609229996
2000,6,2000-06-01,10.572821390670745,14.097095187560992,21.026504963347783,24.95910618136471,23.00872826378953,15.230157672321816
2000,7,2000-07-01,10.585832563716556,14.066184793686778,21.120187922154333,24.966253186704726,22.90825908038874,15.271635215350544
2000,8,2000-08-01,10.578806401255788,14.059229671483955,21.14957129664038,25.04768707587828,22.92846960672935,15.364008742347021
2000,9,2000-09-01,10.556765534032335,14.101924643146656,21.19198891574624,25.04343985126446,23.09159123776634,15.44130345543083
2000,10,2000-10-01,10.556637204056983,14.144944463576994,21.164378001988247,24.99094068362152,23.188492775380727,15.563506642145423
2000,11,2000-11-01,10.534499753112494,14.18731219376625,21.168280047559612,24.980363392245465,23.206863159395077,15.530300465728688
2000,12,2000-12-01,10.548985735262868,14.158777210847996,21.19725201186036,25.038088830155715,23.292744199892194,15.498198609945652
2001,1,2001-01-01,10.59725913263318,14.199332190386524,21.241167169121017,25.126917207064558,23.43605314067244,15.478949811794974
2001,2,2001-02-01,10.611204441022885,14.17038043809816,21.269057785900426,25.149502499426386,23.46436552227618,15.590825065412494
2001,3,2001-03-01,10.628815266204917,14.21620583770652,21.33542892806952,25.120066223089832,23.567891271080725,15.678608031667597
2001,4,2001-04-01,10.644135403975595,14.260361487224488,21.366069203610873,25.164993917991737,23.666339100599124,15.684636349829354
2001,5,2001-05-01,10.657844122318128,14.352005851026632,21.431205344508175,25.197894842013813,23.761124130083193,15.749036980276733
2001,6,2001-06-01,10.708376979007765,14.34260241153444,21.501086329301774,25.25879807181026,23.902906530751938,15.78503848392611
2001,7,2001-07-01,10.72519986535476,14.460556787041817,21.547932198164908,25.29763125383208,23.891033424769834,15.830604922530547
2001,8,2001-08-01,10.763789299853078,14.485960836342938,21.5562081858751,25.260274772347167,23.98057200017619,15.910206923981816
2001,9,2001-09-01,10.823726861759404,14.470078608938582,21.564681965050223,25.31553534080559,24.01854015362044,16.016251756260566
2001,10,2001-10-01,10.85999716344942,14.51430150249957,21.639124155619445,25.35493765028086,24.059028548727877,16.1313013126537
2001,11,2001-11-01,10.919692574179948,14.569308866800082,21.715384378211358,25.429501273770146,24.19676429159452,16.220844428749494
2001,12,2001-12-01,10.931570028064302,14.622768195969329,21.718057514735346,25.442759873455106,24.281251211650876,16.349307559669683
2002,1,2002-01-01,10.92542722658791,14.6644045911036,21.758403549262532,25.42858417774036,24.303763705035987,16.349857106981045
2002,2,2002-02-01,10.954828375640389,14.798376195068816,21.80870542385178,25.458475724461827,24.431958718028742,16.357050540921513
2002,3,2002-03-01,10.981820947593848,14.78847359437302,21.81697800768167,25.520777246138074,24.498073694548832,16.40790293695178
2002,4,2002-04-01,11.041727276522534,14.773876407782272,21.87983998809842,25.515041875615,24.474677996831037,16.603915356077014
2002,5,2002-05-01,11.06819468341088,14.747517649692464,21.923579616239923,25.494198093234644,24.511467505884298,16.732018351502777
2002,6,2002-06-01,11.094757351535621,14.817584915645373,21.934969315108102,25.50958543553359,24.589388167261443,16.77092352962081
2002,7,2002-07-01,11.083898962836782,14.732487630605831,21.905186334684156,25.48452761545935,24.667812534397733,16.90946604142129
2002,8,2002-08-01,11.071145776699877,14.73538946910642,21.870184498020667,25.508883720932175,24.64310463737566,16.92529890848448
2002,9,2002-09-01,11.085017288995374,14.712454846984226,21.860010008212665,25.48210695346022,24.68801002995484,16.9552358368706
2002,10,2002-10-01,11.10390831345468,14.62891721448677,21.891056145756377,25.445310571360825,24.722112440663512,16.930704915471
2002,11,2002-11-01,11.086444959135354,14.604737185429242,21.920359442839665,25.458551590020022,24.737150835521106,16.93931157759948
2002,12,2002-12-01,11.104539961048792,14.585006834984796,21.93127357094754,25.414041162697664,24.729073745844545,16.909637959384575
2003,1,2003-01-01,11.097257125794421,14.570077932631166,21.888976178483556,25.36523647908538,24.76215243356942,16.87710150364305
2003,2,2003-02-01,11.073880577364871,14.479717924094192,21.850723505140166,25.322499832527654,24.846283885773893,16.909442475952495
2003,3,2003-03-01,11.050697865725635,14.463174451670826,21.841405787447627,25.406725079793453,24.80936156824573,16.873776765738288
2003,4,2003-04-01,10.997689258619628,14.474736310383628,21.792339250676235,25.49790160667878,24.895113918949754,16.775990253997104
2003,5,2003-05-01,10.981486464642403,14.452924856952748,21.763448894343135,25.580015868917197,24.9950330836434,16.820121142307038
2003,6,2003-06-01,10.964834042725663,14.472851834355552,21.79775268710698,25.54929208034344,25.082197998559337,16.75332068099045
2003,7,2003-07-01,10.98256892919527,14.472187052749259,21.834116615852032,25.59370472938087,25.070964289745767,16.714244351982977
2003,8,2003-08-01,10.998961014031817,14.497772514799966,21.83331373639969,25.63574967085597,25.113606726496943,16.69907135429167
2003,9,2003-09-01,10.948528253090894,14.531665355613384,21.89777193332336,25.667779468070876,25.319134395889787,16.669805187831606
2003,10,2003-10-01,10.950871296247445,14.563465208844812,21.893650146580732,25.764089455193716,25.41544438301263,16.64290862136077
2003,11,2003-11-01,10.96728309553166,14.538945349747141,21.828123153016907,25.772043715506783,25.514540596638263,16.69414168221818
2003,12,2003-12-01,10.925312926649315,14.582463034253589,21.80714801888371,25.837624644015456,25.523537918824186,16.66523192006359
2004,1,2004-01-01,10.959767330545551,14.562384341866936,21.863091353127743,25.85365106581187,25.548686125819703,16.743744860434003
2004,2,2004-02-01,10.94216389801001,14.596002838298402,21.861726766258077,25.9285137367861,25.44579218994388,16.804381757817843
2004,3,2004-03-01,10.925502931982699,14.628023333449274,21.87921151019641,25.90828982639092,25.499266474231487,16.91391008943566
2004,4,2004-04-01,10.973146518625049,14.63508154598758,21.901849550254482,25.885724023462448,25.602253610577435,17.033181154121337
2004,5,2004-05-01,10.983081386664704,14.569581859755477,21.88810105316293,25.879655944520422,25.576683511175162,16.96802882391116
2004,6,2004-06-01,10.99043806530883,14.521284856160479,21.834376332937136,25.96918695261101,25.549073615817083,16.92926443746898
2004,7,2004-07-01,10.966162512892835,14.489694715644587,21.875735542287124,26.008821823387542,25.54877741818269,17.084681194310587
2004,8,2004-08-01,10.937856031465067,14.427404833765024,21.895897417570733,26.001111075904433,25.621259550634385,17.207697157961316
2004,9,2004-09-01,10.918104374859999,14.409623446068037,21.85411506706001,26.01323485101596,25.43984041836374,17.310943561981748
2004,10,2004-10-01,10.862266958486982,14.390954691248538,21.83245899679024,25.959144845008396,25.38235732769279,17.36150702369281
2004,11,2004-11-01,10.835732855763533,14.333042155149077,21.793628672634654,26.025806765089868,25.319957918002714,17.261160862539214
2004,12,2004-12-01,10.824923546095985,14.266611712664654,21.828266951692164,26.06006537502506,25.330854807391912,17.258594504726666
2005,1,2005-01-01,10.748550221319205,14.236461170703011,21.8220633041444,26.202798614105212,25.40889721285935,17.248875305998222
2005,2,2005-02-01,10.759248255498465,14.20560217867347,21.83732456484334,26.21786656186462,25.489874355377367,17.24500103838575
2005,3,2005-03-01,10.768642227727977,14.140187361223248,21.81561480975112,26.202393137020632,25.449451041901586,17.161395529864212
2005,4,2005-04-01,10.70972782745844,14.10660488833315,21.803229841571472,26.16187784906279,25.389748867874744,17.16643262546797
2005,5,2005-05-01,10.686993553376343,14.143528989232077,21.79137952657814,26.151722852542274,25.391582284247175,17.223515231694076
2005,6,2005-06-01,10.64586755252045,14.129330489635974,21.81461766605239,26.135014326508113,25.32188576248253,17.258351696053936
2005,7,2005-07-01,10.654888068429756,14.144755906569053,21.765675509501474,26.088805354833557,25.399918246020533,17.18969540334497
2005,8,2005-08-01,10.634910939434164,14.142667641217471,21.78246924042405,26.04703919445355,25.270116534388972,17.242701746457723
2005,9,2005-09-01,10.667221946179797,14.098303070443707,21.712888176677385,26.0745750200134,25.317697395153054,17.18847838217868
2005,10,2005-10-01,10.679631815313211,14.066226891743128,21.641958807315063,26.104178088509073,25.24468212942969,17.249101482052847
2005,11,2005-11-01,10.654091707938921,14.054707147712271,21.61076129768548,26.05466024302093,25.244549898554286,17.316152581996686
2005,12,2005-12-01,10.681091782157267,14.054408738756196,21.591896991061795,26.01399560437365,25.32761158704441,17.50211106723997
2006,1,2006-01-01,10.695031425216202,14.016961226319202,21.578496553243042,25.953845994865095,25.25683424494099,17.539637060590607
2006,2,2006-02-01,10.68262683992659,13.98212609838875,21.56257127387725,25.934689894716367,25.264995412482996,17.65842869846079
2006,3,2006-03-01,10.657487722889456,13.981493860413996,21.528847370440616,25.939780659181306,25.376632734701467,17.73800324332792
2006,4,2006-04-01,10.662648108244174,13.974591011833116,21.506373442017257,25.958459687223076,25.32477801447145,17.671824744019162
2006,5,2006-05-01,10.665921417936339,13.968381242241438,21.512920061401587,25.877117665521155,25.358971626433593,17.754785275229047
2006,6,2006-06-01,10.65446021253881,13.991665725275842,21.458257316304206,25.84522783414239,25.38911487627838,17.77868057118755
2006,7,2006-07-01,10.65573250679171,13.996905732578933,21.39772839769616,25.894162193003556,25.44608598352545,17.83005672903972
2006,8,2006-08-01,10.658854651814332,13.959151477255858,21.389300094506375,25.914543892312132,25.51049428972582,17.779717721942287
2006,9,2006-09-01,10.640496927448035,13.982829303493627,21.386562546990536,25.904110519183035,25.472449037606825,17.876951508589936
2006,10,2006-10-01,10.625661519958802,14.068501710946192,21.396320121003704,25.901802662706825,25.602832684089936,18.13693258109074
2006,11,2006-11-01,10.640832534541003,14.092098692817935,21.480102316695113,25.94594323817104,25.692838171221215,18.148207861798934
2006,12,2006-12-01,10.620681166939084,14.12913423213982,21.466236246511503,25.94078520283503,25.741812709765547,18.05386544169751
2007,1,2007-01-01,10.611802374203345,14.230514641378942,21.476760246750903,25.90707714200796,25.76250726667941,18.008630415122163
2007,2,2007-02-01,10.609178840992348,14.316191685268404,21.45243320155195,25.91010421020014,25.747192742162763,17.939470766058644
2007,3,2007-03-01,10.649915098721628,14.412048531376895,21.476225979715647,25.92929245489355,25.903342995351004,17.894718900361216
2007,4,2007-04-01,10.69179615261498,14.433836135352943,21.471152081280614,25.94219422236469,25.981687132529935,17.949005482848577
2007,5,2007-05-01,10.702369967740811,14.49983311258007,21.47990239916884,25.956049186265368,26.078053850425377,18.035541746019863
2007,6,2007-06-01,10.682299800154258,14.534450494566368,21.470689797279757,25.999297531747942,26.091740914785696,18.17486841421076
2007,7,2007-07-01,10.694152693613859,14.528439657243915,21.545580050731303,26.006259264364058,26.170646664779817,18.176725312933016
2007,8,2007-08-01,10.739681728299168,14.600202536940788,21.586337581678034,26.063656517359163,26.205520912040736,18.148970691581738
2007,9,2007-09-01,10.768279901311406,14.586353384062544,21.604185170992118,26.115472345047458,26.229778382747888,18.255613953357226
2007,10,2007-10-01,10.76016506728945,14.561128750980433,21.672487556141835,26.1158799755349,26.17408358783133,18.152472469152666
2007,11,2007-11-01,10.790410976109127,14.59808766697786,21.609176092419155,26.100034892945846,26.24590827714811,18.25552235513563
2007,12,2007-12-01,10.821677158922778,14.61879443055461,21.572272725013864,26.091658921230113,26.19785576554214,18.325466917973614
2008,1,2008-01-01,10.853580171957107,14.57768523327032,21.54323108280615,26.12510826786292,26.18864958129218,18.394782390127528
2008,2,2008-02-01,10.856110966091897,14.550552629331609,21.579682371132808,26.172954286422556,26.21887191230883,18.58944797561087
2008,3,2008-03-01,10.858362408453692,14.512012716677884,21.57795398048598,26.154678901683276,26.11849091135003,18.600722541189565
2008,4,2008-04-01,10.829977596150648,14.522003463876084,21.61002036210163,26.17885902332922,26.283561625512803,18.67585530864209
2008,5,2008-05-01,10.807416656275263,14.482606756948543,21.670921888008756,26.234918910817555,26.238865386185743,18.62463958963629
2008,6,2008-06-01,10.8352067535098,14.437186264503861,21.695574349193805,26.236125396576707,26.185445809744675,18.5752866300686
2008,7,2008-07-01,10.79841485603236,14.449891650974632,21.57144964049531,26.184727183964284,26.156453712407682,18.601685432444448
2008,8,2008-08-01,10.804522987300892,14.374139598082047,21.500566844196666,26.179205499005803,26.194832817796417,18.59958714835471
2008,9,2008-09-01,10.79482190193103,14.392116228249067,21.428350131110303,26.148722251022654,26.17800480620906,18.505005016623183
2008,10,2008-10-01,10.81380256004972,14.360213664271285,21.436838934350096,26.227435133979423,26.25031918075339,18.470428453483816
2008,11,2008-11-01,10.835626991028136,14.349036648485049,21.51007120083753,26.207316505564197,26.20030295666319,18.474581499441875
2008,12,2008-12-01,10.834446218798146,14.347462285511728,21.580708724389915,26.262719686470977,26.197469103311214,18.520001539777304
2009,1,2009-01-01,10.835458598981171,14.348812125755762,21.582733484755966,26.31187711799028,26.382072153174875,18.643182726373414
2009,2,2009-02-01,10.866931707842195,14.35040385972907,21.59677861944263,26.431412534775628,26.39508343491962,18.46349654355379
2009,3,2009-03-01,10.902071522088168,14.356787001935814,21.606353332752743,26.458078419543224,26.49549538341295,18.69212220546374
2009,4,2009-04-01,10.93754146986678,14.315173444441495,21.616674941128743,26.51778807793735,26.407943063968375,18.882922460933294
2009,5,2009-05-01,10.969625128350499,14.325942734968688,21.587216164801717,26.552338521861905,26.546442412168016,18.83636734762148
2009,6,2009-06-01,10.99567828351935,14.316509730612543,21.641183129153468,26.583368296789875,26.641345346966688,19.152685194963162
2009,7,2009-07-01,11.026971594751698,14.273966941372578,21.730085189850527,26.690502917728054,26.692051536205124,19.17562768715218
2009,8,2009-08-01,11.055342629912776,14.346528529447008,21.74989286606677,26.724759548293868,26.798643830194333,19.376932781059228
2009,9,2009-09-01,11.058665659739571,14.29886517110294,21.84271022747917,26.807170409137193,26.88062570952532,19.517667229242733
2009,10,2009-10-01,11.07645383596698,14.268858655893444,21.839811091011853,26.80687078011179,26.857647372636734,19.636839946616377
2009,11,2009-11-01,11.092745563365028,14.251464324118388,21.83576618635071,26.894650321011554,26.911344519338616,19.823242458586947
2009,12,2009-12-01,11.091944689984635,14.226592396093702,21.798458294313683,26.84988085056712,27.010589834841696,19.804274796631084
2010,1,2010-01-01,11.071443203225881,14.139876903053747,21.801990453817382,26.878939674972322,26.986056686905236,19.85644238650775
2010,2,2010-02-01,11.082283323184644,14.108804583529922,21.76428919877555,26.739256457318213,26.900389711881203,19.914096916411925
2010,3,2010-03-01,11.042685877115067,14.067111331698138,21.74935709842053,26.768305952750193,26.793556634059172,19.825397943145852
2010,4,2010-04-01,10.99208897214639,14.088555612939041,21.708781575664407,26.760686019827624,26.756140773238947,19.845440707570962
2010,5,2010-05-01,11.002085649560756,14.038687988511096,21.66952818582398,26.75466213938912,26.563704247037236,19.943072387642744
2010,6,2010-06-01,11.030612690452102,14.012229847221239,21.6061782604367,26.714474700065278,26.660688422755744,19.796750435838675
2010,7,2010-07-01,11.057231385412987,14.053027073441669,21.565687732682314,26.63864546351259,26.665974120389052,19.71231753326638
2010,8,2010-08-01,11.043204360614524,13.976353255022685,21.583742089250872,26.527704774745597,26.640300288194148,19.687770239869067
2010,9,2010-09-01,11.083713310205033,14.01949944538804,21.552589418027303,26.484269937742464,26.650153038778065,19.73535222265327
2010,10,2010-10-01,11.112698392823539,14.033345763864213,21.48348712640857,26.483715901090836,26.619758450135297,19.64752890741329
2010,11,2010-11-01,11.071017059101184,14.006224043981627,21.418756182207034,26.48096900092427,26.56543338313076,19.62540121857969
2010,12,2010-12-01,11.098809283718,13.95370665304792,21.39275941057178,26.481323176455003,26.533899494748724,19.661514366235032
2011,1,2011-01-01,11.14359707212234,13.994846344212942,21.320863548255677,26.41743217615558,26.530306772174594,19.71971581379946
2011,2,2011-02-01,11.156075679576979,13.922129697193942,21.317743653812624,26.446060140925223,26.52296737844345,19.778666811194675
2011,3,2011-03-01,11.183903751589048,13.911170659465201,21.230468399545337,26.423204896896443,26.534406890156788,19.931650949949077
2011,4,2011-04-01,11.220148864298404,13.824567859466255,21.2509143441425,26.310703857719993,26.592401525465032,19.93089366902635
2011,5,2011-05-01,11.195429535668023,13.758718700150101,21.224067929065335,26.309348377359825,26.70794473904766,20.048940692234726
2011,6,2011-06-01,11.169702719973252,13.756196018820619,21.21965460009139,26.313446034320503,26.534004958509037,19.888591263574796
2011,7,2011-07-01,11.143216024500257,13.723087649479375,21.18254343813248,26.296642432736725,26.471099056760675,20.01990308187071
2011,8,2011-08-01,11.115863217802644,13.69060619152596,21.08690189750878,26.328996040771194,26.35174278756693,20.097234131814908
2011,9,2011-09-01,11.088160656043051,13.65597798932647,21.078545498253032,26.319192860287412,26.36149611255556,20.21907285984994
2011,10,2011-10-01,11.063444469844603,13.567734111819902,21.03220264913094,26.28142417340295,26.39113527992811,20.308184845438443
2011,11,2011-11-01,11.068115404482386,13.491361313742123,20.9858578267157,26.22202555934075,26.330080784341398,20.47545043660701
2011,12,2011-12-01,11.044992343261905,13.453629457661297,20.9425020869273,26.252845353594196,26.27851707226817,20.608025746036297
2012,1,2012-01-01,11.021558752876524,13.36733391602687,20.93732652143855,26.25112619287098,26.244199117164886,20.567595853246814
2012,2,2012-02-01,10.975937971596572,13.367447560910566,20.888042486367524,26.217495393101444,26.246667668428216,20.64132562028387
2012,3,2012-03-01,10.955065351361426,13.341356785616634,20.872135243708147,26.167922920042972,26.305984935191653,20.60218945734297
2012,4,2012-04-01,10.936924899271549,13.3481615989774,20.872619802832713,26.239359525455114,26.350265621937403,20.503092378460675
2012,5,2012-05-01,10.923052043627793,13.33115616302699,20.91208652316623,26.205348653554292,26.284796122263717,20.419484763789033
2012,6,2012-06-01,10.909005321857808,13.31359776081451,20.955496130366594,26.198194350120062,26.36409958750472,20.623802162858475
2012,7,2012-07-01,10.896198820695759,13.240824280693753,20.93033262548793,26.222738727232876,26.424508713113962,20.789851760003287
2012,8,2012-08-01,10.882513361164232,13.281147943281649,20.90467238886632,26.20055410501025,26.448813048748796,20.82400721649043
2012,9,2012-09-01,10.850449395050132,13.262219275776335,20.874996063839486,26.163521423145383,26.424903140117838,20.73731790811576
2012,10,2012-10-01,10.832661637960264,13.297333224172506,20.90575409662803,26.12626846020261,26.49513103691018,20.62523418965571
2012,11,2012-11-01,10.794852694449311,13.279165892024253,20.87706883534131,26.0895035169868,26.57134706007052,20.47316650091232
2012,12,2012-12-01,10.780224354919271,13.304894707010467,20.849640698722485,26.118925222002204,26.619429979029917,20.445738364293497
2013,1,2013-01-01,10.76700419725451,13.289195769783564,20.797325945376954,26.088751628720306,26.59743667201459,20.42095056867207
2013,2,2013-02-01,10.77538306917305,13.299669359681737,20.827597270681004,26.06420596129713,26.617576038045044,20.401168892957656
2013,3,2013-03-01,10.76393059173091,13.285353762879064,20.91822783967494,26.109251104299616,26.502708869980427,20.379695497753644
2013,4,2013-04-01,10.754583057304796,13.302015945063914,20.87272985368992,26.056251803657247,26.47934003391514,20.426927885528695
2013,5,2013-05-01,10.771936070894618,13.344991059424526,20.772591777275412,26.055924846756415,26.45611654425448,20.575147765366115
2013,6,2013-06-01,10.758460320208806,13.328146371067263,20.689696679835237,26.10960047024524,26.472907251558386,20.549880732830218
2013,7,2013-07-01,10.744200241385196,13.367086626205941,20.662959032040966,26.0753324298814,26.459963195966633,20.538728858155515
2013,8,2013-08-01,10.731660225333538,13.35141160614137,20.71197531515597,26.070656019408975,26.524286401553134,20.668228726402916
2013,9,2013-09-01,10.73839789061559,13.338682397606622,20.689615808036823,26.046825436270222,26.5422304318454,20.592731473234622
2013,10,2013-10-01,10.72969987463946,13.32780987763646,20.609196950749535,26.025944883383573,26.520485391905076,20.82223421902157
2013,11,2013-11-01,10.741573091603145,13.370789070705278,20.6709092139082,26.042090935887064,26.521698358683587,20.893814695118103
2013,12,2013-12-01,10.729243733444559,13.355377373007046,20.68942689409141,26.021821764023976,26.490874963287126,20.98172441985224
2014,1,2014-01-01,10.716786508380466,13.395983135475582,20.710232855568652,26.07710746787297,26.482876945671936,21.06916455732136
2014,2,2014-02-01,10.70709429066909,13.383867863336363,20.654672548631602,26.129007162541406,26.5037931927855,21.154571156684312
2014,3,2014-03-01,10.694801818594254,13.368502273242816,20.63008760448193,26.138135169624693,26.53718450601996,21.13152277154399
2014,4,2014-04-01,10.680028715999432,13.35003589499929,20.53225181269994,26.157046613283555,26.500251749532907,21.17211279077105
2014,5,2014-05-01,10.664459671801822,13.330574589752278,20.544795651248464,26.13608367303111,26.459529703123636,21.030785161439585
2014,6,2014-06-01,10.658723216968076,13.31239707712268,20.503907486251624,26.085309551017403,26.447058455966133,21.168623053806407
2014,7,2014-07-01,10.644045444461293,13.294049861489201,20.53134340076145,26.107108364034346,26.43149489044481,21.19622154598872
2014,8,2014-08-01,10.65828104747691,13.277492171339432,20.4889415625958,26.160469645641253,26.429051894359155,20.989991699456507
2014,9,2014-09-01,10.645118590692217,13.261039100358564,20.53511372294767,26.213361002316333,26.39614575239742,21.007564279979412
2014,10,2014-10-01,10.660877404107772,13.255180897081596,20.513135852846972,26.20104043252016,26.29649224460851,20.928427934596787
2014,11,2014-11-01,10.662323068847014,13.243234671773141,20.57859970052628,26.136998564304772,26.24479452589388,21.129366873823344
2014,12,2014-12-01,10.655866293433116,13.23516370250577,20.726202723397204,26.158706831888715,26.228652587359132,21.207384966838216
2015,1,2015-01-01,10.68318736296262,13.234705170279625,20.78367349579231,26.17908175893014,26.180666100879133,21.250951947773057
2015,2,2015-02-01,10.681677597792245,13.232817963816656,20.887069703437962,26.175307346004203,26.217867229369844,21.247932417432306
2015,3,2015-03-01,10.707504640507507,13.230618195838613,20.883550074673096,26.170907810048117,26.235581174451475,21.526018707861745
2015,4,2015-04-01,10.734094007330894,13.229401876460182,20.97543783151429,26.16785856994332,26.233148535694614,21.612272348299875
2015,5,2015-05-01,10.75996013794609,13.227363992073679,21.03278146401082,26.232100316550785,26.35014789804216,21.80993952002823
2015,6,2015-06-01,10.803666022471344,13.224395426612636,21.09577950013119,26.26168606172028,26.357249762423628,21.78198914430862
2015,7,2015-07-01,10.911410620212834,13.221985561969749,21.146880454662615,26.284344701414526,26.350491853046982,21.898146416233207
2015,8,2015-08-01,10.947628472028496,13.219361602232604,21.19764562935405,26.279096781940236,26.35920466518149,22.087433832895954
2015,9,2015-09-01,11.001959531421408,13.251585062764015,21.28708985998848,26.27765380076971,26.357761684010963,22.297500992362934
2015,10,2015-10-01,11.083456708435953,13.296650876286925,21.38808538214299,26.344257204680105,26.426013908569516,22.323277153149952
2015,11,2015-11-01,11.097662018999682,13.32130158167538,21.359343546860966,26.42332254962215,26.420441406956723,22.172297294741835
2015,12,2015-12-01,11.204462128840715,13.344961551790114,21.352949261243612,26.454166464773632,26.41284126359291,22.28837546055004
2016,1,2016-01-01,11.251468732266204,13.39029431777653,21.334839897933037,26.44119367822395,26.54105149243379,22.22877117146758
2016,2,2016-02-01,11.355693942829525,13.438186406176946,21.373214868257428,26.501056065810353,26.664298810835867,22.21751645978426
2016,3,2016-03-01,11.431692877243242,13.540269611715166,21.396812924478237,26.50710006310987,26.80648860734124,22.093639171111256
2016,4,2016-04-01,11.477967583431615,13.584774290210763,21.487479986518178,26.537083934265524,26.808107368405512,22.098494554242322
2016,5,2016-05-01,11.552126698177014,13.63004860022713,21.49993578642572,26.641654576767554,26.75330051535287,22.10200723941023
2016,6,2016-06-01,11.571666943864292,13.702668760845347,21.57549254146555,26.714996741230273,26.735236743022053,22.273460963513447
2016,7,2016-07-01,11.564269721695124,13.776087557012913,21.652334137885905,26.769311344066175,26.7186546366595,22.403914494970557
2016,8,2016-08-01,11.599446276692934,13.875131932344999,21.745585649998393,26.85640838353027,26.745542230224192,22.341115683321487
2016,9,2016-09-01,11.642444180446992,13.9645696757473,21.733626763410722,26.96555735793028,26.78742546296379,22.17635665251431
2016,10,2016-10-01,11.628538843936708,14.002482516318077,21.805667489206044,27.082699795094562,26.86479618149537,22.264934834575122
2016,11,2016-11-01,11.69723734695803,14.068156049214236,21.750738337266515,27.160685433559763,26.844287660818264,22.32955704054686
2016,12,2016-12-01,11.681122370526413,14.130840092298849,21.720609150636438,27.194479930557257,26.808476602081342,22.362264289409666
2017,1,2017-01-01,11.737582595739681,14.161995864446824,21.775064344231463,27.123864283599975,26.839949086859075,22.468465854961735
2017,2,2017-02-01,11.716327106995706,14.190943216962234,21.810631023712773,27.217680777845224,26.83007158325111,22.519546375878974
2017,3,2017-03-01,11.697875185188268,14.216786532927989,21.831122454065902,27.370698493870627,26.685624617265624,22.5888799290192
2017,4,2017-04-01,11.708109732510833,14.25053619394336,21.828529278068455,27.441373140826414,26.79543130634387,22.699748486499143
2017,5,2017-05-01,11.693054084902553,14.34035859676062,21.88188596365703,27.506051838466338,26.761974311658804,22.56392271598992
2017,6,2017-06-01,11.70611904531147,14.403927035992243,21.927663751088488,27.469389278169665,26.939753530186103,22.67081204315584
2017,7,2017-07-01,11.745406596230795,14.520868903817023,21.973062096261256,27.47402461368087,27.103350019120192,22.7750063429626
2017,8,2017-08-01,11.837283657546717,14.609381547923178,21.988613901622998,27.440990796813654,27.232191739974255,22.844352594632504
2017,9,2017-09-01,11.820419675340823,14.614956409143234,22.072058519458388,27.442168203397017,27.232984906893332,22.952977344504628
2017,10,2017-10-01,11.857540490115095,14.7017353469805,22.060368802299266,27.43234638784178,27.26293480997079,22.917733065699437
2017,11,2017-11-01,11.84037549946281,14.787084032494276,22.168877278344073,27.4026682179653,27.269394688530408,22.712105142962823
2017,12,2017-12-01,11.929670407357994,14.872627999118553,22.15571387321014,27.37961291790866,27.377060721523247,22.566912808022696
2018,1,2018-01-01,11.91738985712647,14.934683309894712,22.17529274044177,27.514317478399345,27.297188963265658,22.71164769528403
2018,2,2018-02-01,11.95270891370904,15.018898745474488,22.123405725654436,27.471645893667645,27.18927521762587,22.80284821490832
2018,3,2018-03-01,11.98646558325783,15.05276526601514,22.158938901841964,27.429004706253888,27.161898009366844,22.92413451494091
2018,4,2018-04-01,12.035462615167495,15.134272548090548,22.12149469441551,27.46858907842403,27.121173092700325,23.059979985066594
2018,5,2018-05-01,12.066549223711107,15.159409931905254,22.186047601394296,27.409792661308035,27.23319090027481,23.2319202170723
2018,6,2018-06-01,12.150047711455725,15.184500281529997,22.174642710068017,27.42538914485466,27.18619922090166,23.1830156352888
2018,7,2018-07-01,12.179166241722477,15.155088239922582,22.212346060601295,27.554946835844074,27.132277144621398,23.034180207455574
2018,8,2018-08-01,12.156330070049489,15.127684833914996,22.18174187790875,27.61172419692337,27.08439603326189,23.006829248476624
2018,9,2018-09-01,12.241941608951844,15.155785131461037,22.17005745084778,27.583032646617013,27.03400850309394,23.1439865582408
2018,10,2018-10-01,12.273760153192649,15.130079131175421,22.237978872710325,27.536218419201884,27.025799430250995,23.132053942507444
2018,11,2018-11-01,12.35983381671931,15.157925121683821,22.275153075782754,27.5876132617418,27.101427756503718,23.247999663663265
2018,12,2018-12-01,12.340398038100327,15.186717470217223,22.399500406416553,27.6801262640135,27.23007245082094,23.266102333956226
2019,1,2019-01-01,12.37835504319732,15.192070403387573,22.445863594055357,27.739085135385654,27.336519236052826,23.21377641676439
2019,2,2019-02-01,12.416555727798825,15.226627355646249,22.49034804391057,27.769476531773872,27.521038936723965,23.187541543896035
2019,3,2019-03-01,12.401540736889283,15.311519469809934,22.51461805936507,27.77253601178562,27.59064970104688,23.15751156207695
2019,4,2019-04-01,12.422134666925148,15.395619153062745,22.637680387638188,27.892196759341815,27.464985857486614,23.044804013664884
2019,5,2019-05-01,12.459471335375774,15.480909494345934,22.66212497933932,27.822607209206023,27.55101574110984,23.03509660169221
2019,6,2019-06-01,12.444719844215639,15.566649621900675,22.735369921700077,27.93293974537422,27.51856246055754,22.82769628007358
2019,7,2019-07-01,12.42970014784598,15.600278064644556,22.807274602500918,28.01478646600414,27.47002350502805,22.79416808904685
2019,8,2019-08-01,12.414930193551745,15.685810445654619,22.878488129079365,28.03153789134232,27.450847618813977,22.896876812510158
2019,9,2019-09-01,12.401680608069325,15.764849069483576,22.95492141084315,28.133905720794303,27.493790613541382,22.7726897274012
2019,10,2019-10-01,12.388407017232035,15.800426208737214,23.057794156589566,28.246319872041223,27.552883767856578,22.9039772882111
2019,11,2019-11-01,12.37442967294539,15.879685170666583,23.161266110128494,28.326372607252363,27.663161176023273,23.157639816825764
2019,12,2019-12-01,12.378906589937381,15.910937752556466,23.166453586054164,28.34826508558343,27.600593807859163,23.253956406046978
2020,1,2020-01-01,12.462968844706062,15.972917124062956,23.23580883856384,28.460570653118637,27.587996895144546,23.24509837140055
2020,2,2020-02-01,12.445678452567579,16.053668829684497,23.386895291229038,28.568720390612313,27.61806293273812,23.23633427015906
2020,3,2020-03-01,12.485635222773602,16.03810465894652,23.53609609957594,28.71008679642217,27.838932957887124,23.316247810571106
2020,4,2020-04-01,12.583957010371329,16.178602962696058,23.728276495959047,28.88620396094647,28.163044896026044,23.39470820809563
2020,5,2020-05-01,12.63040207301331,16.27502668629325,23.873416881113865,29.246025079836038,28.28891759544079,23.77997283785349
2020,6,2020-06-01,12.673935574494696,16.316220914348328,24.085936449292586,29.484746048079703,28.481014069511193,24.27963787189072
2020,7,2020-07-01,12.741261874110595,16.457956177276856,24.146524677380167,29.682296750997182,28.684368745159585,24.36405492547439
2020,8,2020-08-01,12.780483918095612,16.544671011311262,24.3988079830411,29.913282025899797,28.85475079099557,24.545755339607574
2020,9,2020-09-01,12.81842530415574,16.637912887197864,24.45277270799676,30.02682921177888,29.170516334873753,24.726132243747617
2020,10,2020-10-01,12.806336456089465,16.775504844680235,24.507851595644215,30.140554487262502,29.263123765338914,24.72861393534923
2020,11,2020-11-01,12.845121581441402,16.917940343259453,24.521773517953523,30.210497511377163,29.438773299808602,24.722282903015238
2020,12,2020-12-01,12.912355380464486,17.001644710332478,24.63223255345952,30.28068661021694,29.538492573051712,24.94083315146268
2021,1,2021-01-01,12.895621518384264,17.101199207974794,24.626616995329723,30.345101113081594,29.659433379008583,25.012853955272888
2021,2,2021-02-01,12.978225128044915,17.12723108261067,24.61320798088819,30.415095419880643,29.645756190865892,25.31014784486629
2021,3,2021-03-01,13.051889190092,17.232996870614812,24.695082182088658,30.44792727606538,29.678588047050624,25.2574258221018
2021,4,2021-04-01,12.962955970441362,17.179350042351196,24.637014686332588,30.326219992317107,29.692656871395684,25.099850297592518
2021,5,2021-05-01,12.971187217288406,17.223342780926817,24.577399826962036,30.202151159052622,29.697320688711972,24.815220214144617
2021,6,2021-06-01,13.075321269200284,17.315012036139866,24.412727618841117,30.046946773659965,29.62237219810904,24.623227011998196
2021,7,2021-07-01,13.151690728010713,17.352896471244247,24.4248219073411,29.837128027859585,29.564327071203646,24.688078357288394
2021,8,2021-08-01,13.251950787771657,17.388906103810722,24.325431563469134,29.727019430451886,29.439792540064513,24.621958156186917
2021,9,2021-09-01,13.350398271480447,17.422808996557766,24.254250038502597,29.833571390928462,29.232839146297074,24.531304547447448
2021,10,2021-10-01,13.492766591596714,17.448066379137884,24.27306432853941,29.76807140642932,29.203172849175928,24.602295587158164
2021,11,2021-11-01,13.577666858327431,17.363506978374307,24.295508199817903,29.724947628140534,29.062240514569964,24.51978309337195
2021,12,2021-12-01,13.609669683989363,17.37819195650766,24.316683280068847,29.68190644784529,28.974511925660863,24.49925697973772
2022,1,2022-01-01,13.639515922234393,17.390268567463117,24.430232959826913,29.533826220432182,28.86587509373268,24.618296643574226
2022,2,2022-02-01,13.666325247015056,17.39863816508424,24.431938033592626,29.53555262443416,28.803266899765124,24.405886856553384
2022,3,2022-03-01,13.688662504619074,17.361543439360197,24.310372513352267,29.467254096908647,28.641417283462392,24.369958252288416
2022,4,2022-04-01,13.76365249818088,17.328382158149456,24.30851433886013,29.429127544697774,28.486620031904884,24.371416205917352
2022,5,2022-05-01,13.78718559028027,17.326741871502414,24.349124229284016,29.315391072849053,28.41740830420916,24.43106907948935
2022,6,2022-06-01,13.799478702399206,17.319139418670677,24.38299910874771,29.33334544210337,28.32142244595065,24.4262972552253
2022,7,2022-07-01,13.815708228630918,17.31648465622171,24.309035047048546,29.396216404055,28.30026244244236,24.226055730844607
2022,8,2022-08-01,13.902497840104557,17.316254104381166,24.276759831761076,29.419299886677088,28.26124098654191,24.071189648994746
2022,9,2022-09-01,13.874831867891176,17.36151777290583,24.415895676946604,29.282691562739,28.332220138268124,24.084089790374463
2022,10,2022-10-01,13.97155239263623,17.363707612156066,24.49132357524274,29.316605365359646,28.403358747649186,24.08715556532479
2022,11,2022-11-01,14.086478746349465,17.371544718743856,24.556623858687146,29.359849617573467,28.265508552458005,24.10993924082177
2022,12,2022-12-01,14.116071882273134,17.444708825883037,24.525208151874214,29.383822101545075,28.27000689423238,23.974161990190723
2023,1,2023-01-01,14.146071275030089,17.504708410145355,24.549831608399714,29.48382140864894,28.296616212365585,23.771656903474568
2023,2,2023-02-01,14.26957589584123,17.52445727403083,24.66843380829131,29.419684271517283,28.32023718362237,23.899668849173104
2023,3,2023-03-01,14.40038498657049,17.64320356044041,24.74866632860759,29.44048218301897,28.368930737631683,23.72569906493134
2023,4,2023-04-01,14.441112194913222,17.694112570868825,24.75606798021339,29.4012190271936,28.357048594839842,23.82769537242815
2023,5,2023-05-01,14.450767858750561,17.702531335875506,24.83971074153979,29.484668730839417,28.338052659572305,23.65826837818623
2023,6,2023-06-01,14.545454200443471,17.699393793068914,24.952079334448644,29.493264926670903,28.392602870016372,23.683206654955082
2023,7,2023-07-01,14.595441015722797,17.74042777998929,25.097530791374734,29.464765203893364,28.399504189304494,23.72461370810295
2023,8,2023-08-01,14.562450058969192,17.780247714758364,25.11741490047907,29.425056005543908,28.518147065743058,23.704964140261424
2023,9,2023-09-01,14.656226452585079,17.760308998625682,25.12777364756186,29.505051210581918,28.57566472080028,23.865439372950743
2023,10,2023-10-01,14.631989037852561,17.804691920204327,25.159419545347646,29.519404591551538,28.57480885835288,23.747047843744987
2023,11,2023-11-01,14.596398729348364,17.85202234072316,25.197755317495314,29.60917524529312,28.594859541892834,23.779125274904878
2023,12,2023-12-01,14.651602480514036,17.840896625078155,25.31696981155686,29.734023055091555,28.740433218118177,23.64778077997168
2024,1,2024-01-01,14.707908758369168,17.844981838713313,25.3445877558299,29.786088944530036,28.812545155859414,23.81940092146792
2024,2,2024-02-01,14.67359773107035,17.89307305650753,25.308207503910477,29.76234419397522,28.7912511929688,23.83687343439988
2024,3,2024-03-01,14.637662894899965,17.871178743298586,25.33613508162238,29.818111487029892,28.925718439291842,23.889894010146662
2024,4,2024-04-01,14.779273908322583,17.917954816527555,25.445957347337547,29.86460492920432,28.90071125807039,23.87726454305657
2024,5,2024-05-01,14.87126320903379,17.900447960398285,25.490817803475228,29.848088125687042,28.803285227213646,24.001657102137784
2024,6,2024-06-01,14.795632764535664,17.933039421504823,25.472036161511497,29.959076314062923,28.94806136777655,24.026101093870764
2024,7,2024-07-01,14.76418237221984,17.98138560764782,25.504657151496584,30.025979451792452,28.982821228463152,24.063214997043826
2024,8,2024-08-01,14.834386894792958,18.031997769202203,25.6201895458933,30.106537838813303,29.024919230670044,24.153314884443812
2024,9,2024-09-01,14.763999221409012,18.055217352499838,25.582055334255678,30.14949190877195,29.000548661341618,24.080592958405216
2024,10,2024-10-01,14.821023000410674,18.047558181837935,25.569952557653917,30.177546445026483,29.092580656001545,24.238285007545223
2024,11,2024-11-01,14.876943690403463,18.097061998067414,25.595683162554735,30.238610315310467,29.268913170347155,24.274955076248077
2024,12,2024-12-01,14.845194417999004,18.144156939710964,25.582945750628557,30.314502724884928,29.243048936773,24.427129023753395
2025,1,2025-01-01,14.899088030862503,18.148636434228205,25.609992322540784,30.347834556986953,29.382280107068773,24.368827746121813
2025,2,2025-02-01,14.86840778712404,18.1964942269859,25.642509993429247,30.43542072478023,29.480568958287378,24.320488661292167
2025,3,2025-03-01,14.799033783464132,18.176166418595525,25.68152464441367,30.543309699140043,29.38242571722303,24.60300077625369
2025,4,2025-04-01,14.684518318185562,18.163259780546614,25.75934848721218,30.631412162685525,29.533744155424166,24.72141566337372
2025,5,2025-05-01,14.739996743989675,18.212480126249073,25.707197819698383,30.74236901429375,29.783531129132218,24.68190532922221
2025,6,2025-06-01,14.793575530869921,18.23343768007051,25.704043551571097,30.709965680156312,29.736881883593185,24.63108037161658
2025,7,2025-07-01,14.847329611337111,18.15192419354759,25.729540071151526,30.687669918729515,29.71786430894375,24.749515821808828
2025,8,2025-08-01,14.771258104824437,18.11112019412512,25.67286784973143,30.811236923354983,29.7924229829334,24.859889856999608
2025,9,2025-09-01,14.865576252326937,18.112208481741966,25.692103544529562,30.82508699662098,29.738817908309212,24.867359037441027
2025,10,2025-10-01,14.809833737558217,18.133973830966756,25.682485091792422,30.906861126442866,29.62802973364953,24.866523248100506
2025,11,2025-11-01,14.772754812974,18.089479121465697,25.803087247660628,30.811292509260745,29.575449024044534,24.725116805186907
2025,12,2025-12-01,14.737409197826171,18.044034759132774,25.73997007775379,30.688835016519857,29.33897544633568,24.69179704934907
2026,1,2026-01-01,14.700316806048168,18.046077261477613,25.67814942479045,30.750601111221375,29.094537299538032,24.754805012936036
2026,2,2026-02-01,14.755216810909834,18.05472935516971,25.700703540041182,30.810813701251593,29.125414925689622,24.689442746722495
2026,3,2026-03-01,14.75931602022652,18.056023617135402,25.63865052446935,30.761022395734706,29.07074084343382,24.528657937599306
2026,4,2026-04-01,14.803967856030278,18.067155054810055,25.509328290500537,30.776913191956965,28.942849569156916,24.270076512214246
2026,5,2026-05-01,14.752938241051087,18.005919516835025,25.513258193810127,30.85281248521507,28.840790339198534,24.27157224059371
2026,6,2026-06-01,14.70680383875296,17.95055823407727,25.565520304615816,30.866198490279196,28.8406680450791,24.19468157009683
2026,7,2026-07-01,14.661914093324981,17.942699897957812,25.532374078571927,30.90064141862282,28.888916629405486,24.119865327716866
2026,8,2026-08-01,14.697790707175738,17.888080438826773,25.545264410440158,30.805815968742543,28.7595055199972,24.044004967812644
