period_chr,period_label_chr,years_num,percentile_chr,start_level_num_Men,start_level_num_Women,end_level_num_Men,end_level_num_Women,growth_pct_num_Men,growth_pct_num_Women,annualized_pct_num_Men,annualized_pct_num_Women,growth_gap_pts_num
stagnations,Dec 1982 to Oct 2014,31.833333333333332,p10,10.427647912822541,9.613580614743741,11.859869796354875,10.694890044703174,13.734850807258049,11.247728326125394,0.4051105621120099,0.33539674587823587,-2.487122481132655
stagnations,Dec 1982 to Oct 2014,31.833333333333332,p25,14.481845735938368,11.104938844063733,15.70723289979885,13.279557408514675,8.461539959782494,19.582445207371933,0.2554842997444684,0.5633690476606779,11.12090524758944
stagnations,Dec 1982 to Oct 2014,31.833333333333332,p50,22.995160643699254,14.868324558055278,24.065920173465635,19.902751001993725,4.656455966354689,33.86007901751731,0.1430748787659697,0.9203081367130439,29.20362305116262
stagnations,Dec 1982 to Oct 2014,31.833333333333332,p75,32.78800247511492,21.46059640831169,38.59647820425297,31.76243520386896,17.715247318120397,48.00350651749532,0.5136656426036668,1.23923592738715,30.28825919937492
stagnations,Dec 1982 to Oct 2014,31.833333333333332,p90,43.37867213940119,28.94847765197005,59.72963715739827,47.69786434670062,37.6935581740534,64.76812673931613,1.0098622216111686,1.5810671167515888,27.07456856526273
recovery_on,Nov 2014 to Aug 2026,11.75,p10,11.849118193577267,10.712839676921421,15.278986203602829,14.031541112296836,28.94618784277718,30.978727727297795,2.1871927889314247,2.3232989170052676,2.032539884520613
recovery_on,Nov 2014 to Aug 2026,11.75,p25,15.715734822959634,13.26761118320622,19.790607596442175,17.766092291343412,25.928617524962473,33.90573514719249,1.9814607944530938,2.515945001020281,7.977117622230015
recovery_on,Nov 2014 to Aug 2026,11.75,p50,24.034108415762525,19.884831664031044,28.41157726283628,24.081437288946738,18.21356869723878,21.104556959900165,1.4342105445873221,1.6430031139840207,2.8909882626613843
recovery_on,Nov 2014 to Aug 2026,11.75,p75,38.43366900518912,31.80295903432912,45.6785664289411,37.71446721998563,18.85039240665214,18.587918750816357,1.4806012105771371,1.4615084201553996,-0.26247365583578386
recovery_on,Nov 2014 to Aug 2026,11.75,p90,59.747396335919255,47.773076638063195,72.82181541585999,58.10278014988933,21.882826502484054,21.62243723611459,1.6984319555622518,1.6799230068359483,-0.26038926636946513
