year_int,month_int,date_dt,month_idx_int,window_n_int,era_slug_chr,covid_flag_int,bottom,middle,top
1982,1,1982-01-01,23784,1,NA,0,101.53623061491737,99.52460659754055,98.30920830202497
1982,2,1982-02-01,23785,2,NA,0,102.64875929640006,101.70657923041935,99.54565166337446
1982,3,1982-03-01,23786,3,NA,0,100.97211486135363,101.37098018017845,99.04937680623121
1982,4,1982-04-01,23787,4,NA,0,100.92176611867572,101.95940444358861,101.68391503185049
1982,5,1982-05-01,23788,5,NA,0,100.3259952493347,102.43577945267661,98.95876354744017
1982,6,1982-06-01,23789,6,NA,0,99.60335364074741,101.69794120590315,102.59336381124211
1982,7,1982-07-01,23790,7,NA,0,99.01639620974385,97.48037334539286,99.86402002093807
1982,8,1982-08-01,23791,8,NA,0,98.71127784774258,98.54739223464797,98.56072681471909
1982,9,1982-09-01,23792,9,NA,0,98.43849227678845,98.49841196461257,99.28116897666669
1982,10,1982-10-01,23793,10,NA,0,102.783250977505,99.62751090256457,100.04313872547877
1982,11,1982-11-01,23794,11,NA,0,97.59486939233675,97.65427556538927,101.2426192903336
1982,12,1982-12-01,23795,12,stagnation1,0,97.44749351445455,99.49674487708607,100.86804700970033
1983,1,1983-01-01,23796,12,stagnation1,0,100.87515910779007,99.03508830367913,99.78218138474264
1983,2,1983-02-01,23797,12,stagnation1,0,101.67235858589444,98.8671008104709,101.44404661575818
1983,3,1983-03-01,23798,12,stagnation1,0,101.5420745219419,98.74041143428305,100.32129232461352
1983,4,1983-04-01,23799,12,stagnation1,0,101.08104852039371,98.2921056724687,101.65507138539508
1983,5,1983-05-01,23800,12,stagnation1,0,100.60357883260302,99.19067826907377,101.65842471838657
1983,6,1983-06-01,23801,12,stagnation1,0,98.12568888687044,97.650294556537,101.28067470278673
1983,7,1983-07-01,23802,12,stagnation1,0,99.85693586530907,97.10176769903234,98.98526783519553
1983,8,1983-08-01,23803,12,stagnation1,0,101.32614001779858,97.3075524065541,100.28337669369719
1983,9,1983-09-01,23804,12,stagnation1,0,100.97181527258428,97.1214411736366,99.93269836044594
1983,10,1983-10-01,23805,12,stagnation1,0,99.85884735904644,96.18755450478565,99.7635538376736
1983,11,1983-11-01,23806,12,stagnation1,0,98.77676280769396,96.05139786336292,101.2036421605468
1983,12,1983-12-01,23807,12,stagnation1,0,98.91057633042111,99.83861130570214,102.41243138703682
1984,1,1984-01-01,23808,12,stagnation1,0,102.97567810258955,99.40620961684135,101.96888246630412
1984,2,1984-02-01,23809,12,stagnation1,0,99.4978511326725,98.74189612846548,101.28744310473832
1984,3,1984-03-01,23810,12,stagnation1,0,104.54840378559847,100.38758754604922,104.88251494583365
1984,4,1984-04-01,23811,12,stagnation1,0,102.59226206305694,99.55411891245315,103.36702635859608
1984,5,1984-05-01,23812,12,stagnation1,0,101.4380274054379,99.1111931605368,103.12483249409445
1984,6,1984-06-01,23813,12,stagnation1,0,98.18926373032815,99.25157285220773,104.44549949064026
1984,7,1984-07-01,23814,12,stagnation1,0,100.89681841775646,97.39940990061474,98.3561868752696
1984,8,1984-08-01,23815,12,stagnation1,0,100.58807535521677,100.8360368998047,100.71134140478401
1984,9,1984-09-01,23816,12,stagnation1,0,102.09567839890845,98.14770528018457,101.68023889782411
1984,10,1984-10-01,23817,12,stagnation1,0,102.49318372346173,97.91676477792936,103.37057036178253
1984,11,1984-11-01,23818,12,stagnation1,0,100.98403932090655,99.57784987950963,103.9894666278005
1984,12,1984-12-01,23819,12,stagnation1,0,100.8009055587469,100.03889783749698,105.67952587256589
1985,1,1985-01-01,23820,12,stagnation1,0,103.81074016399803,101.0167056112575,106.52026489267789
1985,2,1985-02-01,23821,12,stagnation1,0,102.43248685536896,99.81595364487012,104.39682078503564
1985,3,1985-03-01,23822,12,stagnation1,0,102.28876551502191,100.88887131581014,106.1561699088255
1985,4,1985-04-01,23823,12,stagnation1,0,102.77932135704559,102.20311385377526,108.1660773486256
1985,5,1985-05-01,23824,12,stagnation1,0,103.78473589430207,101.9616198824353,107.91049359390209
1985,6,1985-06-01,23825,12,stagnation1,0,100.03498474888603,101.6846996566937,107.61741666671746
1985,7,1985-07-01,23826,12,stagnation1,0,99.78986934340946,97.8128440328736,107.13901460828531
1985,8,1985-08-01,23827,12,stagnation1,0,100.61028809219873,101.10120989812043,106.99988363882689
1985,9,1985-09-01,23828,12,stagnation1,0,105.91294149313498,100.93086751588609,106.81960275894224
1985,10,1985-10-01,23829,12,stagnation1,0,100.701794779784,100.76309214392448,106.64203865960613
1985,11,1985-11-01,23830,12,stagnation1,0,103.67301931657552,100.47082350649049,106.33271782923988
1985,12,1985-12-01,23831,12,stagnation1,0,102.45077553102236,100.1349328477667,105.97722988369472
1986,1,1986-01-01,23832,12,stagnation1,0,104.59638997312594,99.67624569941542,105.49178098006962
1986,2,1986-02-01,23833,12,stagnation1,0,101.9814802237978,99.67624569941542,105.49178098006962
1986,3,1986-03-01,23834,12,stagnation1,0,104.82621802925463,99.89526279739735,105.72357646523339
1986,4,1986-04-01,23835,12,stagnation1,0,105.04053600273582,104.86614222506488,105.93972909463467
1986,5,1986-05-01,23836,12,stagnation1,0,104.84884490860004,99.91682532346181,105.74639704059726
1986,6,1986-06-01,23837,12,stagnation1,0,104.45938467258051,100.68335000848265,105.35360285401804
1986,7,1986-07-01,23838,12,stagnation1,0,104.08473364284539,99.52039198086422,105.326834094009
1986,8,1986-08-01,23839,12,stagnation1,0,104.30237341663087,101.42455049512418,105.19524751280309
1986,9,1986-09-01,23840,12,stagnation1,0,103.96143640336147,99.77881106347355,104.85139192905824
1986,10,1986-10-01,23841,12,stagnation1,0,103.77567560183279,102.42607065443764,109.89724298021231
1986,11,1986-11-01,23842,12,stagnation1,0,103.5905774600071,100.12799944799603,104.47735827037374
1986,12,1986-12-01,23843,12,stagnation1,0,103.44818077843927,105.62362231907285,104.33374261071182
1987,1,1987-01-01,23844,12,stagnation1,0,102.9637720234934,103.02644625726258,109.03744645942058
1987,2,1987-02-01,23845,12,stagnation1,0,102.6039247520387,101.26955845025896,106.00621692807644
1987,3,1987-03-01,23846,12,stagnation1,0,102.33274572695383,104.20610451523909,110.58081315600656
1987,4,1987-04-01,23847,12,stagnation1,0,105.72799242909272,104.0959704707671,107.96598383035683
1987,5,1987-05-01,23848,12,stagnation1,0,101.69392077551608,103.83247147810195,109.63001743116857
1987,6,1987-06-01,23849,12,stagnation1,0,101.31021378789114,103.44069540589737,108.56356578961329
1987,7,1987-07-01,23850,12,stagnation1,0,101.07640477057994,103.20196955152817,106.01932968558941
1987,8,1987-08-01,23851,12,stagnation1,0,100.67836119586912,102.79555540402534,106.88443384926688
1987,9,1987-09-01,23852,12,stagnation1,0,104.52076771224888,102.45001439226368,109.4634669956506
1987,10,1987-10-01,23853,12,stagnation1,0,104.19010485670096,102.1259025908355,110.96661088626853
1987,11,1987-11-01,23854,12,stagnation1,0,103.99348669578232,101.9331798061029,110.75720471486828
1987,12,1987-12-01,23855,12,stagnation1,0,99.64942158499005,101.74497792619235,108.34165659219649
1988,1,1988-01-01,23856,12,stagnation1,0,103.40037529622063,102.43290513073849,109.6249469206832
1988,2,1988-02-01,23857,12,stagnation1,0,103.24692812652974,101.74115283241656,110.36195225389196
1988,3,1988-03-01,23858,12,stagnation1,0,102.89381992947266,100.85529951014793,109.58601581617704
1988,4,1988-04-01,23859,12,stagnation1,0,102.39597103254405,101.03642936404043,109.05578691486615
1988,5,1988-05-01,23860,12,stagnation1,0,102.09919289439345,103.41229605145797,111.21106334215267
1988,6,1988-06-01,23861,12,stagnation1,0,101.66652178140804,102.97406033224674,109.37262061938318
1988,7,1988-07-01,23862,12,stagnation1,0,101.17493276821355,99.170466741846,110.20431736773997
1988,8,1988-08-01,23863,12,stagnation1,0,100.87603808690467,101.25055357673025,107.43699779872162
1988,9,1988-09-01,23864,12,stagnation1,0,104.40207808785014,103.08337349470897,109.3456443805301
1988,10,1988-10-01,23865,12,stagnation1,0,101.6609216695386,103.30839049487153,110.71983850192493
1988,11,1988-11-01,23866,12,stagnation1,0,102.2243328026625,101.9277711838768,111.15405998715354
1988,12,1988-12-01,23867,12,stagnation1,0,100.31401238478982,103.65913021438847,108.39936895712543
1989,1,1989-01-01,23868,12,stagnation1,0,102.9701826470295,100.93014933840665,107.84594693647801
1989,2,1989-02-01,23869,12,stagnation1,0,101.20777255632703,103.04592053249988,110.16365176664864
1989,3,1989-03-01,23870,12,stagnation1,0,100.98965103448506,102.79216592764656,111.37324777989605
1989,4,1989-04-01,23871,12,stagnation1,0,101.57168607104467,102.11216370695973,110.25823465505857
1989,5,1989-05-01,23872,12,stagnation1,0,101.20231511272905,101.74082727233818,108.3497991244953
1989,6,1989-06-01,23873,12,stagnation1,0,100.98162690594822,101.5189647516822,112.81411268802647
1989,7,1989-07-01,23874,12,stagnation1,0,100.74085552311671,100.77052762854294,110.57558924749384
1989,8,1989-08-01,23875,12,stagnation1,0,100.7285841628574,101.26457553154785,108.31149151187986
1989,9,1989-09-01,23876,12,stagnation1,0,103.08176363639667,101.03951969816175,111.8654671241681
1989,10,1989-10-01,23877,12,stagnation1,0,100.11361001578656,100.6463290180724,111.84438623122249
1989,11,1989-11-01,23878,12,stagnation1,0,99.89591539395572,100.42747601166498,111.60118332044271
1989,12,1989-12-01,23879,12,stagnation1,0,104.97058489466524,100.13714827140103,111.27855329277533
1990,1,1990-01-01,23880,12,stagnation1,0,102.81296552188401,99.38466171666573,110.44234398755063
1990,2,1990-02-01,23881,12,stagnation1,0,104.10329600907077,101.4223844167473,113.44856576817327
1990,3,1990-03-01,23882,12,stagnation1,0,101.07186743599345,100.11681928360919,114.10867945864764
1990,4,1990-04-01,23883,12,stagnation1,0,102.3653822332458,100.8291808227822,111.33906109626295
1990,5,1990-05-01,23884,12,stagnation1,0,101.3847568487192,101.7007217374467,112.88693097260348
1990,6,1990-06-01,23885,12,stagnation1,0,100.19101877936934,101.381863348872,113.1142140395343
1990,7,1990-07-01,23886,12,stagnation1,0,102.18187239289908,97.47684379128508,108.3222594600086
1990,8,1990-08-01,23887,12,stagnation1,0,100.02499723044068,98.64851923296021,112.09028345451189
1990,9,1990-09-01,23888,12,stagnation1,0,101.32922533549353,100.25204142713292,109.72275771403386
1990,10,1990-10-01,23889,12,stagnation1,0,100.31335778039633,98.68481505061052,110.77235491082774
1990,11,1990-11-01,23890,12,stagnation1,0,102.08784943393998,99.55557227847183,110.63227030748828
1990,12,1990-12-01,23891,12,stagnation1,0,102.28461152872855,98.46783637776151,110.52879931876849
1991,1,1991-01-01,23892,12,stagnation1,0,102.62455388184972,101.06697743579161,111.22186235373576
1991,2,1991-02-01,23893,12,stagnation1,0,101.8451125607496,101.01579006975271,110.05387652728969
1991,3,1991-03-01,23894,12,stagnation1,0,101.8234862158142,103.25186036498835,110.03050708878239
1991,4,1991-04-01,23895,12,stagnation1,0,101.63920383516535,100.81155805435048,109.83137146159177
1991,5,1991-05-01,23896,12,stagnation1,0,101.22001184714644,102.5218078099419,109.37839240220744
1991,6,1991-06-01,23897,12,stagnation1,0,101.04937023210181,100.22652745322458,109.19399699274351
1991,7,1991-07-01,23898,12,stagnation1,0,100.89073186298673,101.540786473899,109.45866258566166
1991,8,1991-08-01,23899,12,stagnation1,0,100.65614392821627,99.83650318240338,108.76907646384439
1991,9,1991-09-01,23900,12,stagnation1,0,101.50532293229104,101.01598895587237,112.51532611535589
1991,10,1991-10-01,23901,12,stagnation1,0,100.12424750431033,102.22978909630856,112.52208129556121
1991,11,1991-11-01,23902,12,stagnation1,0,99.90441286629743,99.09089344983613,110.73964077835122
1991,12,1991-12-01,23903,12,stagnation1,0,99.65526273109782,99.67439207259551,107.68752377155927
1992,1,1992-01-01,23904,12,stagnation1,0,102.3634596006354,101.61286549915661,110.29445101933483
1992,2,1992-02-01,23905,12,stagnation1,0,101.2939271702236,101.35558496641832,108.38469866867786
1992,3,1992-03-01,23906,12,stagnation1,0,101.15038680921128,101.39973451827426,111.29048565444471
1992,4,1992-04-01,23907,12,stagnation1,0,105.81603767065319,103.71962261257181,110.9907441730959
1992,5,1992-05-01,23908,12,stagnation1,0,102.15288935139407,100.70450246248076,108.9484757320549
1992,6,1992-06-01,23909,12,stagnation1,0,101.26893125585723,98.45839203889305,109.82348145775735
1992,7,1992-07-01,23910,12,stagnation1,0,98.13197609751215,100.19562164120917,108.72784316010588
1992,8,1992-08-01,23911,12,stagnation1,0,102.90088559951074,100.74242339515699,105.89975749473103
1992,9,1992-09-01,23912,12,stagnation1,0,102.17382772008901,100.58341617672048,111.64760134122326
1992,10,1992-10-01,23913,12,stagnation1,0,99.58578152668272,100.11569187721733,108.7261935009819
1992,11,1992-11-01,23914,12,stagnation1,0,102.726082958737,99.35106563961307,109.35353367666148
1992,12,1992-12-01,23915,12,stagnation1,0,101.99174819401767,101.20171233724878,105.6511627284464
1993,1,1993-01-01,23916,12,stagnation1,0,103.82084315323569,100.74631709081159,113.19956231243579
1993,2,1993-02-01,23917,12,stagnation1,0,100.48549161031185,101.61074763977277,111.62346516619517
1993,3,1993-03-01,23918,12,stagnation1,0,103.45258719248397,101.402996540991,112.26788893826001
1993,4,1993-04-01,23919,12,stagnation1,0,101.80200385137161,101.80778560261595,111.34521977501599
1993,5,1993-05-01,23920,12,stagnation1,0,102.85990916381435,100.82206058064341,110.65646414172303
1993,6,1993-06-01,23921,12,stagnation1,0,102.82507092192992,100.78791254996412,110.61898523769538
1993,7,1993-07-01,23922,12,stagnation1,0,98.55427200640342,100.62679813220186,110.4421553684272
1993,8,1993-08-01,23923,12,stagnation1,0,102.48584443354238,100.45540677739632,110.25404612727486
1993,9,1993-09-01,23924,12,stagnation1,0,102.37901961638859,100.35069836112265,112.01148933563951
1993,10,1993-10-01,23925,12,stagnation1,0,102.05831764640924,100.03635010135415,112.28943451662747
1993,11,1993-11-01,23926,12,stagnation1,0,101.86530543922949,99.84716182962343,112.32613343247922
1993,12,1993-12-01,23927,12,stagnation1,0,101.8420066746052,99.82432465742002,109.56140688168252
1994,1,1994-01-01,23928,12,stagnation1,0,101.80785442555269,103.94880107162736,115.00089926559704
1994,2,1994-02-01,23929,12,stagnation1,0,98.0513372016827,99.98330562741911,112.68622546886337
1994,3,1994-03-01,23930,12,stagnation1,0,101.29369673679358,99.2868777724634,114.30569295577305
1994,4,1994-04-01,23931,12,stagnation1,0,98.668751925725,101.37333351693279,113.06043873856609
1994,5,1994-05-01,23932,12,stagnation1,0,99.14125892425754,99.02556094572641,113.21326043375444
1994,6,1994-06-01,23933,12,stagnation1,0,100.7816646809204,98.78499003625842,113.84172796083152
1994,7,1994-07-01,23934,12,stagnation1,0,100.4648317825237,98.4744341944754,110.64674148305114
1994,8,1994-08-01,23935,12,stagnation1,0,100.23415196047,100.43162067593596,111.20142032491793
1994,9,1994-09-01,23936,12,stagnation1,0,100.12296099019544,99.50238284697927,113.09766437938819
1994,10,1994-10-01,23937,12,stagnation1,0,99.95364453890181,100.48367010735006,112.90640660002437
1994,11,1994-11-01,23938,12,stagnation1,0,99.76403300672101,98.50307585663208,112.6922237470907
1994,12,1994-12-01,23939,12,stagnation1,0,99.69999674186022,100.01071108744648,115.45013424238068
1995,1,1995-01-01,23940,12,stagnation1,0,99.49800351176069,102.1502514867247,112.3917201039854
1995,2,1995-02-01,23941,12,stagnation1,0,101.86721964130496,100.17801551446063,115.3983386521676
1995,3,1995-03-01,23942,12,stagnation1,0,99.1391195151248,102.57359716159141,115.18593856321304
1995,4,1995-04-01,23943,12,stagnation1,0,98.87933559941905,100.95869758098866,111.69288044502684
1995,5,1995-05-01,23944,12,stagnation1,0,102.52174853954267,102.2550639073818,119.48697298456516
1995,6,1995-06-01,23945,12,stagnation1,0,98.63110417965885,100.99050296526566,117.38100707191943
1995,7,1995-07-01,23946,12,stagnation1,0,99.03282835761786,99.23794357437343,111.57801441308867
1995,8,1995-08-01,23947,12,stagnation1,0,98.29579210181252,101.70105434709505,111.03371689262713
1995,9,1995-09-01,23948,12,stagnation1,0,102.32067434085162,102.86369733978182,114.91971619088935
1995,10,1995-10-01,23949,12,stagnation1,0,102.93827689401374,104.03596003173139,113.83251941446747
1995,11,1995-11-01,23950,12,stagnation1,0,104.50893094881185,101.37134534431216,113.83585912957008
1995,12,1995-12-01,23951,12,stagnation1,0,97.789201782342,99.84563902639886,113.5524275803588
1996,1,1996-01-01,23952,12,stagnation1,0,98.87301829248347,101.58984056722426,117.93132888885123
1996,2,1996-02-01,23953,12,stagnation1,0,103.91291297913587,102.01600205102778,117.02419403742272
1996,3,1996-03-01,23954,12,stagnation1,0,100.3626143032524,103.02850704118681,113.4728607925364
1996,4,1996-04-01,23955,12,stagnation1,0,98.61033825650252,102.29894296628844,114.47706638340735
1996,5,1996-05-01,23956,12,stagnation1,0,99.89052130191277,102.58130732887811,113.87505823822413
1996,6,1996-06-01,23957,12,stagnation1,0,99.89196708387136,103.59818529070343,114.89067710135905
1996,7,1996-07-01,23958,12,stagnation1,0,102.89685159451673,101.01848867828568,112.0799093115482
1996,8,1996-08-01,23959,12,stagnation1,0,102.79885883510894,103.38623591391224,113.99490897411219
1996,9,1996-09-01,23960,12,itboom,0,102.50894709059922,104.66463721592989,116.30977725404416
1996,10,1996-10-01,23961,12,itboom,0,102.20013647950128,102.78409254962573,115.9593913178903
1996,11,1996-11-01,23962,12,itboom,0,102.01866329456783,104.16404310096817,115.75348630846185
1996,12,1996-12-01,23963,12,itboom,0,101.90046791557565,101.4422781034294,112.69035397881042
1997,1,1997-01-01,23964,12,itboom,0,101.76800676879589,103.90811544703821,115.96175186161226
1997,2,1997-02-01,23965,12,itboom,0,101.55620467063272,103.69185930164804,118.18246403680477
1997,3,1997-03-01,23966,12,itboom,0,101.44918923246072,103.5825934050539,116.50478721290152
1997,4,1997-04-01,23967,12,itboom,0,101.3496075603829,103.48091760135874,114.99435527041875
1997,5,1997-05-01,23968,12,itboom,0,101.39576604493973,103.5280467659604,115.04672809454351
1997,6,1997-06-01,23969,12,itboom,0,101.26605233468209,103.39560526878994,117.12094228205034
1997,7,1997-07-01,23970,12,itboom,0,101.20563277906575,103.3339151329646,117.74004901956246
1997,8,1997-08-01,23971,12,itboom,0,101.12518543434429,103.25177603789794,118.5643763854948
1997,9,1997-09-01,23972,12,itboom,0,101.21893811461338,103.00322319272031,119.8051424405243
1997,10,1997-10-01,23973,12,itboom,0,100.75049940391384,102.86921062719071,117.24561494608112
1997,11,1997-11-01,23974,12,itboom,0,100.74480052392042,103.27484547142642,117.96598269244498
1997,12,1997-12-01,23975,12,itboom,0,101.73352992549626,102.88521551137765,117.26309436423664
1998,1,1998-01-01,23976,12,itboom,0,102.60474671290763,105.46915165377425,119.86908424551277
1998,2,1998-02-01,23977,12,itboom,0,103.91805725551073,103.19679040347842,122.72022015492809
1998,3,1998-03-01,23978,12,itboom,0,105.79101653998069,104.41520203928665,121.93901037105648
1998,4,1998-04-01,23979,12,itboom,0,104.82095353814071,102.74425297141035,122.95774469241411
1998,5,1998-05-01,23980,12,itboom,0,106.7710860563531,104.2453349858217,120.59653611688388
1998,6,1998-06-01,23981,12,itboom,0,103.71853928012077,106.38744654841854,121.91782629764027
1998,7,1998-07-01,23982,12,itboom,0,103.46293099432971,105.06218717619176,123.23845961989001
1998,8,1998-08-01,23983,12,itboom,0,106.45125929522911,105.21908500844461,124.36370100495617
1998,9,1998-09-01,23984,12,itboom,0,106.51267319522637,104.91423322240504,125.4970554689888
1998,10,1998-10-01,23985,12,itboom,0,105.65420528135002,102.13116018519172,130.89689989867836
1998,11,1998-11-01,23986,12,itboom,0,107.7752532175455,108.01702503946956,127.31078840209568
1998,12,1998-12-01,23987,12,itboom,0,108.08796455497625,107.12491238132073,125.84628828873859
1999,1,1999-01-01,23988,12,itboom,0,112.25528695594764,112.06891487236199,127.00409275788769
1999,2,1999-02-01,23989,12,itboom,0,108.57427168378304,107.034838461888,128.98782441229682
1999,3,1999-03-01,23990,12,itboom,0,109.11568870810157,112.04694426786675,128.28658540995895
1999,4,1999-04-01,23991,12,itboom,0,110.57673743746173,111.50823451449895,127.54463072680501
1999,5,1999-05-01,23992,12,itboom,0,105.66746726157005,107.63631689372153,129.89478994916234
1999,6,1999-06-01,23993,12,itboom,0,105.38713204083695,111.40111358083287,128.25241129128867
1999,7,1999-07-01,23994,12,itboom,0,108.19903025706364,108.58053228418505,129.50986028421426
1999,8,1999-08-01,23995,12,itboom,0,108.0025719635049,110.9039250437559,130.71254565996682
1999,9,1999-09-01,23996,12,itboom,0,110.69099642411298,110.50722145727485,128.8122917409678
1999,10,1999-10-01,23997,12,itboom,0,110.50480467234831,110.32133883076979,133.7409291628808
1999,11,1999-11-01,23998,12,itboom,0,110.4058596864858,110.22255811853461,131.33625660795832
1999,12,1999-12-01,23999,12,itboom,0,110.1494300411026,109.9665542110262,129.4781426759618
2000,1,2000-01-01,24000,12,itboom,0,110.58284560154908,109.66812933014762,132.45664903611527
2000,2,2000-02-01,24001,12,itboom,0,109.50530773019565,109.32350130558267,132.53126547327648
2000,3,2000-03-01,24002,12,itboom,0,109.03752095885653,113.80451350452888,130.4988369289553
2000,4,2000-04-01,24003,12,itboom,0,110.64375151284857,108.94690354633329,128.40597930770772
2000,5,2000-05-01,24004,12,itboom,0,109.03752095885653,113.3097112719005,130.33591703266453
2000,6,2000-06-01,24005,12,itboom,0,108.66940068444761,108.48898207631993,135.82807449203426
2000,7,2000-07-01,24006,12,itboom,0,108.39750305090345,110.67702531280717,134.55409906810303
2000,8,2000-08-01,24007,12,itboom,0,108.40483374470136,115.40704926628352,133.02160582065392
2000,9,2000-09-01,24008,12,itboom,0,109.13990659516065,115.40261836129334,130.63750271042636
2000,10,2000-10-01,24009,12,itboom,0,110.30913409774053,112.50656685204898,136.59166888038877
2000,11,2000-11-01,24010,12,itboom,0,108.83941529344278,112.72391806950182,131.59376039094872
2000,12,2000-12-01,24011,12,itboom,0,112.73333856784105,112.42153094641445,132.0226146197508
2001,1,2001-01-01,24012,12,itboom,0,115.87443583854888,116.49102047514936,138.2419304833948
2001,2,2001-02-01,24013,12,itboom,0,112.72878438061436,112.43393083585299,134.63738556288666
2001,3,2001-03-01,24014,12,stagnation2,0,113.90477885043587,114.69427899275897,136.41982633020007
2001,4,2001-04-01,24015,12,stagnation2,0,116.07365514604528,116.09593608261925,132.7280339086515
2001,5,2001-05-01,24016,12,stagnation2,0,118.13141397243407,115.79100810829597,135.8226446270898
2001,6,2001-06-01,24017,12,stagnation2,0,112.02719630017143,115.58708051383634,137.22899270309088
2001,7,2001-07-01,24018,12,stagnation2,0,112.0642948378836,115.6253579304557,137.19877064474926
2001,8,2001-08-01,24019,12,stagnation2,0,117.97648034433715,115.6391440072584,137.29080428901509
2001,9,2001-09-01,24020,12,stagnation2,0,113.40758641624473,116.03420508918197,137.07141501044302
2001,10,2001-10-01,24021,12,stagnation2,0,117.37415830949482,115.62688955444142,137.9858151303383
2001,11,2001-11-01,24022,12,stagnation2,0,118.0437247956939,115.88825589169609,134.3169832911544
2001,12,2001-12-01,24023,12,stagnation2,0,118.16589894659108,115.82480987014705,137.5117099535972
2002,1,2002-01-01,24024,12,stagnation2,0,118.0593740280779,115.72039541095691,137.38834040492785
2002,2,2002-02-01,24025,12,stagnation2,0,117.86093652971152,115.52588933327895,142.64385345260268
2002,3,2002-03-01,24026,12,stagnation2,0,117.54202766933653,115.39571971444431,136.78540373674966
2002,4,2002-04-01,24027,12,stagnation2,0,117.0522692207143,114.73324324715946,138.03222166858419
2002,5,2002-05-01,24028,12,stagnation2,0,116.97539264825883,114.65788974443574,136.02719661418007
2002,6,2002-06-01,24029,12,stagnation2,0,116.82960501557157,114.51499043940824,137.3301789342876
2002,7,2002-07-01,24030,12,stagnation2,0,115.98981528543693,114.26315429743421,141.08471036838134
2002,8,2002-08-01,24031,12,stagnation2,0,116.34423320632774,114.03923476012034,135.39239257782046
2002,9,2002-09-01,24032,12,stagnation2,0,116.13485273160164,114.0142396776965,138.52731835063057
2002,10,2002-10-01,24033,12,stagnation2,0,115.92320644500779,113.62654933213435,138.27486362380992
2002,11,2002-11-01,24034,12,stagnation2,0,115.80863547748213,118.2440085742927,134.76924026209576
2002,12,2002-12-01,24035,12,stagnation2,0,115.69729693406536,113.40511551420525,134.63848814426234
2003,1,2003-01-01,24036,12,stagnation2,0,115.35260737959281,113.53836847130535,136.81592976241657
2003,2,2003-02-01,24037,12,stagnation2,0,114.86903287041694,117.28464679381612,139.02283465123642
2003,3,2003-03-01,24038,12,stagnation2,0,114.57493267689861,116.98436188275828,138.66689326692511
2003,4,2003-04-01,24039,12,stagnation2,0,114.76984576330267,117.18337385250456,140.11819064367285
2003,5,2003-05-01,24040,12,stagnation2,0,114.90163917103561,112.62522123043833,142.6269273783012
2003,6,2003-06-01,24041,12,stagnation2,0,114.77724187131959,114.0658341488597,138.9117425268309
2003,7,2003-07-01,24042,12,stagnation2,0,114.44094585062125,114.32365016894856,138.5047326921424
2003,8,2003-08-01,24043,12,stagnation2,0,114.05546487931382,116.45397004748254,138.03819566300484
2003,9,2003-09-01,24044,12,stagnation2,0,116.54265105230576,116.0911804621553,137.6081646409325
2003,10,2003-10-01,24045,12,stagnation2,0,116.41408757136112,116.07636024839323,141.0303625055985
2003,11,2003-11-01,24046,12,stagnation2,0,113.54213385240644,116.57905116139426,137.41692522403804
2003,12,2003-12-01,24047,12,stagnation2,0,113.29224148987905,115.6746966139226,137.1144873630399
2004,1,2004-01-01,24048,12,stagnation2,0,112.85577871107154,116.62635924693329,136.58624845292366
2004,2,2004-02-01,24049,12,stagnation2,0,112.61601530548637,118.66374587063477,140.72569164541946
2004,3,2004-03-01,24050,12,stagnation2,0,112.77986656698796,114.80712543513665,137.69766183057666
2004,4,2004-04-01,24051,12,stagnation2,0,112.23422280029169,118.9490168297861,137.02254387889127
2004,5,2004-05-01,24052,12,stagnation2,0,114.66722851075,117.48653800029645,136.69522501137243
2004,6,2004-06-01,24053,12,stagnation2,0,111.55236239445757,116.81807348048275,136.2913427092719
2004,7,2004-07-01,24054,12,stagnation2,0,111.44905378026336,118.34445789914128,134.88372791654783
2004,8,2004-08-01,24055,12,stagnation2,0,111.39189755975214,113.73438980483562,139.99952103355642
2004,9,2004-09-01,24056,12,stagnation2,0,111.17218418945302,114.87217669111952,142.3107513137568
2004,10,2004-10-01,24057,12,stagnation2,0,114.01771009324415,113.0246808787961,142.2166803260391
2004,11,2004-11-01,24058,12,stagnation2,0,110.27188194744726,112.59082106215345,139.01982207092686
2004,12,2004-12-01,24059,12,stagnation2,0,111.32646301022055,116.80707775121853,136.80718530126927
2005,1,2005-01-01,24060,12,stagnation2,0,114.65500309913368,116.87881034312092,140.8064034395608
2005,2,2005-02-01,24061,12,stagnation2,0,115.25173143060124,116.55467520128782,143.2056309834239
2005,3,2005-03-01,24062,12,stagnation2,0,110.486364043971,116.20662253064066,139.33436880723423
2005,4,2005-04-01,24063,12,stagnation2,0,113.49521596025176,115.88193949279909,139.6962547764969
2005,5,2005-05-01,24064,12,stagnation2,0,113.54034274328815,115.81665309349634,142.72786411167877
2005,6,2005-06-01,24065,12,stagnation2,0,109.0004484983102,115.74435628434374,136.6316856513293
2005,7,2005-07-01,24066,12,stagnation2,0,108.54077764073743,113.0397791224939,139.5741662801354
2005,8,2005-08-01,24067,12,stagnation2,0,114.05040433178075,114.7931328942652,135.23872057935932
2005,9,2005-09-01,24068,12,stagnation2,0,111.1882224331366,113.6958821289723,140.1143098260768
2005,10,2005-10-01,24069,12,stagnation2,0,112.24540513087499,113.51436178417721,141.47549918101333
2005,11,2005-11-01,24070,12,stagnation2,0,113.28377499663037,113.75195665192146,136.13187009816244
2005,12,2005-12-01,24071,12,stagnation2,0,113.551585339412,113.75195665192146,136.13187009816244
2006,1,2006-01-01,24072,12,stagnation2,0,117.26806218477672,113.20317365899972,139.56840175122784
2006,2,2006-02-01,24073,12,stagnation2,0,117.19791235814435,117.48681912237244,139.4849118478066
2006,3,2006-03-01,24074,12,stagnation2,0,116.97120228480331,117.2595501817923,137.4959078768872
2006,4,2006-04-01,24075,12,stagnation2,0,116.43038339030294,116.38453737659927,138.57142535077037
2006,5,2006-05-01,24076,12,stagnation2,0,116.1184706978715,112.09343071361036,138.13951205953532
2006,6,2006-06-01,24077,12,stagnation2,0,112.25258499810252,111.81773354811908,145.11609482244106
2006,7,2006-07-01,24078,12,stagnation2,0,110.71590371725826,113.57993470241617,141.123134847127
2006,8,2006-08-01,24079,12,stagnation2,0,115.07630316056549,114.33455786269535,138.2665437496203
2006,9,2006-09-01,24080,12,stagnation2,0,115.37855770821817,115.66297954729428,138.23516951603722
2006,10,2006-10-01,24081,12,stagnation2,0,115.65099178936909,116.79487102716676,139.82924882980146
2006,11,2006-11-01,24082,12,stagnation2,0,115.61140912467854,118.04263469180262,139.9213122362409
2006,12,2006-12-01,24083,12,stagnation2,0,115.20216279216223,115.48614979683389,139.42601264334522
2007,1,2007-01-01,24084,12,stagnation2,0,115.97846232192924,117.1479721558589,138.96189117034234
2007,2,2007-02-01,24085,12,stagnation2,0,119.14572691890926,117.21020823031519,138.53159821793304
2007,3,2007-03-01,24086,12,stagnation2,0,116.63799243952938,118.64620064544374,141.16375781856968
2007,4,2007-04-01,24087,12,stagnation2,0,116.3643342617652,116.17114012347992,144.08735371360677
2007,5,2007-05-01,24088,12,stagnation2,0,113.44903419432444,115.41356915157363,143.54535150496278
2007,6,2007-06-01,24089,12,stagnation2,0,113.20910107066,113.4881749416309,149.4696706885103
2007,7,2007-07-01,24090,12,stagnation2,0,113.03666362658102,115.41374413024458,143.50115965289504
2007,8,2007-08-01,24091,12,stagnation2,0,112.95975906991627,116.09014378076516,149.14046511769033
2007,9,2007-09-01,24092,12,stagnation2,0,115.08378388817214,116.98167425526542,141.8620519434409
2007,10,2007-10-01,24093,12,stagnation2,0,113.00204997459439,116.62798816530238,142.4214250976836
2007,11,2007-11-01,24094,12,stagnation2,0,117.68139466492582,116.01283501689288,141.6702247260744
2007,12,2007-12-01,24095,12,stagnation2,0,116.39772161596127,115.74516583262725,141.34390228209043
2008,1,2008-01-01,24096,12,stagnation2,0,118.42686304142475,115.45385427995684,140.98731437735347
2008,2,2008-02-01,24097,12,stagnation2,0,117.55288877860423,117.28151502754656,146.56914121303
2008,3,2008-03-01,24098,12,stagnation2,0,115.54281196659032,116.57371045884534,145.91821667519721
2008,4,2008-04-01,24099,12,stagnation2,0,115.32941968556779,116.7307611703355,142.16259583615064
2008,5,2008-05-01,24100,12,stagnation2,0,118.83102269960992,117.04772076007312,141.77184022614946
2008,6,2008-06-01,24101,12,stagnation2,0,118.66908569636522,114.50410118699338,144.2113600441963
2008,7,2008-07-01,24102,12,stagnation2,0,118.41546867720464,113.23847332119118,142.3595552193776
2008,8,2008-08-01,24103,12,stagnation2,0,118.51133357111225,112.93663965108763,146.53270673879487
2008,9,2008-09-01,24104,12,stagnation2,0,116.43929701738666,112.84278336806624,143.54021561592097
2008,10,2008-10-01,24105,12,stagnation2,0,119.2000532149595,116.83847559416708,145.65159312084694
2008,11,2008-11-01,24106,12,stagnation2,0,117.27291564830855,117.4127222159084,145.2574563377589
2008,12,2008-12-01,24107,12,stagnation2,0,121.30132319433284,115.59539002721827,146.96058355870815
2009,1,2009-01-01,24108,12,stagnation2,0,121.28755584934777,115.5822702889394,147.02494482555522
2009,2,2009-02-01,24109,12,stagnation2,0,121.07044582029697,119.24868906312462,148.5083456464608
2009,3,2009-03-01,24110,12,stagnation2,0,121.20364267230357,118.80237016970447,146.84224036061505
2009,4,2009-04-01,24111,12,stagnation2,0,121.030680908028,115.33747857316807,146.71356066243865
2009,5,2009-05-01,24112,12,stagnation2,0,120.90470284967624,118.30360750379579,146.48006483255534
2009,6,2009-06-01,24113,12,stagnation2,0,120.19079506449447,117.80958898115745,151.28216191747288
2009,7,2009-07-01,24114,12,stagnation2,0,120.17727863491973,114.5242197725858,145.67906523346323
2009,8,2009-08-01,24115,12,stagnation2,0,119.82960272229573,117.64315515836475,145.1775453056186
2009,9,2009-09-01,24116,12,stagnation2,0,119.63642437390101,115.47463445223605,150.8257058457379
2009,10,2009-10-01,24117,12,stagnation2,0,116.70109805289289,117.00943061266044,143.31966838112135
2009,11,2009-11-01,24118,12,stagnation2,0,118.88709124538957,117.66466121017329,144.03566133428714
2009,12,2009-12-01,24119,12,stagnation2,0,118.81835433765478,116.65035832089497,143.80258992212617
2010,1,2010-01-01,24120,12,stagnation2,0,118.55866657910639,117.01680850838035,149.46697600253722
2010,2,2010-02-01,24121,12,stagnation2,0,118.56129729929141,117.01940501599142,143.72017039840705
2010,3,2010-03-01,24122,12,stagnation2,0,118.39447791154909,116.23421607364166,142.62620622552177
2010,4,2010-04-01,24123,12,stagnation2,0,118.3302399598531,115.98589497832656,144.58876065637304
2010,5,2010-05-01,24124,12,stagnation2,0,118.29225440589707,116.13385776932412,143.3940362267683
2010,6,2010-06-01,24125,12,stagnation2,0,118.34203354087256,115.99745490628753,143.4543785638035
2010,7,2010-07-01,24126,12,stagnation2,0,115.28517859993553,112.67922138814615,143.33215869669633
2010,8,2010-08-01,24127,12,stagnation2,0,118.07920234662586,113.48933418134752,143.13577422255884
2010,9,2010-09-01,24128,12,stagnation2,0,117.96189476746659,115.80952597384947,148.71462545218887
2010,10,2010-10-01,24129,12,stagnation2,0,113.66721872648688,114.45676543253235,142.5388567323205
2010,11,2010-11-01,24130,12,stagnation2,0,117.35305583859713,117.82389187869933,147.35527363300642
2010,12,2010-12-01,24131,12,stagnation2,0,117.08817954567135,111.58042983978913,141.93445499726104
2011,1,2011-01-01,24132,12,stagnation2,0,116.73771570180172,114.26599812380034,147.17130223246917
2011,2,2011-02-01,24133,12,stagnation2,0,116.41343367184477,114.2893185727526,142.24659819903758
2011,3,2011-03-01,24134,12,stagnation2,0,115.94735554081043,114.43945762766499,146.17489474388273
2011,4,2011-04-01,24135,12,stagnation2,0,115.4575447645703,113.24870364331754,139.9577972351094
2011,5,2011-05-01,24136,12,stagnation2,0,115.10808042799644,113.6110973061825,145.11682014869658
2011,6,2011-06-01,24137,12,stagnation2,0,115.13164299092139,109.71592745685552,139.7470747366725
2011,7,2011-07-01,24138,12,stagnation2,0,114.55287462711301,109.52948224418807,144.89987146245514
2011,8,2011-08-01,24139,12,stagnation2,0,114.66590809449261,109.27210041866468,142.33431537226306
2011,9,2011-09-01,24140,12,stagnation2,0,114.68625489295411,113.01581591298735,144.35646007012647
2011,10,2011-10-01,24141,12,stagnation2,0,114.50250158872734,111.34324535276757,142.76630441785287
2011,11,2011-11-01,24142,12,stagnation2,0,114.26864810494368,112.1836674189796,144.0585473584762
2011,12,2011-12-01,24143,12,stagnation2,0,114.20270556751161,114.66090198407802,143.97541356535675
2012,1,2012-01-01,24144,12,stagnation2,0,113.81349149865095,111.73681573926949,144.2794158401753
2012,2,2012-02-01,24145,12,stagnation2,0,113.55950831818343,111.48746681355705,138.7593617155174
2012,3,2012-03-01,24146,12,stagnation2,0,113.34270895140567,112.9487959613248,142.89121535960174
2012,4,2012-04-01,24147,12,stagnation2,0,117.9102491620406,115.57422498945921,142.70353517672964
2012,5,2012-05-01,24148,12,stagnation2,0,114.08675747077787,111.84733146392833,142.86394083863217
2012,6,2012-06-01,24149,12,stagnation2,0,116.40221893318389,108.81727615630712,148.6541638861298
2012,7,2012-07-01,24150,12,stagnation2,0,113.33790058941045,109.93525009719819,143.7301542701979
2012,8,2012-08-01,24151,12,stagnation2,0,117.19406077562886,110.89706228024914,142.40637755895239
2012,9,2012-09-01,24152,12,stagnation2,0,112.61530324443672,110.5604899942353,145.43695933173436
2012,10,2012-10-01,24153,12,stagnation2,0,112.28280802292991,110.44042084605059,144.27710028290588
2012,11,2012-11-01,24154,12,stagnation2,0,112.35954505645452,108.29793260961416,141.3561856563305
2012,12,2012-12-01,24155,12,stagnation2,0,112.37726850037156,111.14358075362678,148.57747578535373
2013,1,2013-01-01,24156,12,stagnation2,0,113.20233173118771,109.0690500711461,144.12415368486262
2013,2,2013-02-01,24157,12,stagnation2,0,112.88376190183526,109.72678244841728,146.53972810386847
2013,3,2013-03-01,24158,12,stagnation2,0,112.37988704325038,113.94032422112333,145.43506926224032
2013,4,2013-04-01,24159,12,stagnation2,0,115.57491548659924,114.38323775623344,146.5998349134127
2013,5,2013-05-01,24160,12,stagnation2,0,111.94523387325016,113.9183645121622,146.77459447233196
2013,6,2013-06-01,24161,12,stagnation2,0,111.69717653647666,110.24455229491466,144.13996566638713
2013,7,2013-07-01,24162,12,stagnation2,0,111.55841793442387,108.48039236604771,145.1422949738137
2013,8,2013-08-01,24163,12,stagnation2,0,111.39329091640434,109.944618714026,145.83465857449784
2013,9,2013-09-01,24164,12,stagnation2,0,115.98390017181308,110.04808730260805,145.98701303370927
2013,10,2013-10-01,24165,12,stagnation2,0,112.58737001351689,109.75127781350604,145.51371811728407
2013,11,2013-11-01,24166,12,stagnation2,0,111.03218804702878,113.36711585733292,149.38488486186566
2013,12,2013-12-01,24167,12,stagnation2,0,112.8912848818998,112.86778976411503,147.7957094306477
2014,1,2014-01-01,24168,12,stagnation2,0,110.6092695755722,112.93530371172774,148.34592216894572
2014,2,2014-02-01,24169,12,stagnation2,0,115.163157489033,112.88155837786948,147.32339751557708
2014,3,2014-03-01,24170,12,stagnation2,0,114.46776543337954,112.7008359531567,142.72299398829998
2014,4,2014-04-01,24171,12,stagnation2,0,110.35833782254039,112.50096850923183,142.4698842419836
2014,5,2014-05-01,24172,12,stagnation2,0,114.58584210413014,112.31568069837324,142.23523796902901
2014,6,2014-06-01,24173,12,stagnation2,0,114.4609503345905,112.1932632700777,146.52067832402565
2014,7,2014-07-01,24174,12,stagnation2,0,114.29876274902126,112.03428892613141,139.23810247888977
2014,8,2014-08-01,24175,12,stagnation2,0,114.88441200776735,109.06014569804648,143.60698766905958
2014,9,2014-09-01,24176,12,stagnation2,0,118.61532129592301,112.00898681700455,146.18459141855482
2014,10,2014-10-01,24177,12,stagnation2,0,114.30697858878183,107.73244657256808,138.34259579566142
2014,11,2014-11-01,24178,12,recovery,0,114.41624408105507,112.14944273164902,146.7833270282202
2014,12,2014-12-01,24179,12,recovery,0,116.17649841236853,113.4703742497211,146.7213295824389
2015,1,2015-01-01,24180,12,recovery,0,115.1703064838489,112.88856573762975,148.2845296048847
2015,2,2015-02-01,24181,12,recovery,0,114.9669073368441,112.6891963109204,147.16835041617833
2015,3,2015-03-01,24182,12,recovery,0,112.91402843109529,112.47661463801816,145.40611135541434
2015,4,2015-04-01,24183,12,recovery,0,114.64839024955126,112.3769896471962,149.42889285030031
2015,5,2015-05-01,24184,12,recovery,0,118.94887991005095,113.97642610325616,141.97218308359717
2015,6,2015-06-01,24185,12,recovery,0,116.25265131530318,111.89067878917167,143.6815452123065
2015,7,2015-07-01,24186,12,recovery,0,114.04816149674639,111.78865255678363,146.52230289008236
2015,8,2015-08-01,24187,12,recovery,0,114.03998281860765,113.64364651222814,145.98180069096492
2015,9,2015-09-01,24188,12,recovery,0,117.66953840698609,111.93544562106818,148.84176700562242
2015,10,2015-10-01,24189,12,recovery,0,118.76583845425614,111.93544562106818,143.7390313912336
2015,11,2015-11-01,24190,12,recovery,0,118.6915626218041,112.79765351020362,153.47114716098505
2015,12,2015-12-01,24191,12,recovery,0,118.79143033785019,111.95956567892038,148.87383970619618
2016,1,2016-01-01,24192,12,recovery,0,118.74269339260611,117.50931324818566,149.2383664651049
2016,2,2016-02-01,24193,12,recovery,0,118.80484001237136,119.43701775352103,149.7035904547075
2016,3,2016-03-01,24194,12,recovery,0,113.96876109968905,115.43451940555076,152.78701741304147
2016,4,2016-04-01,24195,12,recovery,0,118.14045528767899,114.68641000672507,152.88091137171776
2016,5,2016-05-01,24196,12,recovery,0,117.94787357498524,113.94363614586398,150.98459429524476
2016,6,2016-06-01,24197,12,recovery,0,115.4772867424127,114.66906497735428,150.56975634861226
2016,7,2016-07-01,24198,12,recovery,0,117.72119374230266,114.64924258097619,144.80364039632795
2016,8,2016-08-01,24199,12,recovery,0,117.55742478097389,113.60337495746224,153.22086933092797
2016,9,2016-09-01,24200,12,recovery,0,119.59105518682553,117.81152595370358,152.9304724103588
2016,10,2016-10-01,24201,12,recovery,0,121.59854014566012,117.71796936310896,149.45664266238296
2016,11,2016-11-01,24202,12,recovery,0,119.3068932676447,117.6786907613862,155.43044964434836
2016,12,2016-12-01,24203,12,recovery,0,116.85495891840728,117.47676106016753,148.7708462217717
2017,1,2017-01-01,24204,12,recovery,0,120.88570720375989,117.02788503878148,156.19376092101933
2017,2,2017-02-01,24205,12,recovery,0,120.72183306007997,120.5214043749659,149.85205100901737
2017,3,2017-03-01,24206,12,recovery,0,121.15647798728176,116.92912236893412,151.5952980443106
2017,4,2017-04-01,24207,12,recovery,0,121.53585530395144,120.35341765941693,155.7646098506522
2017,5,2017-05-01,24208,12,recovery,0,120.60557038503565,118.58101147186657,155.94533111142854
2017,6,2017-06-01,24209,12,recovery,0,122.73558008919795,121.10598340041618,151.24429155063302
2017,7,2017-07-01,24210,12,recovery,0,124.920806982122,116.800989132868,149.52650017028247
2017,8,2017-08-01,24211,12,recovery,0,124.64105990619255,116.35398637359769,150.8496505027688
2017,9,2017-09-01,24212,12,recovery,0,119.7430723816845,119.54426868610906,154.83010454033285
2017,10,2017-10-01,24213,12,recovery,0,124.01618703918913,118.66492624033036,154.51577839031035
2017,11,2017-11-01,24214,12,recovery,0,128.261615409509,117.77266276283044,149.26044906012658
2017,12,2017-12-01,24215,12,recovery,0,123.65946875389773,120.84879902631494,148.99352529825762
2018,1,2018-01-01,24216,12,recovery,0,123.1975740791581,122.1943789679626,153.49584202765138
2018,2,2018-02-01,24217,12,recovery,0,122.93396800541059,121.93291943262254,149.19169624588304
2018,3,2018-03-01,24218,12,recovery,0,122.80319234108902,120.56189067737628,148.62532988101785
2018,4,2018-04-01,24219,12,recovery,0,124.69886519362578,120.2626852170285,152.75182768163648
2018,5,2018-05-01,24220,12,recovery,0,122.3008534273425,121.30496029251081,147.40679127267967
2018,6,2018-06-01,24221,12,recovery,0,122.195368956245,119.96516077909175,152.3580795249333
2018,7,2018-07-01,24222,12,recovery,0,126.42566485555986,124.6331235328269,152.19697559013304
2018,8,2018-08-01,24223,12,recovery,0,121.98136446498044,120.98807292167783,150.5833080645083
2018,9,2018-09-01,24224,12,recovery,0,124.42672904321888,122.51558464064516,153.80305425352861
2018,10,2018-10-01,24225,12,recovery,0,130.20132524458225,120.53169216023048,149.70013253881524
2018,11,2018-11-01,24226,12,recovery,0,124.95064566821787,122.97127568882682,151.46587251144322
2018,12,2018-12-01,24227,12,recovery,0,130.06694154358686,122.58524407309903,156.05461068149293
2019,1,2019-01-01,24228,12,recovery,0,126.14331967424174,127.55589704003818,152.24780029614843
2019,2,2019-02-01,24229,12,recovery,0,129.89619358461937,127.32270527214048,156.76145537454522
2019,3,2019-03-01,24230,12,recovery,0,129.60254745333626,125.55280326098604,150.8207365536623
2019,4,2019-04-01,24231,12,recovery,0,129.23766412023912,126.67722251708433,155.40914553570627
2019,5,2019-05-01,24232,12,recovery,0,129.14395478772096,126.58536974298679,154.84153351975058
2019,6,2019-06-01,24233,12,recovery,0,129.0828047182938,126.16459938644532,156.22537221945066
2019,7,2019-07-01,24234,12,recovery,0,128.91089694724977,126.35692921740403,155.57237869271708
2019,8,2019-08-01,24235,12,recovery,0,128.85121021961913,126.29842499629439,157.44345206840157
2019,9,2019-09-01,24236,12,recovery,0,128.7729552164491,129.44738655945412,154.8113674140911
2019,10,2019-10-01,24237,12,recovery,0,128.5449441714822,123.39542995492535,155.57441437645073
2019,11,2019-11-01,24238,12,recovery,0,128.41272171295006,128.5258502749067,155.41438916747703
2019,12,2019-12-01,24239,12,recovery,0,128.06431939819873,125.52712396450706,155.24028524621048
2020,1,2020-01-01,24240,12,recovery,0,128.94797913501745,131.57264432322836,154.7212787707688
2020,2,2020-02-01,24241,12,recovery,0,127.73856505472651,132.16381361874318,161.0400790472289
2020,3,2020-03-01,24242,12,covid_aftermath,1,128.79177965691719,132.54659954879907,156.18176843084944
2020,4,2020-04-01,24243,12,covid_aftermath,1,141.50701534905053,141.4512950776235,164.67495116976886
2020,5,2020-05-01,24244,12,covid_aftermath,1,137.08162848222193,139.96435746608512,166.17152929618095
2020,6,2020-06-01,24245,12,covid_aftermath,1,136.65041361560478,139.5240744580399,168.87281520184953
2020,7,2020-07-01,24246,12,covid_aftermath,1,136.24795490159602,139.11315232400526,168.4643459072428
2020,8,2020-08-01,24247,12,covid_aftermath,1,135.86858613234585,138.7258056998171,164.66640317181768
2020,9,2020-09-01,24248,12,covid_aftermath,1,133.50757409445646,136.05549536893662,164.40778117868416
2020,10,2020-10-01,24249,12,covid_aftermath,1,131.2709512566073,135.17291526598703,160.15486477737602
2020,11,2020-11-01,24250,12,covid_aftermath,1,133.42183857688667,137.24693626169642,158.66092544582483
2020,12,2020-12-01,24251,12,covid_aftermath,1,133.62343933913039,137.63777560563318,159.324536525472
2021,1,2021-01-01,24252,12,covid_aftermath,1,134.33779878092784,133.7337563064755,158.77475308731312
2021,2,2021-02-01,24253,12,covid_aftermath,1,133.86325408159553,136.67830294472824,162.0110187491174
2021,3,2021-03-01,24254,12,covid_aftermath,1,131.05995394875032,135.94011571533858,160.54367793944306
2021,4,2021-04-01,24255,12,covid_aftermath,1,132.47923003262682,135.26517385605072,161.33807229427842
2021,5,2021-05-01,24256,12,covid_aftermath,1,131.8466778419261,134.6193195434382,158.29477636778404
2021,6,2021-06-01,24257,12,covid_aftermath,1,131.11991228051596,133.8772706200521,160.64030027142687
2021,7,2021-07-01,24258,12,covid_aftermath,1,130.52654428921335,133.27142452263442,159.49106199878094
2021,8,2021-08-01,24259,12,covid_aftermath,1,134.06879131939806,136.58949740242406,153.6550897928436
2021,9,2021-09-01,24260,12,covid_aftermath,1,131.6183290624378,132.31868923254467,167.51743269915636
2021,10,2021-10-01,24261,12,covid_aftermath,1,135.3498545681106,131.41983056675537,157.23832981808837
2021,11,2021-11-01,24262,12,covid_aftermath,1,135.855631461662,130.55301515448303,153.4483562576072
2021,12,2021-12-01,24263,12,covid_aftermath,1,135.06416647571822,129.79244204321444,157.17707842309292
2022,1,2022-01-01,24264,12,covid_aftermath,0,132.9876935568811,129.11282809190632,157.82592041599418
2022,2,2022-02-01,24265,12,covid_aftermath,0,133.53684653727004,134.74097209073662,160.09488512062478
2022,3,2022-03-01,24266,12,covid_aftermath,0,132.30563506165876,133.4986585617375,158.49518158626893
2022,4,2022-04-01,24267,12,covid_aftermath,0,135.74818045698174,137.1565855389725,159.75867810574758
2022,5,2022-05-01,24268,12,covid_aftermath,0,131.18666469034326,136.30916961112712,161.64468193282556
2022,6,2022-06-01,24269,12,covid_aftermath,0,129.93573444735569,136.7262761938264,162.6127351304006
2022,7,2022-07-01,24270,12,covid_aftermath,0,133.59913522542567,130.95228466289592,161.69136295371257
2022,8,2022-08-01,24271,12,covid_aftermath,0,137.09423177586723,136.86662078028294,157.32342843530338
2022,9,2022-09-01,24272,12,covid_aftermath,0,136.57071291158402,137.7977372169684,160.7857799496242
2022,10,2022-10-01,24273,12,covid_aftermath,0,135.95703173959305,135.73130878283493,161.14598597757987
2022,11,2022-11-01,24274,12,covid_aftermath,0,135.5901739636909,135.36506008335067,157.788641569766
2022,12,2022-12-01,24275,12,covid_aftermath,0,135.41720978070404,135.90060679853218,153.21031285277618
2023,1,2023-01-01,24276,12,covid_aftermath,0,134.77278881569808,137.30117129174818,160.8463619325183
2023,2,2023-02-01,24277,12,covid_aftermath,0,134.40326966135495,140.27922299334082,162.66458476928818
2023,3,2023-03-01,24278,12,covid_aftermath,0,134.06716031716488,134.75715167142158,162.25780086404905
2023,4,2023-04-01,24279,12,covid_aftermath,0,133.70707135246403,137.3856220631482,155.0794119544507
2023,5,2023-05-01,24280,12,covid_aftermath,0,133.43660528399886,136.2426820268819,159.25167607763208
2023,6,2023-06-01,24281,12,covid_aftermath,0,133.12520518363507,138.94528303546878,162.23665190597794
2023,7,2023-07-01,24282,12,covid_aftermath,0,132.94744139271882,138.75974762008107,160.90263581217008
2023,8,2023-08-01,24283,12,covid_aftermath,0,134.3782194422154,138.33180257227139,157.73296049522096
2023,9,2023-09-01,24284,12,covid_aftermath,0,136.43753576682798,138.28813317031498,162.01938015937375
2023,10,2023-10-01,24285,12,covid_aftermath,0,137.3635924244173,137.6342088921312,159.59748679639313
2023,11,2023-11-01,24286,12,covid_aftermath,0,139.10470272281802,140.5349231427726,159.49383161653753
2023,12,2023-12-01,24287,12,covid_aftermath,0,138.96303893226587,141.28792071059735,159.33140360142212
2024,1,2024-01-01,24288,12,covid_aftermath,0,135.54102216503458,142.85559049872987,169.77421106496917
2024,2,2024-02-01,24289,12,covid_aftermath,0,136.1805534840098,137.93197883460596,163.92468751116755
2024,3,2024-03-01,24290,12,covid_aftermath,0,137.45817894106648,142.12165379507474,164.1728857323084
2024,4,2024-04-01,24291,12,covid_aftermath,0,139.04543825037507,141.6007128980508,166.09738200834084
2024,5,2024-05-01,24292,12,covid_aftermath,0,137.15065875862408,138.5607884589669,157.2533756657601
2024,6,2024-06-01,24293,12,covid_aftermath,0,137.00074184150063,145.280715339415,167.9899212770892
2024,7,2024-07-01,24294,12,covid_aftermath,0,138.58233188454818,141.42311485434345,167.28674639663194
2024,8,2024-08-01,24295,12,covid_aftermath,0,140.1668115723361,145.02261202200864,163.11542423135688
2024,9,2024-09-01,24296,12,covid_aftermath,0,138.0855850083812,140.91618522221523,162.78037974197346
2024,10,2024-10-01,24297,12,covid_aftermath,0,143.07830276364365,140.24365203393089,164.50555205111047
2024,11,2024-11-01,24298,12,covid_aftermath,0,142.86712724097902,145.87152114188933,160.42034757954883
2024,12,2024-12-01,24299,12,covid_aftermath,0,139.95891912083516,145.50037648558836,166.00066598449104
2025,1,2025-01-01,24300,12,covid_aftermath,0,142.00484189202848,144.99110254638126,166.49379133727686
2025,2,2025-02-01,24301,12,covid_aftermath,0,141.61304988967075,144.59107143734417,164.9632443142691
2025,3,2025-03-01,24302,12,covid_aftermath,0,141.5016666901611,144.47734592850324,169.11488493087427
2025,4,2025-04-01,24303,12,covid_aftermath,0,141.1719227081148,144.14066766543894,172.63625479863023
2025,5,2025-05-01,24304,12,covid_aftermath,0,140.89830773862326,143.86129876807462,160.8729725604266
2025,6,2025-06-01,24305,12,covid_aftermath,0,140.54030840861586,143.495770967212,163.2883911939538
2025,7,2025-07-01,24306,12,covid_aftermath,0,140.3453996235315,143.2967633892391,163.06193415606643
2025,8,2025-08-01,24307,12,covid_aftermath,0,139.98910063447713,143.79056951640604,166.24824448729902
2025,9,2025-09-01,24308,12,covid_aftermath,0,139.5809851382347,142.5162738119198,164.7077557729557
2025,10,2025-10-01,24309,11,covid_aftermath,0,NA,NA,NA
2025,11,2025-11-01,24310,11,covid_aftermath,0,139.09698375277355,142.02209422214673,161.6114476630073
2025,12,2025-12-01,24311,11,covid_aftermath,0,138.65301689014743,141.56879105270153,157.31994101784312
2026,1,2026-01-01,24312,11,covid_aftermath,0,138.23332907465473,145.2803923081628,163.11750044149886
2026,2,2026-02-01,24313,11,covid_aftermath,0,137.75435085135223,145.37710792472794,162.5522986115638
2026,3,2026-03-01,24314,11,covid_aftermath,0,136.89461038871596,143.68706189774161,165.67978600625273
2026,4,2026-04-01,24315,11,covid_aftermath,0,136.30060980641522,139.16691452395906,164.96088342065255
2026,5,2026-05-01,24316,11,covid_aftermath,0,137.74531879438015,141.33482246987046,158.08647631003745
2026,6,2026-06-01,24317,11,covid_aftermath,0,135.84941409717243,145.36412955394238,164.41481364959276
2026,7,2026-07-01,24318,11,covid_aftermath,0,135.78106062745013,143.90462430055513,164.3320873230835
2026,8,2026-08-01,24319,11,covid_aftermath,0,139.0834920462311,138.20760953248447,157.68038393212916
