era_slug_chr,era_label_chr,period_label_chr,years_num,group_chr,percentile_chr,start_level_num_Men,start_level_num_Women,end_level_num_Men,end_level_num_Women,change_usd_num_Men,change_usd_num_Women,growth_pct_num_Men,growth_pct_num_Women,annualized_pct_num_Men,annualized_pct_num_Women,growth_gap_pts_num,annualized_gap_pts_num,start_gap_usd_num,end_gap_usd_num,start_ratio_pct_num,end_ratio_pct_num,topcode_flag_chr
stagnation1,First long wage stagnation,Dec 1982 to Aug 1996,13.666666666666666,all,p10,10.427647912822541,9.613580614743741,9.896678805771193,9.278090160592868,-0.530969107051348,-0.3354904541508734,-5.091935511156187,-3.4897554573615652,-0.381671034860287,-0.25957244525056655,1.6021800537946218,0.12209858960972042,0.8140672980788004,0.6185886451783258,92.19318388111505,93.74953297648096,NA
stagnation1,First long wage stagnation,Dec 1982 to Aug 1996,13.666666666666666,all,p25,14.481845735938368,11.104938844063733,13.982453953997073,11.383590160147516,-0.49939178194129497,0.27865131608378313,-3.4483987127552185,2.5092557464442056,-0.2564456796525616,0.1815028721473766,5.957654459199424,0.4379485517999382,3.3769068918746346,2.5988637938495565,76.6817921316863,81.41339279642945,NA
stagnation1,First long wage stagnation,Dec 1982 to Aug 1996,13.666666666666666,all,p50,22.995160643699254,14.868324558055278,21.549488213651944,16.694285009958104,-1.4456724300473098,1.8259604519028265,-6.286855101590383,12.280875661364066,-0.47398327986291067,0.8511631718703949,18.567730762954447,1.3251464517333056,8.126836085643976,4.85520320369384,64.65849396937892,77.46951966767364,NA
stagnation1,First long wage stagnation,Dec 1982 to Aug 1996,13.666666666666666,all,p75,32.78800247511492,21.46059640831169,32.770287301312095,25.220770603161633,-0.017715173802827167,3.7601741948499416,-0.054029439018954406,17.52129401862115,-0.003954363777358694,1.1883420986165794,17.575323457640103,1.192296462393938,11.327406066803231,7.5495166981504624,65.45258871625259,76.96231153320348,NA
stagnation1,First long wage stagnation,Dec 1982 to Aug 1996,13.666666666666666,all,p90,43.37867213940119,28.94847765197005,46.76638693121083,36.48917649387844,3.3877147918096426,7.540698841908387,7.8096323025355074,26.048688751669857,0.551737142308828,1.708315915477776,18.23905644913435,1.156578773168948,14.430194487431137,10.277210437332393,66.73435636513162,78.02436512264835,NA
stagnation1,First long wage stagnation,Dec 1982 to Aug 1996,13.666666666666666,bottom,p10,9.613580614743741,9.087165571280687,9.134774807631484,8.072234732978469,-0.4788058071122574,-1.0149308383022184,-4.980514818567638,-11.168838405562154,-0.3731183350949352,-0.8628365890112177,-6.188323586994516,-0.48971825391628254,0.5264150434630537,1.0625400746530147,94.52425621047246,88.36818534633898,NA
stagnation1,First long wage stagnation,Dec 1982 to Aug 1996,13.666666666666666,bottom,p25,11.751186665342955,9.899938086532652,11.238890408535726,9.546093321776238,-0.5122962568072289,-0.35384476475641335,-4.359527862135937,-3.5742118957063473,-0.32562070307097235,-0.26596161100727045,0.7853159664295895,0.0596590920637019,1.8512485788103028,1.6927970867594873,84.24628395811229,84.93804080984863,NA
stagnation1,First long wage stagnation,Dec 1982 to Aug 1996,13.666666666666666,bottom,p50,17.98388115388217,12.199359090327933,16.308362732603428,12.972934974071544,-1.675518421278742,0.7735758837436109,-9.316778769509659,6.341119054007738,-0.7130396590209087,0.4508805828317808,15.657897823517397,1.1639202418526895,5.7845220635542365,3.3354277585318837,67.83496279775217,79.5477460661103,NA
stagnation1,First long wage stagnation,Dec 1982 to Aug 1996,13.666666666666666,bottom,p75,26.888846744783194,16.706111239507216,23.85236058910752,17.74678747357484,-3.036486155675675,1.0406762340676252,-11.292734807471039,6.229314645089845,-0.8729604949965664,0.443149140168142,17.522049452560886,1.3161096351647084,10.182735505275978,6.105573115532678,62.13026314618135,74.40264625916788,NA
stagnation1,First long wage stagnation,Dec 1982 to Aug 1996,13.666666666666666,bottom,p90,34.66581752348761,22.44552571010441,32.86342420262625,24.408176490848412,-1.8023933208613627,1.9626507807440028,-5.1993388577671995,8.744062429602462,-0.38992417479846164,0.615252394970911,13.94340128736966,1.0051765697693726,12.220291813383202,8.455247711777837,64.74829475721027,74.27155594120305,NA
stagnation1,First long wage stagnation,Dec 1982 to Aug 1996,13.666666666666666,middle,p10,11.042432407292841,9.613580614743741,10.381868777099228,9.336953159624592,-0.6605636301936126,-0.276627455119149,-5.982048210296053,-2.877465391977918,-0.4503325493841803,-0.21340680214898544,3.104582818318135,0.23692574723519488,1.4288517925491,1.0449156174746363,87.06035282945965,89.9351875860774,NA
stagnation1,First long wage stagnation,Dec 1982 to Aug 1996,13.666666666666666,middle,p25,14.828621688675755,11.291338261109058,14.035394288486271,11.390362838206702,-0.7932274001894832,0.09902457709764434,-5.349299596706625,0.8769959309315567,-0.4014620395177637,0.06391109678423046,6.2262955276381815,0.4653731363019942,3.537283427566697,2.6450314502795695,76.14556833513373,81.15456255867794,NA
stagnation1,First long wage stagnation,Dec 1982 to Aug 1996,13.666666666666666,middle,p50,22.318583156977603,14.396573223449066,20.561531575522714,15.814494517795936,-1.7570515814548884,1.4179212943468702,-7.872594640514041,9.849019432189365,-0.5981870557183688,0.6897092214911416,17.721614072703407,1.2878962772095104,7.922009933528537,4.747037057726779,64.50487077154882,76.91301817527132,NA
stagnation1,First long wage stagnation,Dec 1982 to Aug 1996,13.666666666666666,middle,p75,30.70170868392728,19.974948160495316,29.543761496222892,22.356917818680834,-1.1579471877043872,2.3819696581855183,-3.771605025718283,11.924785181151897,-0.28091473662510413,0.827725633789167,15.69639020687018,1.108640370414271,10.726760523431963,7.186843677542058,65.06135657183292,75.67390435892572,NA
stagnation1,First long wage stagnation,Dec 1982 to Aug 1996,13.666666666666666,middle,p90,38.77473738903388,26.360333640279737,39.07158684924873,30.816360999193233,0.29684946021485104,4.456027358913495,0.7655743925136349,16.90429043775261,0.055819871784223984,1.1493750136678083,16.138716045238976,1.0935551418835843,12.414403748754143,8.2552258500555,67.9832680123705,78.87153679755336,NA
stagnation1,First long wage stagnation,Dec 1982 to Aug 1996,13.666666666666666,top,p10,12.725637811301983,10.164611768366555,13.3599947375549,11.140087901697076,0.6343569262529165,0.9754761333305204,4.984873337268225,9.596786926642054,0.3565812461070017,0.6727740376788471,4.611913589373828,0.31619279157184543,2.5610260429354277,2.219906835857824,79.87506731756179,83.3839243243287,NA
stagnation1,First long wage stagnation,Dec 1982 to Aug 1996,13.666666666666666,top,p25,19.358065002534467,13.847926246709553,19.7847836170476,15.951876697519667,0.42671861451313475,2.103950450810114,2.2043453953546788,15.193252862030793,0.1596688675759239,1.0403080510677176,12.988907466676114,0.8806391834917937,5.510138755824913,3.832906919527934,71.53569452781828,80.62699601007867,NA
stagnation1,First long wage stagnation,Dec 1982 to Aug 1996,13.666666666666666,top,p50,28.734795749928363,19.30189521992938,30.890202994180033,23.82331798254554,2.15540724425167,4.521422762616158,7.501035549407176,23.424760683333034,0.5306490386197016,1.5518811543957067,15.923725133925858,1.0212321157760051,9.432900529998982,7.0668850116344935,67.17255061740782,77.12256856011612,NA
stagnation1,First long wage stagnation,Dec 1982 to Aug 1996,13.666666666666666,top,p75,39.782130270240714,26.929788182618417,45.71262887467475,35.04341693391463,5.930498604434035,8.113628751296211,14.907443528408493,30.128824988430768,1.021943459146879,1.945672074134741,15.221381460022275,0.9237286149878621,12.852342087622297,10.669211940760121,67.69317781547618,76.66025296858179,NA
stagnation1,First long wage stagnation,Dec 1982 to Aug 1996,13.666666666666666,top,p90,54.97359376671558,34.54970475648664,64.53345940483584,47.09723343016888,9.559865638120257,12.547528673682237,17.389923021384114,36.317325320490504,1.1800612300816082,2.292831274700191,18.92740229910639,1.1127700446185829,20.42388901022894,17.43622597466696,62.8478190876529,72.98110757508783,NA
itboom,Late-1990s IT boom,Sep 1996 to Feb 2001,4.416666666666667,all,p10,9.893683931886276,9.26105555533261,11.549207522764686,10.359538054836287,1.6555235908784098,1.0984824995036764,16.73313603179536,11.861309900804539,3.5651814681568306,2.570356337805446,-4.871826130990822,-0.9948251303513844,0.6326283765536651,1.1896694679283986,93.60573492230965,89.69912467514817,NA
itboom,Late-1990s IT boom,Sep 1996 to Feb 2001,4.416666666666667,all,p25,13.956902046106686,11.401654883325607,15.666806314278391,13.119720221389242,1.7099042681717052,1.718065338063635,12.251316678465107,15.068561148752412,2.6512165046348457,3.228950743719139,2.8172444702873047,0.5777342390842932,2.555247162781079,2.547086092889149,81.69187435478297,83.74214857965156,NA
itboom,Late-1990s IT boom,Sep 1996 to Feb 2001,4.416666666666667,all,p50,21.564217370839913,16.6790252202858,23.805063629573667,18.571143487759393,2.240846258733754,1.8921182674735917,10.39150283174164,11.34429765818874,2.26364734986777,2.4628272418697916,0.9527948264471,0.19917989200202157,4.885192150554111,5.233920141814274,77.34584072056292,78.0134167114259,NA
itboom,Late-1990s IT boom,Sep 1996 to Feb 2001,4.416666666666667,all,p75,32.784098826740575,25.211408340504725,36.14865521367575,28.04395243858538,3.3645563869351776,2.8325440980806533,10.262769169640418,11.23516806290381,2.2366339581219696,2.440080930448163,0.9723988932633922,0.20344697232619335,7.5726904862358495,8.104702775090374,76.90133095847328,77.57951789026939,NA
itboom,Late-1990s IT boom,Sep 1996 to Feb 2001,4.416666666666667,all,p90,46.71661534657106,36.531520295114106,53.121147013435994,40.90095939756941,6.4045316668649335,4.369439102455303,13.709322945064372,11.960737103623064,2.9515935464912157,2.5909912822950076,-1.748585841441308,-0.3606022641962081,10.185095051456955,12.220187615866585,78.19813148727067,76.99562546573831,NA
itboom,Late-1990s IT boom,Sep 1996 to Feb 2001,4.416666666666667,bottom,p10,9.149226586173956,8.073157818303411,10.325544270868766,9.373453980519002,1.1763176846948102,1.3002961622155915,12.857017733853349,16.106413270747268,2.776366801356289,3.4390265276978527,3.2493955368939194,0.6626597263415634,1.0760687678705452,0.9520902903497639,88.2386914594872,90.77927259451228,NA
itboom,Late-1990s IT boom,Sep 1996 to Feb 2001,4.416666666666667,bottom,p25,11.218448882223417,9.537298679576006,12.695712103255097,11.041241973162267,1.4772632210316807,1.5039432935862607,13.168159310976858,15.76906988146376,2.840453146657551,3.370903423924254,2.600910570486903,0.530450277266703,1.6811502026474106,1.6544701300928306,85.0144149133546,86.96827624447599,NA
itboom,Late-1990s IT boom,Sep 1996 to Feb 2001,4.416666666666667,bottom,p50,16.340673210740427,12.949086526707182,17.541006059942116,14.090410852772404,1.2003328492016898,1.141324326065222,7.345675626220416,8.813936980892567,1.6178700395077072,1.9309166790401067,1.4682613546721512,0.3130466395323994,3.3915866840332445,3.4505952071697124,79.24451067411339,80.32840764447522,NA
itboom,Late-1990s IT boom,Sep 1996 to Feb 2001,4.416666666666667,bottom,p75,23.836329644893798,17.754331946208286,25.667576834168724,19.227681707982942,1.8312471892749258,1.4733497617746565,7.682588790121114,8.298536752825058,1.6899944576947323,1.821402956163154,0.6159479627039435,0.13140849846842162,6.081997698685512,6.439895126185782,74.48433635004542,74.91038921284934,NA
itboom,Late-1990s IT boom,Sep 1996 to Feb 2001,4.416666666666667,bottom,p90,32.82458989783412,24.459726275766236,35.10935229481529,26.122790252042385,2.284762396981165,1.663063976276149,6.960520768400902,6.799192916250463,1.5352034789261726,1.5005089191681087,-0.1613278521504391,-0.0346945597580639,8.364863622067887,8.986562042772903,74.51647180329334,74.40407909746607,NA
itboom,Late-1990s IT boom,Sep 1996 to Feb 2001,4.416666666666667,middle,p10,10.362960365260342,9.319918554364335,12.051942415065739,10.431675775192273,1.6889820498053965,1.111757220827938,16.298258318803917,11.928829789047079,3.477699433739123,2.584370840286798,-4.3694285297568385,-0.893328593452325,1.043041810896007,1.6202666398734653,89.93490494866133,86.55597094582842,NA
itboom,Late-1990s IT boom,Sep 1996 to Feb 2001,4.416666666666667,middle,p25,14.009842380595884,11.431531311079032,15.865056851516982,13.18293458562132,1.8552144709210978,1.7514032745422874,13.242222292883433,15.32081071977549,2.8556879338539343,3.280143995848439,2.0785884268920576,0.4244560619945048,2.578311069516852,2.6821222658956625,81.59643057021182,83.09415282278547,NA
itboom,Late-1990s IT boom,Sep 1996 to Feb 2001,4.416666666666667,middle,p50,20.538367436587752,15.847145688038138,22.591300663481096,17.5291562828907,2.0529332268933445,1.6820105948525619,9.995600834544316,10.613965618566823,2.180493568427133,2.3102714146677084,0.618364784022507,0.1297778462405752,4.691221748549614,5.0621443805903965,77.15874076635463,77.59250582338817,NA
itboom,Late-1990s IT boom,Sep 1996 to Feb 2001,4.416666666666667,middle,p75,29.5892148623103,22.393047265037016,32.619016475304,24.74762431843166,3.029801612993701,2.354577053394646,10.239547169779616,10.514768381125705,2.2317584708997806,2.289490487218737,0.27522121134608923,0.057732016318956525,7.196167597273284,7.871392156872339,75.6797615930002,75.86870173467123,NA
itboom,Late-1990s IT boom,Sep 1996 to Feb 2001,4.416666666666667,middle,p90,39.06384374451004,30.837159300815184,43.13610655438154,33.53676724963905,4.0722628098715035,2.6996079488238642,10.424634187320114,8.754398946054987,2.2705956697633756,1.9182863922933446,-1.670235241265127,-0.35230927747003093,8.226684443694854,9.599339304742493,78.94041227099927,77.746393748725,NA
itboom,Late-1990s IT boom,Sep 1996 to Feb 2001,4.416666666666667,top,p10,13.373800809417926,11.119646375384766,16.165299700304086,13.461593562933192,2.79149889088616,2.341947187548426,20.87289118976834,21.0613459141356,4.385579841271636,4.422406495379949,0.1884547243672614,0.03682665410831287,2.2541544340331594,2.7037061373708937,83.14499769993756,83.27463030382273,NA
itboom,Late-1990s IT boom,Sep 1996 to Feb 2001,4.416666666666667,top,p25,19.841840893717674,15.946403515093387,23.95728782631043,18.846641588772837,4.115446932592757,2.90023807367945,20.74125558529094,18.187411794354457,4.359830070646464,3.8559111135451296,-2.553843790936483,-0.5039189571013347,3.895437378624287,5.110646237537594,80.36756065382188,78.66767609677015,NA
itboom,Late-1990s IT boom,Sep 1996 to Feb 2001,4.416666666666667,top,p50,30.973825702642255,23.79085712871232,35.71148267873264,27.704066680401457,4.737656976090381,3.9132095516891354,15.295679072947799,16.44837565337831,3.275047495203953,3.5079262952323997,1.1526965804305114,0.23287880002844652,7.182968573929934,8.00741599833118,76.8095531921419,77.57747537292855,NA
itboom,Late-1990s IT boom,Sep 1996 to Feb 2001,4.416666666666667,top,p75,45.627770712211486,35.09005640986353,52.886999147621694,39.97206802340522,7.259228435410208,4.882011613541692,15.909671505093726,13.912806398821864,3.399315146442694,2.993277709525044,-1.996865106271862,-0.40603743691765004,10.537714302347958,12.914931124216473,76.9050423944387,75.58014004884743,NA
itboom,Late-1990s IT boom,Sep 1996 to Feb 2001,4.416666666666667,top,p90,64.48957549865885,47.28545477524943,73.61100540840201,54.55387342828069,9.121429909743156,7.2684186530312616,14.144037759921124,15.37136247833184,3.040576248869975,3.290392893806615,1.2273247184107152,0.24981664493664013,17.204120723409424,19.05713198012132,73.32263301412613,74.11102881370762,NA
stagnation2,Second long wage stagnation,Mar 2001 to Oct 2014,13.583333333333334,all,p10,11.56531460030688,10.394624561944717,11.859869796354875,10.694890044703174,0.2945551960479946,0.30026548275845677,2.5468844231887777,2.888661162979811,0.18532427688540132,0.20986844133548122,0.3417767397910332,0.024544164450079897,1.1706900383621637,1.1649797516517015,89.87757723139586,90.17712865608561,NA
stagnation2,Second long wage stagnation,Mar 2001 to Oct 2014,13.583333333333334,all,p25,15.675394653621398,13.16847560051184,15.70723289979885,13.279557408514675,0.031838246177452234,0.11108180800283485,0.2031096944031141,0.843543409067915,0.014938811842646338,0.06186001846291145,0.6404337146648009,0.04692120662026511,2.5069190531095575,2.427675491284175,84.00729864539393,84.54421917105931,NA
stagnation2,Second long wage stagnation,Mar 2001 to Oct 2014,13.583333333333334,all,p50,23.83577403701822,18.610876381042967,24.065920173465635,19.902751001993725,0.23014613644741644,1.2918746209507574,0.965549245810049,6.941503422518358,0.0707674290030269,0.49529717716816357,5.975954176708309,0.42452974816513667,5.224897655975251,4.16316917147191,78.07959729832685,82.70097656161057,NA
stagnation2,Second long wage stagnation,Mar 2001 to Oct 2014,13.583333333333334,all,p75,36.22778009256828,28.144933171313816,38.59647820425297,31.76243520386896,2.3686981116846866,3.6175020325551444,6.538347383229803,12.853119993342933,0.46735721634141303,0.894160179942638,6.314772610113129,0.42680296360122494,8.082846921254465,6.834043000384007,77.68881532182931,82.29360988788102,NA
stagnation2,Second long wage stagnation,Mar 2001 to Oct 2014,13.583333333333334,all,p90,53.250333666603936,41.03584427540113,59.72963715739827,47.69786434670062,6.4793034907943365,6.662020071299487,12.167629843149408,16.234636301349404,0.8489150056447237,1.1136947304835054,4.067006458199996,0.26477972483878176,12.214489391202804,12.031772810697653,77.06213548317511,79.85627674417009,NA
stagnation2,Second long wage stagnation,Mar 2001 to Oct 2014,13.583333333333334,bottom,p10,10.307499299190717,9.400451586532807,10.69636532341712,10.027101518318803,0.38886602422640415,0.6266499317859964,3.772651473834543,6.666168385822457,0.2730022325424297,0.47622619595935056,2.8935169119879145,0.20322396341692084,0.90704771265791,0.6692638050983177,91.20011860947567,93.74307267130149,NA
stagnation2,Second long wage stagnation,Mar 2001 to Oct 2014,13.583333333333334,bottom,p25,12.709563559337536,11.093756721384459,13.246387186958097,11.572837573710343,0.5368236276205618,0.47908085232588427,4.223777040921006,4.3184726721328115,0.3050294528587516,0.3117359660662622,0.09469563121180524,0.006706513207510589,1.6158068379530768,1.6735496132477543,87.28668509812073,87.36599202765665,NA
stagnation2,Second long wage stagnation,Mar 2001 to Oct 2014,13.583333333333334,bottom,p50,17.52162784620339,14.140514948003974,18.45231831918511,14.625470603755009,0.9306904729817198,0.48495565575103505,5.3116667078588975,3.4295473505332907,0.38173797504323925,0.24855742131677516,-1.8821193573256068,-0.1331805537264641,3.381112898199417,3.8268477154301017,80.70320333317638,79.26088392128332,NA
stagnation2,Second long wage stagnation,Mar 2001 to Oct 2014,13.583333333333334,bottom,p75,25.622464404973602,19.237386216138617,26.322435203431514,20.182827406251565,0.6999707984579118,0.9454411901129482,2.731863677882762,4.914603156013997,0.19861766575011153,0.3538259390607701,2.182739478131235,0.15520827331065856,6.385078188834985,6.1396077971799485,75.08015588229065,76.67538071713227,NA
stagnation2,Second long wage stagnation,Mar 2001 to Oct 2014,13.583333333333334,bottom,p90,35.048676077547846,26.24129080492432,36.63071460878739,28.41286340963572,1.5820385312395473,2.1715726047114003,4.513832498948522,8.275403145579618,0.3255538964308524,0.5870501018349739,3.761570646631096,0.26149620540412144,8.807385272623527,8.217851199151674,74.87099012488655,77.5656814590773,NA
stagnation2,Second long wage stagnation,Mar 2001 to Oct 2014,13.583333333333334,middle,p10,12.042103510677453,10.449286600374306,11.542347701762928,10.624581912761672,-0.4997558089145251,0.17529531238736595,-4.150070695467811,1.6775816291715762,-0.31156115232275905,0.12255348806764488,5.827652324639387,0.4341146403904039,1.5928169103031475,0.9177657890012565,86.77293457168147,92.04870783037421,NA
stagnation2,Second long wage stagnation,Mar 2001 to Oct 2014,13.583333333333334,middle,p25,15.925750195338185,13.231689964743918,14.735734266217863,13.14246398830363,-1.1900159291203227,-0.08922597644028762,-7.472275494241187,-0.6743354528259915,-0.5701124250911627,-0.049800064432026225,6.797940041415195,0.5203123606591364,2.6940602305942676,1.5932702779142325,83.08362119491943,89.18771030252049,NA
stagnation2,Second long wage stagnation,Mar 2001 to Oct 2014,13.583333333333334,middle,p50,22.60497380419824,17.556130605070077,21.7610779241893,17.594439567265667,-0.8438958800089402,0.03830896219558966,-3.7332309575700995,0.21820845981019854,-0.2797087284052924,0.016048212563402053,3.951439417380298,0.2957569409686944,5.048843199128164,4.1666383569236345,77.66490134931949,80.85279428050731,NA
stagnation2,Second long wage stagnation,Mar 2001 to Oct 2014,13.583333333333334,middle,p75,32.64866771809843,24.768514699775785,32.545338271585585,25.74402961577611,-0.10332944651284492,0.9755149160003249,-0.31648901390106676,3.9385281185599474,-0.023334030536492634,0.28479345006178214,4.255017132461014,0.30812748059827477,7.880153018322645,6.801308655809475,75.86378382614869,79.1020495806384,NA
stagnation2,Second long wage stagnation,Mar 2001 to Oct 2014,13.583333333333334,middle,p90,43.20948499264001,33.50574348058955,45.855406404476554,36.959642161890066,2.6459214118365466,3.4538986813005152,6.123473612997787,10.308377974962468,0.43850273690453356,0.7248946862878247,4.184904361964681,0.28639194938329116,9.703741512050456,8.895764242586488,77.54256614328237,80.60040256950366,NA
stagnation2,Second long wage stagnation,Mar 2001 to Oct 2014,13.583333333333334,top,p10,16.152494561531046,13.482358724837008,16.770753655947843,14.783899112230433,0.6182590944167963,1.301540387393425,3.8276384620444137,9.653654927573951,0.2769128750023553,0.6807603619721103,5.826016465529538,0.40384748696975503,2.6701358366940386,1.9868545437174099,83.4692045459451,88.15286072124277,NA
stagnation2,Second long wage stagnation,Mar 2001 to Oct 2014,13.583333333333334,top,p25,24.03585451731292,18.9705221626462,25.291339917636083,20.987490525119604,1.2554854003231632,2.0169683624734027,5.223385752392717,10.632118321154604,0.3755406028551622,0.7466281587630519,5.408732568761886,0.37108755590788967,5.065332354666719,4.303849392516479,78.92593187806915,82.98291270240162,NA
stagnation2,Second long wage stagnation,Mar 2001 to Oct 2014,13.583333333333334,top,p50,35.85851233183757,27.82041454577498,39.48446811607722,31.21518928065398,3.6259557842396504,3.3947747348790003,10.111841090017236,12.20245920237215,0.7116718474388994,0.8512200556874738,2.090618112354914,0.1395482082485744,8.038097786062586,8.269278835423236,77.58385035141062,79.05688178168427,NA
stagnation2,Second long wage stagnation,Mar 2001 to Oct 2014,13.583333333333334,top,p75,53.14311108139072,40.03983340910453,59.729898555422174,45.535013207389156,6.586787474031453,5.495179798284624,12.39443333293666,13.724282371851949,0.8639132577794584,0.9512945262411199,1.3298490389152882,0.0873812684616615,13.10327767228619,14.194885348033019,75.34341252205198,76.23487450784489,NA
stagnation2,Second long wage stagnation,Mar 2001 to Oct 2014,13.583333333333334,top,p90,74.10802471715999,54.975547036140846,98.86595837812824,64.32429104741792,24.75793366096825,9.34874401127707,33.407898477201556,17.005276919084068,2.144695736807356,1.1628975359440297,-16.402621558117488,-0.9817982008633264,19.132477681019147,34.541667330710325,74.18298793681252,65.06212259774964,Men end (10% imputed)
recovery,Nascent recovery,Nov 2014 to Jan 2020,5.166666666666667,all,p10,11.849118193577267,10.712839676921421,13.578046653783744,12.349344946256057,1.7289284602064772,1.636505269334636,14.591199378394503,15.27611089765626,2.6711985683855133,2.7896873425382607,0.6849115192617568,0.11848877415274739,1.136278516655846,1.2287017075276871,90.41043816010074,90.95082128632038,NA
recovery,Nascent recovery,Nov 2014 to Jan 2020,5.166666666666667,all,p25,15.715734822959634,13.26761118320622,18.267761440780845,15.60103015302143,2.5520266178212108,2.3334189698152095,16.238671920659222,17.58733307446323,2.9552531586589437,3.185380297145257,1.3486611538040094,0.2301271384863135,2.4481236397534136,2.666731287759415,84.42246788119084,85.40198099036799,NA
recovery,Nascent recovery,Nov 2014 to Jan 2020,5.166666666666667,all,p50,24.034108415762525,19.884831664031044,26.178311198300023,22.017315970238936,2.144202782537498,2.1324843062078926,8.921499168786484,10.72417580514533,1.667765700795698,1.991283238142172,1.8026766363588465,0.3235175373464738,4.149276751731481,4.160995228061086,82.73588235538531,84.10518082491397,NA
recovery,Nascent recovery,Nov 2014 to Jan 2020,5.166666666666667,all,p75,38.43366900518912,31.80295903432912,42.48622858817169,34.80699821177854,4.052559582982575,3.004039177449421,10.54429537402588,9.445785136555273,1.9591925702448165,1.7622992924973602,-1.0985102374706077,-0.19689327774745635,6.630709970859996,7.67923037639315,82.747652923886207,81.92536586188996,NA
recovery,Nascent recovery,Nov 2014 to Jan 2020,5.166666666666667,all,p90,59.747396335919255,47.773076638063195,68.2249923401272,53.317631243441454,8.477596004207946,5.544554605378259,14.189063497502307,11.606023717887659,2.6013632431849176,2.14799932047931,-2.583039779614648,-0.45336392270560744,11.97431969785606,14.907361096685747,79.95842424574863,78.14970645600522,NA
recovery,Nascent recovery,Nov 2014 to Jan 2020,5.166666666666667,bottom,p10,10.686509687537646,10.045648461802474,12.329588315092865,10.816872063089669,1.6430786275552194,0.7712236012871951,15.375259795734241,7.6771908176927806,2.806792895176513,1.4419277127666996,-7.69806897804146,-1.3648651824098135,0.640861225735172,1.5127162520031963,94.00308197462705,87.73100761076138,NA
recovery,Nascent recovery,Nov 2014 to Jan 2020,5.166666666666667,bottom,p25,13.234440961649645,11.617696507128178,15.26219082135797,13.035463516029887,2.027749859708326,1.4177670089017091,15.321764369075176,12.203512185327114,2.797565129814261,2.253614370760393,-3.118252183748062,-0.5439507590538684,1.6167444545214664,2.226727305328083,87.78380999086838,85.41017255391677,NA
recovery,Nascent recovery,Nov 2014 to Jan 2020,5.166666666666667,bottom,p50,18.563267145929103,14.61232975591571,20.304729419379733,16.455532775789365,1.7414622734506295,1.8432030198736555,9.381227236351709,12.614025625362357,1.7506786499327687,2.3259162178118187,3.2327983890106484,0.57523756787905,3.9509373900133937,3.8491966435903677,78.71636841212066,81.04285674490927,NA
recovery,Nascent recovery,Nov 2014 to Jan 2020,5.166666666666667,bottom,p75,26.384102090502942,20.164908068288884,28.41419485496988,21.456146961176827,2.0300927644669393,1.291238892887943,7.694378825185333,6.40339588216885,1.445061582327245,1.2085473301750138,-1.2909829430164832,-0.2365142521522312,6.219194022214058,6.958047893793054,76.42825213122306,75.51207088813206,NA
recovery,Nascent recovery,Nov 2014 to Jan 2020,5.166666666666667,bottom,p90,36.65003343656581,28.428438943920057,39.74383154128294,28.93347349455597,3.0937981047171235,0.5050345506359122,8.44146052437278,1.7765117234617822,1.580887948699039,0.34140394812274266,-6.664948800910997,-1.2394840005762964,8.221594492645757,10.810358046726968,77.56729333719227,72.799909753296,NA
recovery,Nascent recovery,Nov 2014 to Jan 2020,5.166666666666667,middle,p10,11.576203990194758,10.631528899993915,13.436753935716727,12.273125358053182,1.860549945521969,1.6415964580592668,16.07219384780958,15.440831450500081,2.926697287187574,2.8180990601029077,-0.6313623973094984,-0.10859822708466638,0.9446750902008425,1.1636285776635447,91.8395089530126,91.3399576770513,NA
recovery,Nascent recovery,Nov 2014 to Jan 2020,5.166666666666667,middle,p25,14.722593418378564,13.130517762995176,17.797232639959255,15.111715408550166,3.074639221580691,1.9811976455549907,20.883815332036182,15.08849598557691,3.7390398931214097,2.7572867960028224,-5.795319346459271,-0.9817530971185873,1.592075655383388,2.6855172314090883,89.18617386121686,84.91047857980219,NA
recovery,Nascent recovery,Nov 2014 to Jan 2020,5.166666666666667,middle,p50,21.796379877360376,17.578909474364675,24.964461663488162,20.293689635107008,3.168081786127786,2.7147801607423325,14.534898932544449,15.443393486389457,2.6614332858506673,2.8185407129183826,0.9084945538450082,0.1571074270677153,4.217470402995701,4.670772028381155,80.65059231521133,81.2903154438439,NA
recovery,Nascent recovery,Nov 2014 to Jan 2020,5.166666666666667,middle,p75,32.59891836473852,25.805693975095892,37.70999850277028,28.995814346583376,5.11108013803176,3.1901203714874846,15.678680135474355,12.362079371188962,2.8590666038891266,2.281567327487588,-3.3166007642853934,-0.5774992764015385,6.793224389642631,8.714184156186906,79.16119696477199,76.89158180277641,NA
recovery,Nascent recovery,Nov 2014 to Jan 2020,5.166666666666667,middle,p90,45.9265258161623,37.016964552160935,55.434126106115095,42.405445331364405,9.507600289952798,5.388480779203469,20.70176248038105,14.556787257935522,3.7087829534839356,2.665230264153773,-6.144975222445527,-1.0435526893301628,8.909561264001361,13.02868077475069,80.60040226063444,76.49700339857354,NA
recovery,Nascent recovery,Nov 2014 to Jan 2020,5.166666666666667,top,p10,16.812477173239877,14.7426543406607,18.364322560470594,16.62880506460482,1.551845387230717,1.8861507239441195,9.23031966818526,12.793834002755244,1.7234931805598652,2.3575181187438954,3.563514334569984,0.6340249381840302,2.0698228325791774,1.7355174958657749,87.68876941065129,90.54951528894675,NA
recovery,Nascent recovery,Nov 2014 to Jan 2020,5.166666666666667,top,p25,25.26834992643355,20.997941147868893,26.952936813991325,22.990891209961386,1.6845868875577743,1.9929500620924934,6.666786285856774,9.491168910599402,1.2569888932579154,1.7704652183215819,2.8243826247426282,0.5134763250636665,4.270408778564658,3.9620456040299388,83.09977188460047,85.30013396546371,NA
recovery,Nascent recovery,Nov 2014 to Jan 2020,5.166666666666667,top,p50,39.36307819126879,31.214330478632753,42.43342743159437,33.1474656016055,3.0703492403255765,1.9331351229727431,7.800074032336779,6.193101352265229,1.464324005735973,1.1698014427409698,-1.60697268007155,-0.29452256299500323,8.148747712636037,9.28596182998887,79.29849979455233,78.11639928224396,NA
recovery,Nascent recovery,Nov 2014 to Jan 2020,5.166666666666667,top,p75,59.822446059455345,45.642932787515804,66.33022432921217,49.440014554245295,6.507778269756827,3.797081766729491,10.878489093022004,8.31910119449657,2.018779240660229,1.5586936729959477,-2.5593878985254346,-0.4600855676642812,14.179513271939541,16.890209774966877,76.29733619075515,74.53617872429184,NA
recovery,Nascent recovery,Nov 2014 to Jan 2020,5.166666666666667,top,p90,98.96327460915255,64.48700206565742,131.4276114154581,71.05464086905029,32.46433680630555,6.567638803392867,32.80442864741575,10.184438092975734,5.644670235719151,1.894867433929348,-22.619990554440015,-3.7498028017898033,34.47627254349513,60.372970546407814,65.16255885867119,54.063708610238855,Men start (10% imputed); Men end (14% imputed)
covid_aftermath,COVID-19 aftermath,Feb 2020 to Aug 2026,6.5,all,p10,13.584618396380074,12.332054554117574,15.278986203602829,14.031541112296836,1.6943678072227542,1.6994865581792613,12.472693437411952,13.781049627386022,1.824760980060569,2.0061001107975596,1.30835618997407,0.18133913073699048,1.2525638422625,1.247445091305993,90.77954340921144,91.83555064005594,NA
covid_aftermath,COVID-19 aftermath,Feb 2020 to Aug 2026,6.5,all,p25,18.241825852573122,15.656622944497773,19.790607596442175,17.766092291343412,1.5487817438690534,2.109469346845639,8.490278091601166,13.47333556108261,1.2615898963115768,1.9636100200930429,4.9830574694814445,0.702020123781466,2.585202908075349,2.024515305098763,85.82815706624736,89.7703226379835,NA
covid_aftermath,COVID-19 aftermath,Feb 2020 to Aug 2026,6.5,all,p50,26.244366070603853,22.083280598043558,28.41157726283628,24.081437288946738,2.1672111922324255,1.9981566909031798,8.257814977896928,9.048278320931203,1.2281789592784031,1.3415423623905465,0.7904633430342756,0.11336340311214332,4.161085472560295,4.3301399738895405,84.14484289174315,84.7592411578164,NA
covid_aftermath,COVID-19 aftermath,Feb 2020 to Aug 2026,6.5,all,p75,42.53396288148984,34.94915008673603,45.6785664289411,37.71446721998563,3.1446035474512612,2.765317133249596,7.39315910020637,7.912401664666224,1.1033703923497118,1.1784218787457057,0.5192425644598542,0.0750514863959939,7.584812794753809,7.964099208955474,82.16763197944434,82.56490990945467,NA
covid_aftermath,COVID-19 aftermath,Feb 2020 to Aug 2026,6.5,all,p90,68.38779060066723,53.593327754746916,72.82181541585999,58.10278014988933,4.434024815192757,4.509452395142411,6.483649751289811,8.41420487225295,0.9711664934277442,1.2506628890139204,1.93055512096314,0.2794963955861762,14.794462845920314,14.71903526597066,78.3668068291477,79.78760185815833,NA
covid_aftermath,COVID-19 aftermath,Feb 2020 to Aug 2026,6.5,bottom,p10,12.322707296455231,10.802175229771958,13.95770571395219,11.813977441791453,1.6349984174969592,1.0118022120194947,13.268175394925485,9.36665246117152,1.9352266792259432,1.387005281177145,-3.9015229337539648,-0.5482213980487982,1.5205320666832733,2.143728272160738,87.66073047015674,84.64125611978008,NA
covid_aftermath,COVID-19 aftermath,Feb 2020 to Aug 2026,6.5,bottom,p25,15.261396578186565,13.058946098287878,17.13238024600887,14.842955697331632,1.8709836678223066,1.7840095990437543,12.259583572427069,13.661206544666339,1.795054929716633,1.989563388435478,1.4016229722392701,0.19450845871884503,2.202450479898687,2.289424548677239,85.56848668065743,86.63685654997892,NA
covid_aftermath,COVID-19 aftermath,Feb 2020 to Aug 2026,6.5,bottom,p50,20.32942574635375,16.50982878785532,21.868423498698828,18.223457253832414,1.5389977523450789,1.713628465977095,7.570296237320484,10.379444196523991,1.1290082904120924,1.5308881107529482,2.809147959203507,0.4018798203408558,3.8195969584984297,3.6449662448664135,81.21148621631131,83.33228618385185,NA
covid_aftermath,COVID-19 aftermath,Feb 2020 to Aug 2026,6.5,bottom,p75,28.476791648846017,21.5442634530887,29.523593044084446,22.99284992552863,1.046801395238429,1.4485864724399313,3.6759808062185595,6.723768838021038,0.5569340741673701,1.006162123525245,3.0477880318024786,0.44922804935787486,6.9325281957573175,6.530743118555815,75.65551526575064,77.87957885476828,NA
covid_aftermath,COVID-19 aftermath,Feb 2020 to Aug 2026,6.5,bottom,p90,39.68677324722594,29.038124157375535,40.82930421535744,30.15659412642102,1.1425309681314957,1.118469969045485,2.87887090495913,3.8517294126294344,0.43760238069789903,0.5831400988900448,0.9728585076703045,0.14553771819214578,10.648649089850409,10.67271008893642,73.16826685929993,73.86017152620981,NA
covid_aftermath,COVID-19 aftermath,Feb 2020 to Aug 2026,6.5,middle,p10,13.472847656580234,12.255834965914701,15.836683091803822,14.417429637206773,2.3638354352235886,2.1615946712920717,17.545180465757547,17.637269735630312,2.518145784702508,2.5304980805660238,0.09208926987276556,0.012352295863515828,1.2170126906655323,1.4192534545970492,90.96692309089434,91.03818996459192,NA
covid_aftermath,COVID-19 aftermath,Feb 2020 to Aug 2026,6.5,middle,p25,17.831359136851432,15.193331633778632,20.097336250899158,17.737372747538334,2.2659771140477254,2.544041113759702,12.707820512485291,16.74445852352524,1.857480867368988,2.4103952611807644,4.036638011039948,0.5529143938117764,2.6380275030728004,2.3599635033608237,85.20568464340509,88.25733184786995,NA
covid_aftermath,COVID-19 aftermath,Feb 2020 to Aug 2026,6.5,middle,p50,24.981121169389155,20.368389703480076,28.716913666863682,23.310408985437718,3.7357924974745274,2.9420192819576414,14.95446290077731,14.444044545431002,2.1672413872217744,2.0973190296828648,-0.5104183553463084,-0.06992235753890963,4.612731465909079,5.4065046814259645,81.53513033049401,81.17309978312709,NA
covid_aftermath,COVID-19 aftermath,Feb 2020 to Aug 2026,6.5,middle,p75,37.8925108856888,29.15557114950373,43.35329494004153,34.113802251955505,5.460784054352729,4.9582311024517765,14.411248889856898,17.006118923299418,2.0928173275018613,2.4456746428927367,2.59487003344252,0.3528573153908754,8.736939736185072,9.239492688086024,76.94283241735552,78.68791126288227,NA
covid_aftermath,COVID-19 aftermath,Feb 2020 to Aug 2026,6.5,middle,p90,55.64013432654,42.80218089437973,68.3247478697818,50.50997709613923,12.684613543241802,7.7077962017595,22.79759690873233,18.007952026509,3.2099382336440607,2.5801365488648864,-4.789644882223332,-0.6298016847791743,12.837953432160269,17.81477077364257,76.92681085775769,73.92632782546781,NA
covid_aftermath,COVID-19 aftermath,Feb 2020 to Aug 2026,6.5,top,p10,18.390433839767116,16.660083349517024,20.167950370352237,17.849270853962977,1.777516530585121,1.189187504445954,9.665440989986074,7.137944507825211,1.4295696812482328,1.066368986081323,-2.5274964821608625,-0.3632006951669098,1.7303504902500926,2.3186795163892597,90.59102952477164,88.50314745023461,NA
covid_aftermath,COVID-19 aftermath,Feb 2020 to Aug 2026,6.5,top,p25,27.064400887327636,23.037714594754956,28.704384429264504,23.86901495830196,1.6399835419368678,0.8313003635470047,6.059559747006094,3.608432425568231,0.9091949829354018,0.5468518766678088,-2.4511273214378626,-0.36234310626759303,4.0266862925726805,4.835369470962544,85.12183473287932,83.1545961806698,NA
covid_aftermath,COVID-19 aftermath,Feb 2020 to Aug 2026,6.5,top,p50,42.564918102520956,33.3511545731297,44.52192999897456,34.91591704492538,1.9570118964536007,1.5647624717956816,4.597710940591937,4.691779015819675,0.6939580601657669,0.70788465528977,0.09406807522773786,0.013926595124003072,9.213763529391258,9.606012954049177,78.35362091570532,78.42408683929375,NA
covid_aftermath,COVID-19 aftermath,Feb 2020 to Aug 2026,6.5,top,p75,66.45533746886099,49.571283060057276,69.49575335644343,51.599354725120364,3.0404158875824407,2.028071665063088,4.5751266992016815,4.091222861038335,0.6906129297190811,0.6187908272334619,-0.4839038381633465,-0.07182210248561915,16.884054408803713,17.896398631323066,74.59338098054941,74.24821263605489,NA
covid_aftermath,COVID-19 aftermath,Feb 2020 to Aug 2026,6.5,top,p90,131.2464720532417,71.60507836446612,104.94351979299287,73.93339755045301,-26.302952260248816,2.328319185986885,-20.040883270049893,3.2516118118548265,-3.382318082410596,0.49350074648917275,23.29249508190472,3.8758188288997686,59.641393688775565,31.010122242539865,54.55771667174313,70.45065545380113,Men start (14% imputed)
uncertainty,Age of economic uncertainty (overlaps),Jan 2024 to Aug 2026,2.5833333333333335,all,p10,15.623998556211946,13.776689469263854,15.278986203602829,14.031541112296836,-0.34501235260911756,0.2548516430329819,-2.208220586860876,1.8498757891114659,-0.8606492544151578,0.712061398240782,4.058096375972342,1.5727106526559398,1.8473090869480924,1.247445091305993,88.17646404470756,91.83555064005594,NA
uncertainty,Age of economic uncertainty (overlaps),Jan 2024 to Aug 2026,2.5833333333333335,all,p25,19.35598164303541,17.162824815930623,19.790607596442175,17.766092291343412,0.4346259534067656,0.6032674754127889,2.245434829512516,3.5149661077518823,0.8632906243634553,1.3462465292847448,1.2695312782393664,0.4829559049212895,2.1931568271047865,2.024515305098763,88.6693588186269,89.7703226379835,NA
uncertainty,Age of economic uncertainty (overlaps),Jan 2024 to Aug 2026,2.5833333333333335,all,p50,27.278594656072187,23.40886282773681,28.41157726283628,24.081437288946738,1.1329826067640916,0.6725744612099263,4.1533760116630125,2.873161614723996,1.587739682141831,1.102547399718179,-1.2802143969390167,-0.4851922824236521,3.869731828335375,4.3301399738895405,85.81403522752967,84.7592411578164,NA
uncertainty,Age of economic uncertainty (overlaps),Jan 2024 to Aug 2026,2.5833333333333335,all,p75,44.119312660406514,36.62364528091188,45.6785664289411,37.71446721998563,1.5592537685345889,1.0908219390737486,3.534175114051341,2.978463587408875,1.3535260750415334,1.1425953129668764,-0.5557115266424661,-0.210930762074657,7.495667379494634,7.964099208955474,83.01046202330939,82.56490990945467,NA
uncertainty,Age of economic uncertainty (overlaps),Jan 2024 to Aug 2026,2.5833333333333335,all,p90,72.202901449351,57.337734327448864,72.82181541585999,58.10278014988933,0.618913966508984,0.765045822440463,0.8571871131011877,1.334279827088003,0.3309467298231894,0.5143985265367634,0.4770927139868153,0.18345179671357403,14.86516712190214,14.71903526597066,79.41195322693537,79.78760185815833,NA
uncertainty,Age of economic uncertainty (overlaps),Jan 2024 to Aug 2026,2.5833333333333335,bottom,p10,13.554979146595402,11.751364754132053,13.95770571395219,11.813977441791453,0.4027265673567886,0.06261268765939931,2.9710600289484024,0.5328120517864354,1.1397804496176445,0.20591402083807164,-2.438247977161967,-0.9338664287795728,1.8036143924633485,2.143728272160738,86.69408213057737,84.64125611978008,NA
uncertainty,Age of economic uncertainty (overlaps),Jan 2024 to Aug 2026,2.5833333333333335,bottom,p25,16.55536956860881,14.996405388364689,17.13238024600887,14.842955697331632,0.577010677400061,-0.15344969103305672,3.4853385483713417,-1.0232431510028062,1.3350170905372938,-0.39734305210195053,-4.508581699374147,-1.7323601426392443,1.5589641802441214,2.289424548677239,90.58333204955977,86.63685654997892,NA
uncertainty,Age of economic uncertainty (overlaps),Jan 2024 to Aug 2026,2.5833333333333335,bottom,p50,21.16036493884728,17.898661784834456,21.868423498698828,18.223457253832414,0.7080585598515476,0.32479546899795864,3.3461547657510193,1.8146354900854034,1.2822372587729225,0.6985709563874343,-1.531519275665616,-0.5836663023854882,3.2617031540128245,3.6449662448664135,84.58578969011624,83.33228618385185,NA
uncertainty,Age of economic uncertainty (overlaps),Jan 2024 to Aug 2026,2.5833333333333335,bottom,p75,28.39407780565105,22.248208369473836,29.523593044084446,22.99284992552863,1.1295152384333953,0.7446415560547948,3.977995855912586,3.3469731300993066,1.5214887183626846,1.2825477177078826,-0.6310227258132795,-0.23894100065480206,6.145869436177215,6.530743118555815,78.3551010945175,77.87957885476828,NA
uncertainty,Age of economic uncertainty (overlaps),Jan 2024 to Aug 2026,2.5833333333333335,bottom,p90,39.318480313459915,29.689824468232178,40.82930421535744,30.15659412642102,1.510823901897524,0.4667696581888414,3.842528729118566,1.5721536470795883,1.4702682565264524,0.6056680861911135,-2.270375082038978,-0.864600170335339,9.628655845227737,10.67271008893642,75.51111902478195,73.86017152620981,NA
uncertainty,Age of economic uncertainty (overlaps),Jan 2024 to Aug 2026,2.5833333333333335,middle,p10,15.85642133160099,13.650172375898793,15.836683091803822,14.417429637206773,-0.019738239797167267,0.7672572613079804,-0.12448105019655653,5.620861335514538,-0.048204607087776186,2.139430994199154,5.745342385711094,2.1876356012869302,2.206248955702197,1.4192534545970492,86.08608519183794,91.03818996459192,NA
uncertainty,Age of economic uncertainty (overlaps),Jan 2024 to Aug 2026,2.5833333333333335,middle,p25,19.591676483736258,16.972700865631786,20.097336250899158,17.737372747538334,0.5056597671629,0.7646718819065477,2.58099283939619,4.505304653397513,0.9912995143206427,1.7204769852362745,1.9243118140013227,0.7291774709156318,2.6189756181044714,2.3599635033608237,86.632202607681,88.25733184786995,NA
uncertainty,Age of economic uncertainty (overlaps),Jan 2024 to Aug 2026,2.5833333333333335,middle,p50,27.194404755905953,21.94270931117633,28.716913666863682,23.310408985437718,1.522508910957729,1.367699674261388,5.598610907734902,6.233048320814061,2.1311012879515756,2.3681897287397335,0.6344374130791586,0.23708844078815794,5.251695444729624,5.4065046814259645,80.68832360234293,81.17309978312709,NA
uncertainty,Age of economic uncertainty (overlaps),Jan 2024 to Aug 2026,2.5833333333333335,middle,p75,41.221032453012356,32.19123626369719,43.35329494004153,34.113802251955505,2.1322624870291733,1.922565988258313,5.172753713676936,5.972327289668078,1.9714689371485905,2.2708639380755846,0.7995735759911415,0.2993950009269941,9.029796189315164,9.239492688086024,78.09420178980675,78.68791126288227,NA
uncertainty,Age of economic uncertainty (overlaps),Jan 2024 to Aug 2026,2.5833333333333335,middle,p90,65.88550803597187,48.09883706713913,68.3247478697818,50.50997709613923,2.4392398338099355,2.4111400290001015,3.702240305224902,5.012886331606081,1.4171816657056358,1.9114404680992791,1.3106460263811792,0.4942588023936434,17.786670968832738,17.81477077364257,73.00366727213873,73.92632782546781,NA
uncertainty,Age of economic uncertainty (overlaps),Jan 2024 to Aug 2026,2.5833333333333335,top,p10,19.961437876687846,17.613047591122676,20.167950370352237,17.849270853962977,0.20651249366439117,0.23622326284030137,1.0345572044465179,1.3411833563622633,0.3992111023572109,0.5170491836363311,0.3066261519157454,0.11783808127912021,2.34839028556517,2.3186795163892597,88.23536510710103,88.50314745023461,NA
uncertainty,Age of economic uncertainty (overlaps),Jan 2024 to Aug 2026,2.5833333333333335,top,p25,28.148574727734164,23.702463960530437,28.704384429264504,23.86901495830196,0.5558097015303396,0.16655099777152316,1.9745571735207967,0.7026737728569765,0.7597680900187642,0.2714192349013933,-1.2718834006638202,-0.4883488551173709,4.446110767203727,4.835369470962544,84.20484585735322,83.1545961806698,NA
uncertainty,Age of economic uncertainty (overlaps),Jan 2024 to Aug 2026,2.5833333333333335,top,p50,43.68624679733341,34.724397009295586,44.52192999897456,34.91591704492538,0.835683201641146,0.19152003562979303,1.912920570901866,0.5515431573326568,0.7361886200494494,0.2131407818195541,-1.3613774135692092,-0.5230478382298953,8.961849788037824,9.606012954049177,79.48587840559273,78.42408683929375,NA
uncertainty,Age of economic uncertainty (overlaps),Jan 2024 to Aug 2026,2.5833333333333335,top,p75,69.24144633797236,51.280652965264615,69.49575335644343,51.599354725120364,0.2543070184710672,0.3187017598557489,0.36727571695971406,0.621485377870723,0.14201154357289525,0.24011832218544527,0.25420966091100894,0.09810677861255002,17.960793372707748,17.896398631323066,74.0606322908972,74.24821263605489,NA
uncertainty,Age of economic uncertainty (overlaps),Jan 2024 to Aug 2026,2.5833333333333335,top,p90,157.40004209640986,78.20046881345547,104.94351979299287,73.93339755045301,-52.45652230341699,-4.267071263002464,-33.326879462514114,-5.4565801557806655,-14.522479532378762,-2.1486193476132565,27.87029930673345,12.373860184765505,79.19957328295439,31.010122242539865,49.68262255327513,70.45065545380113,Men start (16% imputed)
