"YEAR","n_obs_int","earnwt_pop_num","at_or_below_federal_share","at_or_below_state_general_share"
1982,102572,50846486.5175,0.127753619667788,0.128013700158543
1983,102228,51819746.0066667,0.122309612536849,0.122610308288966
1984,104580,54142547.8591667,0.110128748259929,0.110395213801426
1985,106495,55761543.5108333,0.0993141499587572,0.0997530586903381
1986,106189,57526637.2216667,0.0879601426292687,0.0884402379903142
1987,108124,59552193.385,0.0788837404436658,0.0799078949407532
1988,104192,60878159.7258333,0.0645024471039273,0.0730279509929641
1989,106594,62389229.135,0.0506783943933402,0.0659483273722933
1990,110917,63168576.3033333,0.0510393528371564,0.0638224079797821
1991,108084,62622159.9033333,0.0842789704924524,0.0883226226047007
1992,107001,63605584.1225,0.0773022133381216,0.0811497161956592
1993,105594,64266495.0533333,0.0672767031599474,0.0715242429384919
1994,104754,66469175.6181167,0.0608996002020025,0.0650288562368132
1995,104885,68275550.8950167,0.0526446923360381,0.0567181810522891
1996,93915,69206588.672275,0.0531040422998864,0.0569690035263381
1997,95500,70686609.9442417,0.0665696035370557,0.0761678101885962
1998,95939,71378210.3014,0.061150539791638,0.0730744286630617
1999,96883,72233874.5310833,0.0452386788231953,0.0594139182957466
2000,97272,73587986.7038167,0.0363302328082718,0.051244321350794
2001,107046,73278456.0469917,0.0300506211304389,0.0468008734236169
2002,110710,72675787.0189,0.0292258658110249,0.0472145701334611
2003,108869,72913315.2022,0.028350714216955,0.0441121503929772
2004,107382,73896546.1573167,0.0265370848591526,0.0424409843565624
2005,108607,75569819.2057417,0.0243805940950522,0.046507777376681
2006,107571,76475297.85455,0.0216304844803763,0.0463585900420576
2007,104873,75806247.1659167,0.0225397058488503,0.0635151431213197
2008,102982,75262831.555175,0.0310409793896161,0.072153626523059
2009,99978,72583253.6039917,0.053060987518153,0.0841940883859597
2010,99582,72861467.1492583,0.0592829440099414,0.0832680097107646
2011,98861,73952056.318075,0.0517523654631572,0.0765955529004522
2012,98309,75325228.9603333,0.0469747765683969,0.0739237269621485
2013,97555,75989242.0147,0.0435106408408056,0.0694230929508348
2014,98272,77226565.4402083,0.0384660608258128,0.0780158764316626
2015,97076,78238345.0804833,0.0322285979832668,0.0827915656928836
2016,97520,79878456.2811,0.0262815902301898,0.0885454364780145
2017,95936,80458558.7684667,0.0222807328361266,0.0932712911142295
2018,93699,81951446.3777,0.0204597623931982,0.092853495696658
2019,89845,82320632.8883,0.0190915276061372,0.0958654878776443
2020,74065,73344251.9923667,0.014781263574063,0.0901314553744853
2021,74990,76159857.93325,0.0140959279669469,0.0891263682414453
2022,72107,78752238.8270833,0.0123232105567719,0.0827363868023676
2023,70165,80530317.7455667,0.0099944806172411,0.0753904151650086
2024,69900,80287117.01225,0.00912996028216862,0.0683035705528773
2025,61042,81556148.1465545,0.00972829552070402,0.0693855040732113
2026,42207,80610390.32435,0.00807250641070193,0.0761778575136743
