year_int,entry_1982_1986,entry_1987_1991,entry_1992_1996,entry_1997_2001,entry_2002_2006,entry_2007_2011,entry_2012_2016,entry_2017_2021,entry_2022_2026
1985,17.505364328331584,NA,NA,NA,NA,NA,NA,NA,NA
1986,17.640763556462375,NA,NA,NA,NA,NA,NA,NA,NA
1987,18.26002690377607,NA,NA,NA,NA,NA,NA,NA,NA
1988,18.534737753408848,NA,NA,NA,NA,NA,NA,NA,NA
1989,18.28053010762252,NA,NA,NA,NA,NA,NA,NA,NA
1990,18.98723886480095,17.0074506662169,NA,NA,NA,NA,NA,NA,NA
1991,19.35152331041557,17.156547695674565,NA,NA,NA,NA,NA,NA,NA
1992,20.016049613562704,17.53336715357194,NA,NA,NA,NA,NA,NA,NA
1993,19.843819999073116,17.73968083473991,NA,NA,NA,NA,NA,NA,NA
1994,19.58036095360039,17.533327266936624,NA,NA,NA,NA,NA,NA,NA
1995,20.72736207478253,18.624695149153855,16.576431242701517,NA,NA,NA,NA,NA,NA
1996,21.01471272558059,18.736143523920656,16.761558870862515,NA,NA,NA,NA,NA,NA
1997,21.910677734819195,19.958754474813198,17.819018295356507,NA,NA,NA,NA,NA,NA
1998,22.708068165747424,20.906212056562524,18.361051260385864,NA,NA,NA,NA,NA,NA
1999,23.38423514255307,21.979093083022963,19.678639073032144,NA,NA,NA,NA,NA,NA
2000,24.15236641426708,22.718386504319437,20.84329699212831,18.97746350242422,NA,NA,NA,NA,NA
2001,24.810920945936967,23.821994383510837,21.891860294295594,20.281017254013722,NA,NA,NA,NA,NA
2002,25.22253347819827,24.31121125492999,22.666051164316173,20.138484250682623,NA,NA,NA,NA,NA
2003,25.598486975557318,24.601011197221766,23.0813568717539,20.031517018287733,NA,NA,NA,NA,NA
2004,25.708353138368402,25.436318857439883,23.274037297120746,20.3865883885327,NA,NA,NA,NA,NA
2005,26.00089222131335,25.25689708141321,23.584149326805388,20.917031908929136,18.787753211612998,NA,NA,NA,NA
2006,25.86095216487952,25.556118376710142,24.144258443465496,21.528599133287045,19.03352852621472,NA,NA,NA,NA
2007,26.10995284333767,25.877638952952033,24.754119096291717,22.066755995327426,19.551413490477177,NA,NA,NA,NA
2008,26.26513721281321,26.086647486884413,25.559876617415224,22.681433050567428,20.413289745510685,NA,NA,NA,NA
2009,26.8866694034551,26.616434290963948,26.394012000629836,23.466078675546765,20.761080992185466,NA,NA,NA,NA
2010,27.03986217746314,26.195323925694854,26.129236320968797,23.926622693605648,21.159484746656126,19.338137460011737,NA,NA,NA
2011,26.498426702862787,26.168372146155424,26.097572711719423,23.937089338417465,20.990065034805063,18.735941095757212,NA,NA,NA
2012,26.23895430115145,26.166066342365056,25.969539350537367,24.467521327241357,21.613140681851643,18.976045905224538,NA,NA,NA
2013,25.86969940604017,25.92795582524272,26.646545107556996,24.787110151233083,22.038577066386775,19.06646955272353,NA,NA,NA
2014,26.445489824698655,26.214766268533776,26.381130370492073,25.435201019357496,22.51574953344263,19.78442566561592,NA,NA,NA
2015,26.92501948398212,26.57441190256647,26.459925433085466,26.05964868876794,23.71087821485705,20.63166176602536,18.45314808734198,NA,NA
2016,27.392185135917305,27.6657485861391,27.48316403981539,27.28440951571793,24.84650458539348,21.862282753266985,19.48236114902782,NA,NA
2017,27.833225203651196,27.69398345449988,27.73263812182436,27.302432118782594,25.751257943587998,22.638149191384997,20.38035282649133,NA,NA
2018,28.345437325470137,27.51686935862358,28.161721718795675,27.668817372744453,26.851168282295284,23.879197323105824,20.876910878215988,NA,NA
2019,NA,28.189638300746946,28.35123698365234,28.563992814886937,28.43100743862891,24.79299762598676,21.859684351783425,NA,NA
2020,NA,30.567929790494684,30.707940484614355,30.707940484614355,29.757417067503088,27.024279689786084,24.14613982928935,21.32190383139925,NA
2021,NA,29.548434812521503,29.858534861882053,30.006801817482273,29.112651711214824,27.42586154983166,24.366107887384484,22.358009197339733,NA
2022,NA,29.337300479610224,29.21636827107938,30.058647395296106,29.231086655977407,27.729433766805787,25.22530211480363,22.452261306532666,NA
2023,NA,29.870774852586997,29.59245152936824,29.65238700612225,30.001334601204483,28.871338311315338,26.460403739763574,23.3632131882734,NA
2024,NA,NA,30.722592603665284,30.833146642770277,29.941438091311582,30.183530504861352,26.999215851124895,24.26149786939299,NA
2025,NA,NA,30.36617654011631,31.350062478035074,31.25,30.545009234086066,27.57640931859744,25.240904196370327,22.827138824838997
2026,NA,NA,31.04745616545366,31.32070008610114,31.352951047244222,30.618116257074433,28.36052673870455,25.781807599792717,23.430182627926946
