"YEAR","group_var_chr","group_value_chr","n_obs_int","at_or_below_state_share","at_or_below_applicable_share"
1982,"age_bin","age_16_24",29934,0.252061227312754,0.172845275051453
1983,"age_bin","age_16_24",29174,0.252904629689858,0.176877622590224
1984,"age_bin","age_16_24",29744,0.229432998091736,0.156821774235664
1985,"age_bin","age_16_24",29341,0.216481479532354,0.146830855696767
1986,"age_bin","age_16_24",28469,0.193097850530901,0.12581303203823
1987,"age_bin","age_16_24",28130,0.17347409285876,0.114940146928475
1988,"age_bin","age_16_24",26378,0.162896132295605,0.10638320265999
1989,"age_bin","age_16_24",26220,0.143037346996407,0.0903443541013983
1990,"age_bin","age_16_24",26214,0.13624167125697,0.0840161643306247
1991,"age_bin","age_16_24",24628,0.192971983108925,0.141028547185211
1992,"age_bin","age_16_24",23819,0.183264084817501,0.137730045521136
1993,"age_bin","age_16_24",23296,0.165200660331822,0.119000784534721
1994,"age_bin","age_16_24",22705,0.154809637720538,0.111003715300135
1995,"age_bin","age_16_24",22420,0.136814715239418,0.0983267491704261
1996,"age_bin","age_16_24",19873,0.139403777065605,0.101296027702708
1997,"age_bin","age_16_24",20294,0.178274107790771,0.138139507076707
1998,"age_bin","age_16_24",20746,0.161441730927278,0.122961966010469
1999,"age_bin","age_16_24",20834,0.131305479210487,0.0999282310899215
2000,"age_bin","age_16_24",21238,0.118316148639248,0.0852393699638717
2001,"age_bin","age_16_24",22875,0.106292977360053,0.0787156937950721
2002,"age_bin","age_16_24",23024,0.109952154725315,0.0800125997869143
2003,"age_bin","age_16_24",22479,0.104256930261322,0.0717198074268573
2004,"age_bin","age_16_24",22243,0.0963664341636292,0.0655817819914089
2005,"age_bin","age_16_24",22380,0.112782825180065,0.0788653489083964
2006,"age_bin","age_16_24",22442,0.110209163184169,0.0774474270881528
2007,"age_bin","age_16_24",21310,0.151276116499085,0.108518255418859
2008,"age_bin","age_16_24",20455,0.175203622455795,0.126540765830653
2009,"age_bin","age_16_24",18825,0.203789264685927,0.143645357513635
2010,"age_bin","age_16_24",18068,0.20562103296641,0.149713725241427
2011,"age_bin","age_16_24",17791,0.191057435809406,0.136927311628784
2012,"age_bin","age_16_24",17661,0.184641724048882,0.132989505207844
2013,"age_bin","age_16_24",17671,0.171028054163216,0.123276862741054
2014,"age_bin","age_16_24",17737,0.191025804448657,0.141816481717856
2015,"age_bin","age_16_24",17632,0.190799900629914,0.14787665470181
2016,"age_bin","age_16_24",17686,0.200009797936136,0.154511485999254
2017,"age_bin","age_16_24",17289,0.198869327583232,0.156468481403843
2018,"age_bin","age_16_24",16775,0.192429518119991,0.148242513521424
2019,"age_bin","age_16_24",16000,0.188340454463205,0.145679980438309
2020,"age_bin","age_16_24",12888,0.18852430581365,0.156666097858919
2021,"age_bin","age_16_24",13603,0.173063010055505,0.141246939252663
2022,"age_bin","age_16_24",13057,0.158015699970232,0.12992111919549
2023,"age_bin","age_16_24",12861,0.142779477153866,0.11110657426021
2024,"age_bin","age_16_24",12726,0.139653511612445,0.111927600311767
2025,"age_bin","age_16_24",10985,0.146336023433733,0.118703114070805
2026,"age_bin","age_16_24",7431,0.160711101172161,0.133675526793258
1982,"age_bin","age_25_54",60243,0.0682264027015623,0.0486529259717121
1983,"age_bin","age_25_54",61105,0.0631186848312977,0.0451309692291802
1984,"age_bin","age_25_54",63092,0.0573092479149963,0.0393733980449414
1985,"age_bin","age_25_54",65417,0.0515775760190907,0.034933742689813
1986,"age_bin","age_25_54",66307,0.0464215607530721,0.0301917853500195
1987,"age_bin","age_25_54",68354,0.0439577930723497,0.0279314252638461
1988,"age_bin","age_25_54",66555,0.0387027414909028,0.0236007779411278
1989,"age_bin","age_25_54",69042,0.0377572272888438,0.0225829754749562
1990,"age_bin","age_25_54",72897,0.0377230490133788,0.0218381170683589
1991,"age_bin","age_25_54",72055,0.0515185239380888,0.0384347137810538
1992,"age_bin","age_25_54",71848,0.04670033285836,0.035696658945908
1993,"age_bin","age_25_54",71093,0.0402726564715786,0.0301455892923977
1994,"age_bin","age_25_54",71048,0.0361235521348276,0.0274514368116846
1995,"age_bin","age_25_54",71539,0.0308978724026449,0.0231061531292401
1996,"age_bin","age_25_54",64032,0.0314790116409337,0.0234198415662418
1997,"age_bin","age_25_54",65045,0.0438410314647673,0.0338485870856652
1998,"age_bin","age_25_54",64612,0.0446073916257306,0.0347080730346509
1999,"age_bin","age_25_54",65041,0.0362161137897344,0.0276795480668139
2000,"age_bin","age_25_54",64698,0.0303491550350675,0.0231159139143883
2001,"age_bin","age_25_54",71175,0.0287075754978949,0.0217187121578097
2002,"age_bin","age_25_54",73407,0.0286672062609616,0.0219660367207532
2003,"age_bin","age_25_54",71697,0.0274032716179036,0.0207374418904229
2004,"age_bin","age_25_54",69831,0.0268615347369242,0.019616223760591
2005,"age_bin","age_25_54",70276,0.0282858198431756,0.0207525406240919
2006,"age_bin","age_25_54",68878,0.0291122680413165,0.0221413403129869
2007,"age_bin","age_25_54",66632,0.0403585834632333,0.0307561382092789
2008,"age_bin","age_25_54",65139,0.0461544944230516,0.0357426703675183
2009,"age_bin","age_25_54",63379,0.0558010007684972,0.0420297418212045
2010,"age_bin","age_25_54",63290,0.0562159681325039,0.0431450599875002
2011,"age_bin","age_25_54",62199,0.0511739796284727,0.0383715900506096
2012,"age_bin","age_25_54",61231,0.0510046225328792,0.0387101375695633
2013,"age_bin","age_25_54",60097,0.0473657099972374,0.0352187975470913
2014,"age_bin","age_25_54",60295,0.0530710113285824,0.0409956861695068
2015,"age_bin","age_25_54",59277,0.0588638026008856,0.0468133675341822
2016,"age_bin","age_25_54",59072,0.063511509013438,0.0518636833056352
2017,"age_bin","age_25_54",57781,0.0695068476474247,0.0586088381450785
2018,"age_bin","age_25_54",56284,0.0691698820668823,0.0568831626822438
2019,"age_bin","age_25_54",53362,0.0739525391522118,0.0621936176031816
2020,"age_bin","age_25_54",43743,0.0661322744898322,0.057175195841042
2021,"age_bin","age_25_54",44129,0.0681878199486538,0.0574340308273859
2022,"age_bin","age_25_54",42099,0.0622053085589457,0.0529631569497835
2023,"age_bin","age_25_54",40759,0.0569163119398606,0.0476495739346137
2024,"age_bin","age_25_54",40737,0.049629274087162,0.0416526556170672
2025,"age_bin","age_25_54",35687,0.0487888004254588,0.0408680968948121
2026,"age_bin","age_25_54",24501,0.0526111622108349,0.0436839832079569
1982,"age_bin","age_55_plus",12395,0.112901901610943,0.0951572608406547
1983,"age_bin","age_55_plus",11949,0.0996949079343716,0.0854166361705632
1984,"age_bin","age_55_plus",11744,0.0883319782935899,0.0753957365118015
1985,"age_bin","age_55_plus",11737,0.0722104563331586,0.0613937892576508
1986,"age_bin","age_55_plus",11413,0.0665682497141554,0.0543134822448246
1987,"age_bin","age_55_plus",11640,0.0606830615765033,0.0481629200064124
1988,"age_bin","age_55_plus",11259,0.0596595225844347,0.0496739241400729
1989,"age_bin","age_55_plus",11332,0.0554783384071389,0.0449723862187057
1990,"age_bin","age_55_plus",11806,0.0525819234653967,0.04141574125006
1991,"age_bin","age_55_plus",11401,0.0808300117567779,0.0673788007588549
1992,"age_bin","age_55_plus",11334,0.0699699483499372,0.0578470857301789
1993,"age_bin","age_55_plus",11205,0.0593588265406132,0.05033118072813
1994,"age_bin","age_55_plus",11001,0.0531410684163046,0.0448203765163677
1995,"age_bin","age_55_plus",10926,0.0482324157408784,0.0409556555838342
1996,"age_bin","age_55_plus",10010,0.0457040899837984,0.0385215091384746
1997,"age_bin","age_55_plus",10161,0.0660909478965664,0.056609644367163
1998,"age_bin","age_55_plus",10581,0.061315344808625,0.0542798952473786
1999,"age_bin","age_55_plus",11008,0.0486666546921263,0.04117531365906
2000,"age_bin","age_55_plus",11336,0.0376614500731978,0.0313113742953248
2001,"age_bin","age_55_plus",12996,0.0342007418289518,0.0294382340627726
2002,"age_bin","age_55_plus",14279,0.0323495858824841,0.0269110387987261
2003,"age_bin","age_55_plus",14693,0.0273025056855716,0.0222655574200207
2004,"age_bin","age_55_plus",15308,0.0296848835096851,0.025476474267819
2005,"age_bin","age_55_plus",15951,0.0277035863187048,0.0237873866203013
2006,"age_bin","age_55_plus",16251,0.0262496543700183,0.0230822945426061
2007,"age_bin","age_55_plus",16931,0.0360104360494659,0.0302244710161181
2008,"age_bin","age_55_plus",17388,0.0404634788657005,0.0346631424673385
2009,"age_bin","age_55_plus",17774,0.050064063380648,0.0434035046139888
2010,"age_bin","age_55_plus",18224,0.0458140043690651,0.0403494722683664
2011,"age_bin","age_55_plus",18871,0.0400615261201601,0.0349981087710497
2012,"age_bin","age_55_plus",19417,0.0311622112976386,0.0267868174988965
2013,"age_bin","age_55_plus",19787,0.0333887672582999,0.0282592471155396
2014,"age_bin","age_55_plus",20240,0.0397659996509314,0.0335095364732725
2015,"age_bin","age_55_plus",20167,0.0464822737140813,0.0411198992704314
2016,"age_bin","age_55_plus",20762,0.0527256723407983,0.0470998590343958
2017,"age_bin","age_55_plus",20866,0.0594726111055263,0.0537721437716821
2018,"age_bin","age_55_plus",20640,0.0673032191968345,0.0603122163601582
2019,"age_bin","age_55_plus",20483,0.0721670153390693,0.0649254345393058
2020,"age_bin","age_55_plus",17434,0.0685102426871606,0.0629343606333299
2021,"age_bin","age_55_plus",17258,0.0685930702019347,0.0631126036372358
2022,"age_bin","age_55_plus",16951,0.0685984165094111,0.0633550325863905
2023,"age_bin","age_55_plus",16545,0.0606870872532804,0.0547597622840058
2024,"age_bin","age_55_plus",16437,0.0531882500469152,0.0472452323430005
2025,"age_bin","age_55_plus",14370,0.0546095133025758,0.0502680838594156
2026,"age_bin","age_55_plus",10275,0.061772410038899,0.0563947272222334
1982,"sex","female",50297,0.173252094631139,0.117091168816848
1983,"sex","female",50304,0.164217950892968,0.114149861140237
1984,"sex","female",51399,0.148256711730202,0.0998945229663651
1985,"sex","female",52659,0.132836903434846,0.0877977612907491
1986,"sex","female",53071,0.119588456838336,0.075869381583029
1987,"sex","female",54562,0.106233245666311,0.0666008543433384
1988,"sex","female",52682,0.0949517716055026,0.0588630357974403
1989,"sex","female",54036,0.0849633732576982,0.0510038083826068
1990,"sex","female",56558,0.0825626965600538,0.0487880651244926
1991,"sex","female",55380,0.113023660613366,0.0828991886230937
1992,"sex","female",54926,0.101003576419739,0.0754065089393856
1993,"sex","female",54509,0.0883125897810914,0.0638479347594686
1994,"sex","female",54022,0.0817865709177495,0.0599616881088164
1995,"sex","female",53904,0.0725044700774679,0.0520043633316874
1996,"sex","female",48282,0.0723806778899572,0.0524346375470008
1997,"sex","female",49165,0.093984070927619,0.0724869276030544
1998,"sex","female",49428,0.0896996038351284,0.0683262564764822
1999,"sex","female",49700,0.0733177191563897,0.0543786663873332
2000,"sex","female",50002,0.063173523896949,0.0454522675146345
2001,"sex","female",55051,0.0579579965718209,0.0427748520819918
2002,"sex","female",57451,0.0556551464045063,0.0398863915062649
2003,"sex","female",57150,0.0541657517644071,0.0370076879336598
2004,"sex","female",55685,0.0519948097515686,0.0352768752589119
2005,"sex","female",56223,0.0571929729831435,0.0400936201266818
2006,"sex","female",55426,0.0568867481344009,0.0404774547082609
2007,"sex","female",54394,0.0769751116064167,0.0553229555814822
2008,"sex","female",53550,0.0879396170973143,0.0645931670976289
2009,"sex","female",52935,0.0978643801514918,0.0701534319541207
2010,"sex","female",52558,0.097605697844395,0.071728909027733
2011,"sex","female",51702,0.0899872550546304,0.0641316909237105
2012,"sex","female",50983,0.0892377924987545,0.0648548734637551
2013,"sex","female",50462,0.0822917949995656,0.0595444063665941
2014,"sex","female",50457,0.0920241757256898,0.068286590441381
2015,"sex","female",50009,0.0970581737392635,0.0751461381305337
2016,"sex","female",50140,0.101552664864807,0.0803873277440137
2017,"sex","female",49562,0.10760839309094,0.0878583984605916
2018,"sex","female",47990,0.107978078090425,0.0862384665889269
2019,"sex","female",46023,0.112160552721569,0.0911103541798803
2020,"sex","female",37607,0.106765581035747,0.0895603358308167
2021,"sex","female",38072,0.101835367852521,0.0851267300469646
2022,"sex","female",36550,0.0962118928410435,0.0808056415255497
2023,"sex","female",35699,0.0884212983424313,0.0713305048781064
2024,"sex","female",35455,0.0783968090149147,0.0644535412157898
2025,"sex","female",30987,0.0816405079865486,0.0671677192033972
2026,"sex","female",21510,0.0893652263197344,0.0737932018350413
1982,"sex","male",52275,0.0863905235544332,0.0669030610249232
1983,"sex","male",51924,0.0838597719891682,0.0638674841080435
1984,"sex","male",53181,0.0754103469622448,0.0562337997769215
1985,"sex","male",53836,0.0689851256121658,0.0514393061044866
1986,"sex","male",53118,0.0591754445723054,0.0426450812596501
1987,"sex","male",53562,0.0547790169250779,0.0400640569260544
1988,"sex","male",51510,0.0519754130374788,0.0370297563513782
1989,"sex","male",52558,0.0475244882746298,0.0329769087421415
1990,"sex","male",54359,0.0456844421260335,0.030138693330267
1991,"sex","male",52704,0.0641314418272351,0.0492290792136433
1992,"sex","male",52075,0.0617276543385978,0.0487004056831134
1993,"sex","male",51085,0.0549406847082391,0.042314358943637
1994,"sex","male",50732,0.0485118252109223,0.0368571183228424
1995,"sex","male",50981,0.0411514037686816,0.032108396986944
1996,"sex","male",45633,0.0417406407215933,0.0322798446539159
1997,"sex","male",46335,0.05850292135519,0.0465756128906913
1998,"sex","male",46511,0.0564871615478968,0.0455366451981054
1999,"sex","male",47183,0.0454463701076727,0.0370402057045964
2000,"sex","male",47270,0.0392870246700178,0.030952203467942
2001,"sex","male",51995,0.0355755237341429,0.0280466775572729
2002,"sex","male",53259,0.0386692847629454,0.0310433481389353
2003,"sex","male",51719,0.0337104180262406,0.0268654821202458
2004,"sex","male",51697,0.0327996971574691,0.0255627856941911
2005,"sex","male",52384,0.0357332828431757,0.0273564342855924
2006,"sex","male",52145,0.0357941090880877,0.0281219634871047
2007,"sex","male",50479,0.0499469471501399,0.0393312113856088
2008,"sex","male",49432,0.0560981214661783,0.0442082938867238
2009,"sex","male",47043,0.0696498856769522,0.0541314378660711
2010,"sex","male",47024,0.0681664643269915,0.0542656390413471
2011,"sex","male",47159,0.0628332323819655,0.0497828402721929
2012,"sex","male",47326,0.0581864052108427,0.0453902528785275
2013,"sex","male",47093,0.0562627848912909,0.0432223627681825
2014,"sex","male",47815,0.0638688290079715,0.0509120769491141
2015,"sex","male",47067,0.068239839869464,0.0563965865399682
2016,"sex","male",47380,0.0753040444569392,0.0621223341315315
2017,"sex","male",46374,0.0786208659596985,0.066159349504342
2018,"sex","male",45709,0.077532462237105,0.0644117792968236
2019,"sex","male",43822,0.0793985604419318,0.0667814741496594
2020,"sex","male",36458,0.073630532512214,0.0654701178955802
2021,"sex","male",36918,0.076440475013118,0.0654294648611466
2022,"sex","male",35557,0.0693294423714432,0.0603595585835249
2023,"sex","male",34466,0.0623908250837195,0.0530783919570244
2024,"sex","male",34445,0.0582023120310781,0.0491729366326985
2025,"sex","male",30055,0.0571025682672063,0.0493603627539469
2026,"sex","male",20697,0.0625799606849169,0.0546222023628525
1982,"tipped_occupation","non_tipped",93673,0.0978058031692157,0.0978058031692157
1983,"tipped_occupation","non_tipped",93794,0.0944945813762258,0.0944945813762258
1984,"tipped_occupation","non_tipped",95894,0.0830489712265422,0.0830489712265422
1985,"tipped_occupation","non_tipped",97894,0.0741980140136861,0.0741980140136861
1986,"tipped_occupation","non_tipped",97719,0.0630978438495602,0.0630978438495602
1987,"tipped_occupation","non_tipped",99539,0.0569266822333266,0.0569266822333266
1988,"tipped_occupation","non_tipped",96247,0.0511307854415834,0.0511307854415834
1989,"tipped_occupation","non_tipped",98385,0.0450106867307384,0.0450106867307384
1990,"tipped_occupation","non_tipped",102465,0.0422087999092577,0.0422087999092577
1991,"tipped_occupation","non_tipped",99596,0.064328320513879,0.064328320513879
1992,"tipped_occupation","non_tipped",98680,0.0585270678695378,0.0585270678695378
1993,"tipped_occupation","non_tipped",97217,0.0495197525344567,0.0495197525344567
1994,"tipped_occupation","non_tipped",96776,0.043242740710987,0.043242740710987
1995,"tipped_occupation","non_tipped",97089,0.0366116079791062,0.0366116079791062
1996,"tipped_occupation","non_tipped",86877,0.037364986754671,0.037364986754671
1997,"tipped_occupation","non_tipped",88456,0.054994101418889,0.054994101418889
1998,"tipped_occupation","non_tipped",88843,0.0530626614288399,0.0530626614288399
1999,"tipped_occupation","non_tipped",89649,0.0409124516376356,0.0409124516376356
2000,"tipped_occupation","non_tipped",89860,0.0333016497487626,0.0333016497487626
2001,"tipped_occupation","non_tipped",99017,0.0306161117787297,0.0306161117787297
2002,"tipped_occupation","non_tipped",102122,0.0299357622496678,0.0299357622496678
2003,"tipped_occupation","non_tipped",100881,0.0267226629621856,0.0267226629621856
2004,"tipped_occupation","non_tipped",99581,0.0252391010433032,0.0252391010433032
2005,"tipped_occupation","non_tipped",100680,0.0290622309219743,0.0290622309219743
2006,"tipped_occupation","non_tipped",99869,0.02990903481226,0.02990903481226
2007,"tipped_occupation","non_tipped",97303,0.0437668496154462,0.0437668496154462
2008,"tipped_occupation","non_tipped",95343,0.0514296379815708,0.0514296379815708
2009,"tipped_occupation","non_tipped",92302,0.0603681288505016,0.0603681288505016
2010,"tipped_occupation","non_tipped",91865,0.0604571540525123,0.0604571540525123
2011,"tipped_occupation","non_tipped",91344,0.0547073619868334,0.0547073619868334
2012,"tipped_occupation","non_tipped",90894,0.0528468493778358,0.0528468493778358
2013,"tipped_occupation","non_tipped",90232,0.04919556813275,0.04919556813275
2014,"tipped_occupation","non_tipped",90949,0.0569073119111554,0.0569073119111554
2015,"tipped_occupation","non_tipped",89933,0.0628841678411967,0.0628841678411967
2016,"tipped_occupation","non_tipped",90148,0.068470417753381,0.068470417753381
2017,"tipped_occupation","non_tipped",88954,0.074977324532605,0.074977324532605
2018,"tipped_occupation","non_tipped",86921,0.0737339448827635,0.0737339448827635
2019,"tipped_occupation","non_tipped",83408,0.0782103752441889,0.0782103752441889
2020,"tipped_occupation","non_tipped",69822,0.0766414058455657,0.0766414058455657
2021,"tipped_occupation","non_tipped",70359,0.074343320964647,0.074343320964647
2022,"tipped_occupation","non_tipped",67401,0.0687222084922602,0.0687222084922602
2023,"tipped_occupation","non_tipped",65719,0.0623700606497091,0.0623700606497091
2024,"tipped_occupation","non_tipped",65506,0.0556483001589788,0.0556483001589788
2025,"tipped_occupation","non_tipped",57250,0.0561883886331662,0.0561883886331662
2026,"tipped_occupation","non_tipped",39575,0.0616674664951185,0.0616674664951185
1982,"tipped_occupation","tipped",8899,0.460970251328378,0.0154165058197182
1983,"tipped_occupation","tipped",8434,0.450370716207869,0.013742029909885
1984,"tipped_occupation","tipped",8686,0.428779767610378,0.00912865935033087
1985,"tipped_occupation","tipped",8601,0.402834349788443,0.00682680734272365
1986,"tipped_occupation","tipped",8470,0.392269231733131,0.00648532557137429
1987,"tipped_occupation","tipped",8585,0.355267994286159,0.00626120427392813
1988,"tipped_occupation","tipped",7945,0.345183084223757,0.00539626642107093
1989,"tipped_occupation","tipped",8209,0.323796584431814,0.00289966161578552
1990,"tipped_occupation","tipped",8452,0.325808766683704,0.00418679033427446
1991,"tipped_occupation","tipped",8488,0.375817276562517,0.0845832118525876
1992,"tipped_occupation","tipped",8321,0.353779119459136,0.102634627504907
1993,"tipped_occupation","tipped",8377,0.330304725344226,0.0941212970846664
1994,"tipped_occupation","tipped",7978,0.332567151715309,0.110747457809302
1995,"tipped_occupation","tipped",7796,0.309979572098531,0.109691519099401
1996,"tipped_occupation","tipped",7038,0.303068988359377,0.104210600287265
1997,"tipped_occupation","tipped",7044,0.345783470531237,0.116546278980823
1998,"tipped_occupation","tipped",7096,0.328335790349911,0.106101136306577
1999,"tipped_occupation","tipped",7234,0.294026870658901,0.106810186222016
2000,"tipped_occupation","tipped",7412,0.273025738260991,0.0988901326564645
2001,"tipped_occupation","tipped",8029,0.247950514604778,0.0953017494228771
2002,"tipped_occupation","tipped",8588,0.252380338713276,0.101467492936705
2003,"tipped_occupation","tipped",7988,0.262357263728574,0.0985428942702342
2004,"tipped_occupation","tipped",7801,0.261198680585234,0.096607143943227
2005,"tipped_occupation","tipped",7927,0.265069715120944,0.0925001585034088
2006,"tipped_occupation","tipped",7702,0.25716529730395,0.0907146841314826
2007,"tipped_occupation","tipped",7570,0.312158632976069,0.0925878143009537
2008,"tipped_occupation","tipped",7639,0.323120821755858,0.0915116332410912
2009,"tipped_occupation","tipped",7676,0.363678920593042,0.0861142929405697
2010,"tipped_occupation","tipped",7717,0.349812838651674,0.0955524743200154
2011,"tipped_occupation","tipped",7517,0.332480054895376,0.08450250678457
2012,"tipped_occupation","tipped",7415,0.323355221589434,0.0837567946754837
2013,"tipped_occupation","tipped",7323,0.306459525163269,0.0781841701332703
2014,"tipped_occupation","tipped",7323,0.329648886237071,0.0922437946315793
2015,"tipped_occupation","tipped",7143,0.322178209928346,0.101697979254223
2016,"tipped_occupation","tipped",7372,0.322372164113863,0.104717107384978
2017,"tipped_occupation","tipped",6982,0.319042389549231,0.103645360778696
2018,"tipped_occupation","tipped",6778,0.329179349406194,0.0959335895308893
2019,"tipped_occupation","tipped",6437,0.315298015085881,0.088944730532279
2020,"tipped_occupation","tipped",4243,0.305760648270579,0.0906602540996303
2021,"tipped_occupation","tipped",4631,0.304508315119393,0.0887578248754548
2022,"tipped_occupation","tipped",4706,0.275380411095164,0.0957717402664957
2023,"tipped_occupation","tipped",4446,0.256921825222946,0.059731530638169
2024,"tipped_occupation","tipped",4394,0.248526743320068,0.0734493281002633
2025,"tipped_occupation","tipped",3792,0.257549647938158,0.0880132829372497
2026,"tipped_occupation","tipped",2632,0.284192861645257,0.102876480653837
