period_chr,period_label_chr,years_num,third_chr,percentile_chr,start_level_num_Men,start_level_num_Women,end_level_num_Men,end_level_num_Women,growth_pct_num_Men,growth_pct_num_Women,annualized_pct_num_Men,annualized_pct_num_Women,start_min_n_obs_int_Men,start_min_n_obs_int_Women,end_min_n_obs_int_Men,end_min_n_obs_int_Women,growth_gap_pts_num,start_gap_usd_num,end_gap_usd_num,start_ratio_pct_num,end_ratio_pct_num,topcode_flag_chr
stagnations,Dec 1982 to Oct 2014,31.833333333333332,bottom,p10,9.613580614743741,9.087165571280687,10.69636532341712,10.027101518318803,11.263074103864913,10.343554760449326,0.3358314970854037,0.3096781100776269,4422,4092,2515,2047,-0.9195193434155868,0.5264150434630537,0.6692638050983177,94.52425621047246,93.74307267130149,NA
stagnations,Dec 1982 to Oct 2014,31.833333333333332,bottom,p25,11.751186665342955,9.899938086532652,13.246387186958097,11.572837573710343,12.723825807523292,16.898080296617344,0.37695147279126484,0.49167259667439733,4422,4092,2515,2047,4.174254489094052,1.8512485788103028,1.6735496132477543,84.24628395811229,87.36599202765665,NA
stagnations,Dec 1982 to Oct 2014,31.833333333333332,bottom,p50,17.98388115388217,12.199359090327933,18.45231831918511,14.625470603755009,2.604761237547537,19.887204692175843,0.08081007301394827,0.5714100843139835,4422,4092,2515,2047,17.282443454628307,5.7845220635542365,3.8268477154301017,67.83496279775217,79.26088392128332,NA
stagnations,Dec 1982 to Oct 2014,31.833333333333332,bottom,p75,26.888846744783194,16.706111239507216,26.322435203431514,20.182827406251565,-2.1064925049698258,20.811044035924333,-0.0668570847870642,0.5956650373702743,4422,4092,2515,2047,22.917536540894158,10.182735505275978,6.1396077971799485,62.13026314618135,76.67538071713227,NA
stagnations,Dec 1982 to Oct 2014,31.833333333333332,bottom,p90,34.66581752348761,22.44552571010441,36.63071460878739,28.41286340963572,5.668111199075221,26.585867386679052,0.1733426401912208,0.743327131062399,4422,4092,2515,2047,20.917756187603832,12.220291813383202,8.217851199151674,64.74829475721027,77.5656814590773,NA
stagnations,Dec 1982 to Oct 2014,31.833333333333332,middle,p10,11.042432407292841,9.613580614743741,11.542347701762928,10.624581912761672,4.527220779181995,10.51638654246496,0.13918788887012923,0.31460994050518387,4306,4232,3901,3883,5.989165763282966,1.4288517925491,0.9177657890012565,87.06035282945965,92.04870783037421,NA
stagnations,Dec 1982 to Oct 2014,31.833333333333332,middle,p25,14.828621688675755,11.291338261109058,14.735734266217863,13.14246398830363,-0.6264063134662545,16.39421018472571,-0.019737626834659405,0.4780372126402366,4306,4232,3901,3883,17.020616498191966,3.537283427566697,1.5932702779142325,76.14556833513373,89.18771030252049,NA
stagnations,Dec 1982 to Oct 2014,31.833333333333332,middle,p50,22.318583156977603,14.396573223449066,21.7610779241893,17.594439567265667,-2.4979418669504816,22.21269113269213,-0.07943450470884184,0.6321236920406648,4306,4232,3901,3883,24.71063299964261,7.922009933528537,4.1666383569236345,64.50487077154882,80.85279428050731,NA
stagnations,Dec 1982 to Oct 2014,31.833333333333332,middle,p75,30.70170868392728,19.974948160495316,32.545338271585585,25.74402961577611,6.004973881546438,28.88158411690085,0.18335898775498904,0.8002230597207172,4306,4232,3901,3883,22.876610235354413,10.726760523431963,6.801308655809475,65.06135657183292,79.1020495806384,NA
stagnations,Dec 1982 to Oct 2014,31.833333333333332,middle,p90,38.77473738903388,26.360333640279737,45.855406404476554,36.959642161890066,18.26103667550616,40.20931095277991,0.528272676081798,1.067329676565354,4306,4232,3901,3883,21.94827427727375,12.414403748754143,8.895764242586488,67.9832680123705,80.60040256950366,NA
stagnations,Dec 1982 to Oct 2014,31.833333333333332,top,p10,12.725637811301983,10.164611768366555,16.770753655947843,14.783899112230433,31.78713636697472,45.44479857302206,0.8708416775886629,1.1837889467769092,3015,2420,2204,2473,13.657662206047341,2.5610260429354277,1.9868545437174099,79.87506731756179,88.15286072124277,NA
stagnations,Dec 1982 to Oct 2014,31.833333333333332,top,p25,19.358065002534467,13.847926246709553,25.291339917636083,20.987490525119604,30.65014460032447,51.556920156954945,0.8433887334954981,1.3147173857360306,3015,2420,2204,2473,20.906775556630475,5.510138755824913,4.303849392516479,71.53569452781828,82.98291270240162,NA
stagnations,Dec 1982 to Oct 2014,31.833333333333332,top,p50,28.734795749928363,19.30189521992938,39.48446811607722,31.21518928065398,37.40994875933876,61.720851372273614,1.003320045003786,1.5215161102986263,3015,2420,2204,2473,24.310902612934854,9.432900529998982,8.269278835423236,67.17255061740782,79.05688178168427,NA
stagnations,Dec 1982 to Oct 2014,31.833333333333332,top,p75,39.782130270240714,26.929788182618417,59.729898555422174,45.535013207389156,50.14253422246602,69.08789960991713,1.284880530661292,1.6636829193288127,3015,2420,2204,2473,18.945365387451112,12.852342087622297,14.194885348033019,67.69317781547618,76.23487450784489,NA
stagnations,Dec 1982 to Oct 2014,31.833333333333332,top,p90,54.97359376671558,34.54970475648664,98.86595837812824,64.32429104741792,79.84263280598513,86.17898908482321,1.8608038158854256,1.9716619170566885,3015,2420,2204,2473,6.336356278838082,20.42388901022894,34.541667330710325,62.8478190876529,65.06212259774964,Men end (10% imputed)
recovery_on,Nov 2014 to Aug 2026,11.75,bottom,p10,10.686509687537646,10.045648461802474,13.95770571395219,11.813977441791453,30.610518514097595,17.602935108797247,2.298786299485389,1.389512518918723,2550,2047,1733,1268,-13.007583405300348,0.640861225735172,2.143728272160738,94.00308197462705,84.64125611978008,NA
recovery_on,Nov 2014 to Aug 2026,11.75,bottom,p25,13.234440961649645,11.617696507128178,17.13238024600887,14.842955697331632,29.452995375131863,27.761606513172012,2.2213131465566915,2.1069609104792164,2550,2047,1733,1268,-1.691388861959851,1.6167444545214664,2.289424548677239,87.78380999086838,86.63685654997892,NA
recovery_on,Nov 2014 to Aug 2026,11.75,bottom,p50,18.563267145929103,14.61232975591571,21.868423498698828,18.223457253832414,17.804820276448694,24.712879864039227,1.4043138446173442,1.897297178133761,2550,2047,1733,1268,6.908059587590532,3.9509373900133937,3.6449662448664135,78.71636841212066,83.33228618385185,NA
recovery_on,Nov 2014 to Aug 2026,11.75,bottom,p75,26.384102090502942,20.164908068288884,29.523593044084446,22.99284992552863,11.89917679522463,14.024075129243641,0.9614269592638003,1.1231922464035815,2550,2047,1733,1268,2.1248983340190115,6.219194022214058,6.530743118555815,76.42825213122306,77.87957885476828,NA
recovery_on,Nov 2014 to Aug 2026,11.75,bottom,p90,36.65003343656581,28.428438943920057,40.82930421535744,30.15659412642102,11.40318408174208,6.078966157480692,0.9232634581160637,0.5035067137751703,2550,2047,1733,1268,-5.324217924261387,8.221594492645757,10.67271008893642,77.56729333719227,73.86017152620981,NA
recovery_on,Nov 2014 to Aug 2026,11.75,middle,p10,11.576203990194758,10.631528899993915,15.836683091803822,14.417429637206773,36.80376663384442,35.610125061269635,2.7029251480738425,2.6263548280007543,4080,3920,4334,4356,-1.1936415725747835,0.9446750902008425,1.4192534545970492,91.8395089530126,91.03818996459192,NA
recovery_on,Nov 2014 to Aug 2026,11.75,middle,p25,14.722593418378564,13.130517762995176,20.097336250899158,17.737372747538334,36.50676670735995,35.085097691473656,2.683930339503493,2.5924796767241354,4080,3920,4334,4356,-1.4216690158862946,1.592075655383388,2.3599635033608237,89.18617386121686,88.25733184786995,NA
recovery_on,Nov 2014 to Aug 2026,11.75,middle,p50,21.796379877360376,17.578909474364675,28.716913666863682,23.310408985437718,31.750840407638403,32.60440881973532,2.374496360179257,2.4307764992259617,4080,3920,4334,4356,0.8535684120969158,4.217470402995701,5.4065046814259645,80.65059231521133,81.17309978312709,NA
recovery_on,Nov 2014 to Aug 2026,11.75,middle,p75,32.59891836473852,25.805693975095892,43.35329494004153,34.113802251955505,32.98997977471474,32.19486476464248,2.4560905690642842,2.403814653877334,4080,3920,4334,4356,-0.7951150100722586,6.793224389642631,9.239492688086024,79.16119696477199,78.68791126288227,NA
recovery_on,Nov 2014 to Aug 2026,11.75,middle,p90,45.9265258161623,37.016964552160935,68.3247478697818,50.50997709613923,48.76968517774798,36.450888686362084,3.43846815230755,2.680352401677233,4080,3920,4334,4356,-12.318796491385896,8.909561264001361,17.81477077364257,80.60040226063444,73.92632782546781,NA
recovery_on,Nov 2014 to Aug 2026,11.75,top,p10,16.812477173239877,14.7426543406607,20.167950370352237,17.849270853962977,19.958231987688336,21.072301103432455,1.5607647018536897,1.6406988054181282,2204,2473,1809,2078,1.114069115744119,2.0698228325791774,2.3186795163892597,87.68876941065129,88.50314745023461,NA
recovery_on,Nov 2014 to Aug 2026,11.75,top,p25,25.26834992643355,20.997941147868893,28.704384429264504,23.86901495830196,13.598175238330356,13.673120570320553,1.0909914163187873,1.0966657750546949,2204,2473,1809,2078,0.0749453319901967,4.270408778564658,4.835369470962544,83.09977188460047,83.1545961806698,NA
recovery_on,Nov 2014 to Aug 2026,11.75,top,p50,39.36307819126879,31.214330478632753,44.52192999897456,34.91591704492538,13.105813988018,11.85861272541624,1.0536277314726616,0.958311627724795,2204,2473,1809,2078,-1.2472012626017595,8.148747712636037,9.606012954049177,79.29849979455233,78.42408683929375,NA
recovery_on,Nov 2014 to Aug 2026,11.75,top,p75,59.822446059455345,45.642932787515804,69.49575335644343,51.599354725120364,16.170029703188902,13.050042085012015,1.2837851795810762,1.0493860059984428,2204,2473,1809,2078,-3.1199876181768875,14.179513271939541,17.896398631323066,76.29733619075515,74.24821263605489,NA
recovery_on,Nov 2014 to Aug 2026,11.75,top,p90,98.96327460915255,64.48700206565742,104.94351979299287,73.93339755045301,6.04289339399775,14.648526342064617,0.5005975976907662,1.170206473094404,2204,2473,1809,2078,8.605632948066866,34.47627254349513,31.010122242539865,65.16255885867119,70.45065545380113,Men start (10% imputed)
