age_int,silent,boomers,gen_x,millennials,gen_z
16,NA,NA,8.792355393008194,10.163055581602514,12.050941272124588
17,NA,NA,9.133812543929908,10.474387596724853,12.390759139577506
18,NA,10.05709779885469,9.67434262433832,11.353231280492118,13.566287278724218
19,NA,10.821339895362243,10.656940540329508,12.050941272124588,14.895636040354066
20,NA,11.49382605583393,11.53869590972654,12.724931276158403,15.676475523622111
21,NA,12.553864080589385,12.379216190170256,13.203173983205025,16.475161032890615
22,NA,13.634621276782003,13.600677625135658,14.231506409191125,17.681492097421945
23,NA,15.04509252752401,14.726040306534854,15.634391112881454,18.827797218812407
24,NA,16.089673179943734,15.778174247723909,16.68776523571697,20.192723357096263
25,NA,17.508338657528412,17.64341030997786,19.114346554466625,22.1
26,NA,18.290247628557164,18.57973799487561,20.409552156596902,23.70696416871984
27,NA,18.997652191595957,19.427066266730524,21.38323013415893,24.729437055813136
28,NA,19.531535093054373,20.194244953107614,22.227466738444978,24.512363838753284
29,NA,20.060123370032017,21.060786162233065,23.091760839246895,25.921300787768253
30,NA,20.4555950125006,21.43608085707611,23.969143865244018,NA
31,NA,20.88097737237126,22.1790703785285,24.61295267292585,NA
32,NA,21.104470868502663,22.795064531582682,25.26979567502366,NA
33,NA,21.287699733688417,23.06635621423612,25.63290701944262,NA
34,NA,21.68183213134878,23.398247061470713,26.418676012076638,NA
35,NA,22.367978935296954,25.12780219350296,28.22823094195163,NA
36,NA,22.757035139092245,25.491174483399124,29.009710930442637,NA
37,22.945999602060446,23.079393526971703,25.751257943587998,29.33585479250983,NA
38,22.490096951392996,23.337525588536337,26.02078715559162,29.98253260071018,NA
39,23.067592296992224,23.628253471902884,26.27966448445172,29.95874528095974,NA
40,22.70042350679175,23.924940632323956,26.46754652894599,29.77078412943237,NA
41,23.192912481124026,24.293348788262396,27.090966942118452,30.24046141687266,NA
42,22.88924995880027,24.551311799139576,27.248525730770865,30.736468553798183,NA
43,23.039602539728094,24.76129587745451,27.6723395088324,30.640454798441603,NA
44,23.26035826819986,25.00899012803775,27.700110308448966,31.63143389595449,NA
45,23.195752065943676,25.237030359763782,27.96907148702362,31.457083384351662,NA
46,23.356679546130042,25.436993451109636,28.664193467406772,NA,NA
47,23.577971652929065,25.65991669397323,28.594185872955418,NA,NA
48,23.504315208441344,25.89667212061007,28.568363220019275,NA,NA
49,23.32758262854771,26.265706918943366,28.787537756991135,NA,NA
50,23.262598613684144,26.24565824422802,28.954868909235994,NA,NA
51,23.157879914752957,26.502032878159355,29.292027799187743,NA,NA
52,23.32953284229644,26.737374089813127,29.398952293287966,NA,NA
53,23.204973806226292,26.83306641732401,29.595809929371015,NA,NA
54,23.16842219176106,26.932310176012415,29.488289029594718,NA,NA
55,23.03069843420057,27.012164989643466,29.701051641246025,NA,NA
56,22.588924591946032,27.01472134595163,29.44272815387427,NA,NA
57,22.667369955500998,27.18799462583281,29.242695099818516,NA,NA
58,22.40569137512294,27.215665727570492,29.518754711475335,NA,NA
59,22.169350481736053,27.10255008583403,29.431779127047772,NA,NA
60,22.04065526202302,27.078434156679336,29.06952476741262,NA,NA
61,21.86390553526471,27.10255008583403,28.16503203398719,NA,NA
62,21.253410828999698,27.232410436963445,NA,NA,NA
63,20.639932267912545,26.973277898002948,NA,NA,NA
64,20.380439709882143,26.606054525474313,NA,NA,NA
65,18.048312960398228,25.760890415736608,NA,NA,NA
66,17.407890501922655,25,NA,NA,NA
67,16.787862182943414,24.61444517750245,NA,NA,NA
68,16.439284060161373,24.197112810339185,NA,NA,NA
69,16.340184971790308,23.38514619883041,NA,NA,NA
70,16.280993044883473,23,NA,NA,NA
71,16.12920440098567,22.478328173374617,NA,NA,NA
72,16.003227815844614,22.058984191508586,NA,NA,NA
73,16.30927071082616,22.270665420180293,NA,NA,NA
74,16.150804679848594,21.703612340756262,NA,NA,NA
75,16.244293536679443,21.63555760354019,NA,NA,NA
76,16.517341975195944,21.773615516865632,NA,NA,NA
77,16.5631664038246,21.390596615550795,NA,NA,NA
78,17.2561794734014,22.000562746201464,NA,NA,NA
79,17.069014201478282,22.511753186885194,NA,NA,NA
80,18.905732577820295,22.045043705093594,NA,NA,NA
81,12.404288477077346,NA,NA,NA,NA
82,12.939179660743786,NA,NA,NA,NA
83,13.557940838152089,NA,NA,NA,NA
84,12.870287219830784,NA,NA,NA,NA
85,20.881399529537763,NA,NA,NA,NA
86,14.62582903987931,NA,NA,NA,NA
87,16.260559908325337,NA,NA,NA,NA
88,13.405722078923182,NA,NA,NA,NA
89,13.240417519893352,NA,NA,NA,NA
90,17.051045691867497,NA,NA,NA,NA
91,13.190294292814164,NA,NA,NA,NA
92,21.084465891930932,NA,NA,NA,NA
93,12.302715891729186,NA,NA,NA,NA
95,13.108247539570957,NA,NA,NA,NA
98,18.289906285595944,NA,NA,NA,NA
