year_int,month_int,date_dt,month_idx_int,window_n_int,era_slug_chr,covid_flag_int,p10,p25,p50,p75,p90
1982,1,1982-01-01,23784,1,NA,0,101.56359939140731,99.01713582182627,99.1907354646401,98.85777698383266,96.79246679090677
1982,2,1982-02-01,23785,2,NA,0,102.77013012902098,102.83331574197996,102.05763975549507,100.46139639752128,100.36206997905879
1982,3,1982-03-01,23786,3,NA,0,102.50678429237128,102.569807993809,99.42876803731484,98.77032554329587,98.79583072703593
1982,4,1982-04-01,23787,4,NA,0,100.9489692681638,103.10448350632483,101.78291830519915,102.56735033870461,102.36393946367318
1982,5,1982-05-01,23788,5,NA,0,102.44996695891192,101.9134647584829,100.36065959323157,99.41281847415746,99.2730469094799
1982,6,1982-06-01,23789,6,NA,0,99.63020141623535,101.17938871042833,101.19460842931498,101.22744042912598,100.64688727971846
1982,7,1982-07-01,23790,7,NA,0,99.04308577267416,97.70933967779301,99.30855235665354,100.63091233835857,99.1098767704578
1982,8,1982-08-01,23791,8,NA,0,98.73788516696341,97.40824900174414,99.05396360508695,100.32081885571623,97.86347539303229
1982,9,1982-09-01,23792,9,NA,0,98.4650260675035,98.28187683210928,100.01113733831708,100.04358536784311,101.34661087869844
1982,10,1982-10-01,23793,10,NA,0,97.91519608044904,99.55135921886693,99.45267384580423,99.48494068511107,100.78069008455529
1982,11,1982-11-01,23794,11,NA,0,98.49539527177683,99.13912398980773,99.1540368057184,99.1862067539814,102.33877018235576
1982,12,1982-12-01,23795,12,stagnation1,0,97.47376018452248,97.29245474682773,99.00430646322407,99.03642783235172,100.32633554102742
1983,1,1983-01-01,23796,12,stagnation1,0,98.46957203252273,101.3452596578073,101.12226382589415,98.5769070915272,99.71288776635464
1983,2,1983-02-01,23797,12,stagnation1,0,99.74816943586009,101.17335355452553,98.83182997501925,98.40969678461308,100.79912426997099
1983,3,1983-03-01,23798,12,stagnation1,0,99.62035104877161,101.0437089210369,99.91443768861978,98.2835935309091,101.4074680363964
1983,4,1983-04-01,23799,12,stagnation1,0,96.29361390853317,100.58494562193374,100.31346601992492,97.83736183477065,102.44098420100896
1983,5,1983-05-01,23800,12,stagnation1,0,98.88797480464365,100.3008686152833,101.2805326862136,97.56104469092031,100.66195349257931
1983,6,1983-06-01,23801,12,stagnation1,0,97.09268582006976,99.92816310869046,99.40931002770878,97.1985200280011,102.1113227167436
1983,7,1983-07-01,23802,12,stagnation1,0,95.12747808866692,99.36684087678987,98.64820054526906,96.6525309043923,101.1751023395708
1983,8,1983-08-01,23803,12,stagnation1,0,94.72285249067173,97.84480329806838,98.72647050598673,96.24141848029875,99.95035004534893
1983,9,1983-09-01,23804,12,stagnation1,0,97.20927886698296,98.59818776838617,99.56122132282148,95.90487436565957,100.75229101882869
1983,10,1983-10-01,23805,12,stagnation1,0,97.0447439614639,98.43130201737652,100.9703675492316,95.74254727480478,102.63444823095641
1983,11,1983-11-01,23806,12,stagnation1,0,96.90737394022207,98.2919692776832,99.25201191830752,98.72464079123931,102.48916579980043
1983,12,1983-12-01,23807,12,stagnation1,0,96.85417085473608,98.2380060359665,101.76930920103459,96.66563057888044,101.1012705792661
1984,1,1984-01-01,23808,12,stagnation1,0,97.83229906972066,99.98614850314425,102.42596671874875,97.32891980012933,102.62669357305694
1984,2,1984-02-01,23809,12,stagnation1,0,97.17850373720228,99.3179593894318,101.74147274685838,96.394973830142,102.2954350783896
1984,3,1984-03-01,23810,12,stagnation1,0,96.86092031706653,102.22142927357736,102.3537814897261,99.4945571209327,104.07035876563562
1984,4,1984-04-01,23811,12,stagnation1,0,96.49335337077376,100.76158852346973,101.02415148080969,97.31060348230264,101.71112696372717
1984,5,1984-05-01,23812,12,stagnation1,0,96.37145020093597,99.56371556756092,100.8965244073846,98.40602820318587,101.44588616120136
1984,6,1984-06-01,23813,12,stagnation1,0,96.20010901060952,98.85236167934538,100.71713797545154,98.23106968619275,105.30210364511717
1984,7,1984-07-01,23814,12,stagnation1,0,94.4878836383197,96.90277539196249,100.35820453630863,97.10416273860758,102.01219623184276
1984,8,1984-08-01,23815,12,stagnation1,0,95.56395114189297,100.85268280311195,100.05110962583055,97.58148135852855,104.60575555866271
1984,9,1984-09-01,23816,12,stagnation1,0,95.43459613511749,101.56430514885108,99.91568081811698,98.60950728076098,104.46416159925269
1984,10,1984-10-01,23817,12,stagnation1,0,95.21003954970318,101.53686054974126,101.7148778452081,99.20418167730827,104.21835854274178
1984,11,1984-11-01,23818,12,stagnation1,0,95.07581212741749,100.33752903851274,101.67305136069524,100.86549281506272,104.0714311631482
1984,12,1984-12-01,23819,12,stagnation1,0,94.80848949597997,101.1086270146911,100.83573399226229,100.03707288327166,103.77881574169153
1985,1,1985-01-01,23820,12,stagnation1,0,94.3375800379555,104.7983594374682,100.78281108962211,99.76954857329231,103.26335108093018
1985,2,1985-02-01,23821,12,stagnation1,0,93.90163400165864,103.27093207217096,99.29384659107401,99.5367961188291,102.78615791379201
1985,3,1985-03-01,23822,12,stagnation1,0,93.53545745547032,103.90729215888877,102.12425625605435,100.05826542519472,102.38533549253177
1985,4,1985-04-01,23823,12,stagnation1,0,93.40028247028751,103.7571280707444,104.77055030603633,102.1844289368259,102.23737089616753
1985,5,1985-05-01,23824,12,stagnation1,0,93.1795885570835,103.51196214606935,104.32389837436516,99.67757957984766,101.99579597945419
1985,6,1985-06-01,23825,12,stagnation1,0,92.92651967952457,102.61144631746144,104.23911306634119,100.67204089056861,104.29565876828525
1985,7,1985-07-01,23826,12,stagnation1,0,92.69882212343508,100.9183274246047,100.51757308864498,99.16328631893725,101.46954172313563
1985,8,1985-08-01,23827,12,stagnation1,0,92.39328633452851,102.63846949433241,101.98271005893659,99.83479153856915,102.25882090448967
1985,9,1985-09-01,23828,12,stagnation1,0,93.55529589418613,102.46553702972423,103.466343967116,100.91241519280072,100.9646981192484
1985,10,1985-10-01,23829,12,stagnation1,0,93.39978078811461,102.29521060717862,103.29435392312024,99.40140822051823,103.59677946999683
1985,11,1985-11-01,23830,12,stagnation1,0,91.81719559889886,101.99849797972686,102.99474322803937,99.21230152029395,102.51458990778063
1985,12,1985-12-01,23831,12,stagnation1,0,91.77169327187637,101.65750005137772,102.65041468627403,100.11662603857626,102.67270908167968
1986,1,1986-01-01,23832,12,stagnation1,0,93.69365696068043,101.19183849370756,102.1802048938422,100.01236238449175,103.40260598498837
1986,2,1986-02-01,23833,12,stagnation1,0,91.81400026239517,101.19183849370756,102.1802048938422,100.54387183914805,105.78719669443811
1986,3,1986-03-01,23834,12,stagnation1,0,93.89952860745898,101.41418578067481,102.40472390326131,102.09648868957848,106.42411478890625
1986,4,1986-04-01,23835,12,stagnation1,0,95.39833336858146,101.62152782913732,102.61409111419822,102.30522571135477,106.80858809295614
1986,5,1986-05-01,23836,12,stagnation1,0,92.61535532202659,101.4360761682965,102.42682809986137,102.11852635319546,106.61367043646109
1986,6,1986-06-01,23837,12,stagnation1,0,92.82830612668201,101.05929263577558,102.04636442683494,102.18155224667967,105.88572459830239
1986,7,1986-07-01,23838,12,stagnation1,0,90.94862545837294,101.03361499516372,102.02043598618236,101.71335746785228,106.19066646690042
1986,8,1986-08-01,23839,12,stagnation1,0,90.83500181448024,100.90739200461773,101.89298014361356,101.58628526362915,105.12999317941865
1986,9,1986-09-01,23840,12,stagnation1,0,97.00509224492583,100.5775522922515,104.63749210002148,101.87055650174723,105.711324988569
1986,10,1986-10-01,23841,12,stagnation1,0,96.8317612068872,100.39783789645271,103.40601807281261,104.85256556583614,107.17122552898007
1986,11,1986-11-01,23842,12,stagnation1,0,94.08147386182631,100.21876459117018,103.49143960380836,102.35524259598529,105.33422371292156
1986,12,1986-12-01,23843,12,stagnation1,0,93.95214849263327,100.0810028385231,106.11144539576942,105.13495956191316,106.83301504397059
1987,1,1987-01-01,23844,12,stagnation1,0,93.51220606993105,99.61236130598061,104.27342823793876,104.03223678756255,107.31428952461373
1987,2,1987-02-01,23845,12,stagnation1,0,91.90887879597895,99.26422685330205,102.90666620154435,104.27693748237915,108.67808705690749
1987,3,1987-03-01,23846,12,stagnation1,0,95.48538171793403,99.00187454729685,106.63344108062023,104.00133673597843,110.5586712913591
1987,4,1987-04-01,23847,12,stagnation1,0,95.13010591730824,98.63351480876486,104.90872772665402,103.61437532355849,106.44488112693577
1987,5,1987-05-01,23848,12,stagnation1,0,94.88930229188473,98.38384297538268,103.98087284168022,103.3520953966803,106.57244012262214
1987,6,1987-06-01,23849,12,stagnation1,0,94.53127018866172,98.01262542637717,105.56793562093065,102.962131858182,109.45394404366668
1987,7,1987-07-01,23850,12,stagnation1,0,91.79808981315858,97.78642675619162,102.39862539878905,102.72451045783208,107.06013774427322
1987,8,1987-08-01,23851,12,stagnation1,0,92.6891406279508,97.40133926764693,104.42383616399641,102.31997656640745,103.97256670251971
1987,9,1987-09-01,23852,12,stagnation1,0,93.87558639167204,100.95688780900002,104.55688142163537,101.97603418400362,107.28973168880361
1987,10,1987-10-01,23853,12,stagnation1,0,94.57411775802714,100.05689871679866,104.2261043164265,101.65342187069218,108.97080933664144
1987,11,1987-11-01,23854,12,stagnation1,0,93.15359804600453,99.48174350144681,104.02941822057706,101.46159070892503,107.85879304958847
1987,12,1987-12-01,23855,12,stagnation1,0,92.98160613614711,98.33400886170847,103.83734600118434,102.11821169902674,107.65965055589379
1988,1,1988-01-01,23856,12,stagnation1,0,92.62231034071871,96.03336326098977,103.43610189090258,101.75863939013536,110.25448720549892
1988,2,1988-02-01,23857,12,stagnation1,0,92.48485792498715,100.68539124978085,103.28260170259523,103.88112112242644,112.12375576468519
1988,3,1988-03-01,23858,12,stagnation1,0,98.3131268202581,100.34104360070963,102.92937150062863,104.57155955816017,109.22927077967272
1988,4,1988-04-01,23859,12,stagnation1,0,94.4131310282238,99.8555462413199,102.43135058840797,101.35988754744446,106.20189974992685
1988,5,1988-05-01,23860,12,stagnation1,0,91.45675828264679,99.56613111298356,103.09198056373543,103.76397569761087,108.66256370441299
1988,6,1988-06-01,23861,12,stagnation1,0,94.71195466081568,99.71073274319332,102.71866579310523,103.32424964708945,108.54667125733916
1988,7,1988-07-01,23862,12,stagnation1,0,96.67076218076457,97.88174772497662,101.20989043451435,102.82464500799023,108.0218145978021
1988,8,1988-08-01,23863,12,stagnation1,0,96.38517388469816,98.37332254631963,100.91089247999102,101.49566791966949,105.24091677709974
1988,9,1988-09-01,23864,12,stagnation1,0,95.91753785961009,102.55775675228722,102.93183130542694,102.02347181263184,107.1801468987499
1988,10,1988-10-01,23865,12,stagnation1,0,95.60542865776577,102.22404072582135,103.222488907447,101.6914943133404,111.40987806607079
1988,11,1988-11-01,23866,12,stagnation1,0,95.38422299903543,101.98752135046477,102.98365938725004,101.45620710943716,109.62947351762304
1988,12,1988-12-01,23867,12,stagnation1,0,95.08746905106962,100.7459488377501,101.10775852936136,101.14056235122943,106.41239001863183
1989,1,1989-01-01,23868,12,stagnation1,0,94.60200958975756,101.15115654849797,100.65346558904183,100.62419943395106,105.71014968699261
1989,2,1989-02-01,23869,12,stagnation1,0,94.28835802078333,99.899284184917,102.66424652116672,100.29058138327646,105.359669243188
1989,3,1989-03-01,23870,12,stagnation1,0,93.93859904416415,100.44181914388845,102.89810151320374,99.91855739383097,104.96884167056966
1989,4,1989-04-01,23871,12,stagnation1,0,93.31716592830584,99.77736519984232,103.1943867727338,99.25756498937618,105.92958990355827
1989,5,1989-05-01,23872,12,stagnation1,0,92.97781298124413,99.41451938692262,101.845679368944,98.89660945818063,105.61693294623325
1989,6,1989-06-01,23873,12,stagnation1,0,92.77505964705036,99.19772976124024,101.64900045124836,100.65456820423485,108.40781946913775
1989,7,1989-07-01,23874,12,stagnation1,0,92.55385525484643,98.96121174008968,102.35028294594971,101.51716806001428,106.37640172125435
1989,8,1989-08-01,23875,12,stagnation1,0,92.54258116256955,98.94915716030022,100.52116792634577,98.43367158284131,105.18162784538072
1989,9,1989-09-01,23876,12,stagnation1,0,96.95375503598694,101.42186307084401,102.71457787911889,101.27048219634436,106.12705605621342
1989,10,1989-10-01,23877,12,stagnation1,0,91.97758468822049,102.63646710422553,104.72227746388835,102.98179839225239,110.1188202714065
1989,11,1989-11-01,23878,12,stagnation1,0,96.3664607393672,99.55856083209274,104.49456140623973,101.52477256064789,106.5496916965244
1989,12,1989-12-01,23879,12,stagnation1,0,91.51226006381053,102.29512259312789,104.49187971665349,101.0365971002079,106.11417512592155
1990,1,1990-01-01,23880,12,stagnation1,0,95.36581503155487,104.17493511148564,104.0038230536985,100.47056420724371,106.32200002959821
1990,2,1990-02-01,23881,12,stagnation1,0,96.07777825842504,104.59689198209422,105.08598607008366,101.95345655490186,105.95180472691573
1990,3,1990-03-01,23882,12,stagnation1,0,95.71646735141759,102.45222395620571,103.85991946473324,103.10318234528492,110.57058149990274
1990,4,1990-04-01,23883,12,stagnation1,0,96.41480698559963,104.8589457398967,102.94193166088894,99.44474780713597,107.62817704198072
1990,5,1990-05-01,23884,12,stagnation1,0,95.3015722239203,104.62372496432904,102.711011153031,100.17572676232986,107.38674429536943
1990,6,1990-06-01,23885,12,stagnation1,0,94.88229139502008,104.16343117166628,104.5964839732972,101.44474490226641,108.33981848126152
1990,7,1990-07-01,23886,12,stagnation1,0,94.6486577188267,99.92384453282118,101.307855450993,98.99670974402258,108.0730476255228
1990,8,1990-08-01,23887,12,stagnation1,0,95.12955715471641,102.70442208914727,101.33346397868758,99.3216371217497,107.35910659937578
1990,9,1990-09-01,23888,12,stagnation1,0,94.54900962159657,102.59060039915767,100.71505583830658,100.28717118836495,105.94792627150314
1990,10,1990-10-01,23889,12,stagnation1,0,92.91789671533498,102.0068844968027,103.00321165835855,100.46071468770329,109.06332854514487
1990,11,1990-11-01,23890,12,stagnation1,0,94.98392977899489,101.87788485637678,102.87295204566487,103.22394069949122,110.42421878123294
1990,12,1990-12-01,23891,12,stagnation1,0,93.49270365121164,101.78260157740698,102.77673811069722,100.23983133766386,106.14211880188387
1991,1,1991-01-01,23892,12,stagnation1,0,97.79506130121204,101.39661397477923,104.09343014355696,103.55820154177397,111.01270205944418
1991,2,1991-02-01,23893,12,stagnation1,0,97.74553106169536,101.34525965780732,102.33512456143711,103.50575244610357,108.18256554769559
1991,3,1991-03-01,23894,12,stagnation1,0,95.553113572092,101.32373945435504,104.70668993462355,103.15525355608229,110.93291638311393
1991,4,1991-04-01,23895,12,stagnation1,0,97.54791080063015,101.14036152636582,102.12822513787975,101.4519061549846,108.21550783859549
1991,5,1991-05-01,23896,12,stagnation1,0,97.14559258961857,100.72322692064867,102.20927314295304,101.03348664140414,110.27545341296101
1991,6,1991-06-01,23897,12,stagnation1,0,96.9818198285662,100.5534228097758,101.53555364169951,100.12960922885523,109.97945614875547
1991,7,1991-07-01,23898,12,stagnation1,0,96.8295671455848,100.39556303324436,101.37615200861737,102.53581005261798,109.91671506774267
1991,8,1991-08-01,23899,12,stagnation1,0,96.60442210240831,100.16212644935604,101.14043539029633,100.47065780138404,109.66114020265485
1991,9,1991-09-01,23900,12,stagnation1,0,96.27330820713583,99.81881843999533,100.79377420437118,101.94677033536796,109.28527410354367
1991,10,1991-10-01,23901,12,stagnation1,0,96.09393615843639,99.63284055790346,102.95933608235765,102.96821855664687,109.081658751857
1991,11,1991-11-01,23902,12,stagnation1,0,95.88295054608794,99.41408486201371,100.38508749068774,103.60551896825736,108.84215705707993
1991,12,1991-12-01,23903,12,stagnation1,0,95.64382947619217,99.16615754855994,102.80499830438106,101.28019592539299,107.1421551454464
1992,1,1992-01-01,23904,12,stagnation1,0,96.47882872958729,99.03158870230642,104.55435880617753,102.58765486860977,108.42338634519967
1992,2,1992-02-01,23905,12,stagnation1,0,98.4479420046349,98.78084388004315,103.62465942970158,101.39110142522274,108.14886179101894
1992,3,1992-03-01,23906,12,stagnation1,0,97.15420045515344,98.54232240599643,105.03285532642158,103.7239718301002,107.8877198031838
1992,4,1992-04-01,23907,12,stagnation1,0,100.05207169461276,102.37178737013731,104.74996767919187,103.0963800536283,107.59714307721315
1992,5,1992-05-01,23908,12,stagnation1,0,99.91909740506404,98.84734586423842,102.95900096841875,101.31258275992059,107.45414100423424
1992,6,1992-06-01,23909,12,stagnation1,0,94.49274998379924,97.97268661667961,99.47921969099092,100.23996327036984,107.26406181616706
1992,7,1992-07-01,23910,12,stagnation1,0,97.32125518016905,97.65034716225472,101.34312633098791,101.7674196691385,106.91115285389172
1992,8,1992-08-01,23911,12,stagnation1,0,97.19120586811705,99.9578545404494,102.5753742944598,100.38136242021548,106.76828866812271
1992,9,1992-09-01,23912,12,stagnation1,0,99.1192804183175,99.79469134185247,103.22720197391841,103.31036188004784,106.59400866213514
1992,10,1992-10-01,23913,12,stagnation1,0,96.69109784580465,99.44351042358919,102.31968827278955,101.10847331887693,106.21890071460815
1992,11,1992-11-01,23914,12,stagnation1,0,98.57621617901259,100.86171402059968,103.20481409126671,102.74433514085113,106.00999116337752
1992,12,1992-12-01,23915,12,stagnation1,0,98.40418089772285,100.68569008688135,103.02470097766938,101.36309176103985,105.8249824527957
1993,1,1993-01-01,23916,12,stagnation1,0,98.16555856016079,100.44153527040505,103.67640822981808,105.51369839917105,107.41581165180165
1993,2,1993-02-01,23917,12,stagnation1,0,98.01776705043169,100.29031720212478,103.48431288501679,102.16227298985686,105.40942857859996
1993,3,1993-03-01,23918,12,stagnation1,0,99.87667496661248,100.08526582636107,105.10533701206838,105.13943782493256,106.61545011522651
1993,4,1993-04-01,23919,12,stagnation1,0,98.58437524764595,99.81933244273704,107.40639886323284,104.86007516128512,104.91440337834823
1993,5,1993-05-01,23920,12,stagnation1,0,101.3519983944477,99.51187912179779,104.50319040913163,102.79481092806243,109.8208195768738
1993,6,1993-06-01,23921,12,stagnation1,0,97.22402760822513,99.47817484436452,102.32486645403063,104.50168956070311,109.78362370233465
1993,7,1993-07-01,23922,12,stagnation1,0,97.06861023520594,95.3463879422535,102.16129514012756,104.33463848837935,108.56424225466488
1993,8,1993-08-01,23923,12,stagnation1,0,97.9233138392798,99.14998998029301,106.79297400229215,104.15693180014532,105.25300467438272
1993,9,1993-09-01,23924,12,stagnation1,0,101.89712991447126,99.83901538661243,102.68109746450732,104.04836514631766,107.48559668126033
1993,10,1993-10-01,23925,12,stagnation1,0,101.57793746252888,99.52626997221739,106.34747972631727,103.7224339565037,110.26218355681708
1993,11,1993-11-01,23926,12,stagnation1,0,101.38583374807872,102.49163513499666,106.14635587611727,103.5262745804364,110.05365623726541
1993,12,1993-12-01,23927,12,stagnation1,0,96.29451241639875,98.84239551288687,106.12207794409107,103.50259591679838,106.79235272177883
1994,1,1994-01-01,23928,12,stagnation1,0,101.3286531516413,100.00693703837963,106.08649039280196,103.46788679677263,111.9326150828338
1994,2,1994-02-01,23929,12,stagnation1,0,99.98238558892439,98.26639161469214,103.95964093356538,103.22871289943839,113.61041549485488
1994,3,1994-03-01,23930,12,stagnation1,0,99.80874640560951,101.91651183548426,104.17856499726857,102.94534548759378,111.34992613982662
1994,4,1994-04-01,23931,12,stagnation1,0,97.67686150904292,100.6774540386125,104.89888093843419,102.82371045088952,110.07837247690615
1994,5,1994-05-01,23932,12,stagnation1,0,100.55157177111639,97.73872497792645,102.64109849852741,102.67439980359502,111.07421276178289
1994,6,1994-06-01,23933,12,stagnation1,0,99.30422066252223,98.99889994969003,100.97663765582284,102.42496447089978,112.72583415740701
1994,7,1994-07-01,23934,12,stagnation1,0,99.99195200674292,97.97231819304498,100.659653664614,102.10296543998243,110.45602923984642
1994,8,1994-08-01,23935,12,stagnation1,0,99.7623579758123,99.74220560613206,103.40218408878482,101.86852425811854,110.20240837851892
1994,9,1994-09-01,23936,12,stagnation1,0,99.65169037237327,100.7385776952738,104.3307866482188,101.75552025867168,110.12851841352351
1994,10,1994-10-01,23937,12,stagnation1,0,99.48317087981738,100.56822018371957,104.154354405492,101.58344301066238,110.93958568495503
1994,11,1994-11-01,23938,12,stagnation1,0,99.29445183366609,100.3774428048086,103.9567741490318,101.3907397594472,107.29553278235893
1994,12,1994-12-01,23939,12,stagnation1,0,99.23071698228533,100.31301280614298,103.89004665894494,103.92297374980151,112.10016364146635
1995,1,1995-01-01,23940,12,stagnation1,0,99.02967451785835,100.10977759912294,103.67956434414441,101.12037250905705,109.44110724938292
1995,2,1995-02-01,23941,12,stagnation1,0,98.85442942866901,99.93262113577498,103.49609070769087,100.94142767473858,111.33602904942173
1995,3,1995-03-01,23942,12,stagnation1,0,98.67247975894723,99.74868696595405,103.30559768041233,103.33833953500005,110.88862225441112
1995,4,1995-04-01,23943,12,stagnation1,0,98.41391862496154,99.48730574113321,103.03489593511749,100.49161688032734,110.59804996934993
1995,5,1995-05-01,23944,12,stagnation1,0,98.26262673663771,101.24463995856144,102.87650021033512,103.68170197428944,112.93775529004661
1995,6,1995-06-01,23945,12,stagnation1,0,98.16685561026442,99.23754804401148,102.77623219766645,103.95190598325229,112.82768113069012
1995,7,1995-07-01,23946,12,stagnation1,0,98.04378869886253,99.11313885868152,102.64738673976255,100.11367283288799,110.18209612223355
1995,8,1995-08-01,23947,12,stagnation1,0,97.83312181904216,98.90017426408907,102.42682809986137,102.22952475140548,109.94534763760048
1995,9,1995-09-01,23948,12,stagnation1,0,97.76549689477574,102.63303529343264,102.35602788042327,103.35681498277056,114.72843716264954
1995,10,1995-10-01,23949,12,stagnation1,0,97.51309151047036,105.41968565558979,102.09177092501766,104.01931078773517,112.14553037333681
1995,11,1995-11-01,23950,12,stagnation1,0,97.51595243234134,102.37106653723764,102.09476618007277,99.57469297503955,107.76824078876508
1995,12,1995-12-01,23951,12,stagnation1,0,97.3289159789206,98.84457897748172,101.89894752166003,101.92130517933256,111.54557731903192
1996,1,1996-01-01,23952,12,stagnation1,0,97.11279380237653,104.06230911222615,101.67267743425147,105.3375738215101,114.09655941351909
1996,2,1996-02-01,23953,12,stagnation1,0,96.95981565578,105.10475095379091,101.51251627376577,105.40925584333438,114.26353076477285
1996,3,1996-03-01,23954,12,stagnation1,0,96.66795063562867,101.48084451520283,101.20694687465472,101.93327539031382,109.20502657532644
1996,4,1996-04-01,23955,12,stagnation1,0,96.379234792749,101.177754117944,100.9046745208905,102.51455952292127,110.77308632547435
1996,5,1996-05-01,23956,12,stagnation1,0,96.2132368633167,101.1045960969502,100.73088224004778,103.91154347375269,113.32052558554905
1996,6,1996-06-01,23957,12,stagnation1,0,96.21462942149161,101.75313823150739,100.73234018510921,103.91304745463982,113.41853171697853
1996,7,1996-07-01,23958,12,stagnation1,0,96.01174171844934,101.53857147988904,100.51992598941868,100.5078490750772,110.3507096368552
1996,8,1996-08-01,23959,12,stagnation1,0,95.92030592269133,104.42545674296322,100.4241968706893,104.47505007156741,112.69552090059895
1996,9,1996-09-01,23960,12,itboom,0,95.64979296623372,104.13095769230608,102.58887278478008,104.18041115857545,112.75294253756094
1996,10,1996-10-01,23961,12,itboom,0,95.36164571806044,103.81726073616862,103.33368072673409,105.48948030431401,112.41302808615475
1996,11,1996-11-01,23962,12,itboom,0,95.19231540045934,103.63291608061489,102.21558643406668,103.6821330189142,111.8402142965963
1996,12,1996-12-01,23963,12,itboom,0,95.08202879766965,103.51285048284436,99.54655885415481,101.13477578130917,111.15937227672399
1997,1,1997-01-01,23964,12,itboom,0,95.9080152985341,103.37829338843768,102.59850661285225,105.66400669815137,112.3900405628495
1997,2,1997-02-01,23965,12,itboom,0,99.49884120580307,103.16313992184831,104.56760151642553,105.79243709979305,116.17380919258088
1997,3,1997-03-01,23966,12,itboom,0,94.66094640598472,103.0544311663593,101.58334736379659,103.21077272013397,111.5872802195507
1997,4,1997-04-01,23967,12,itboom,0,96.45938857637184,102.95327380228157,103.9588445886683,103.00216796753402,111.82129236521881
1997,5,1997-05-01,23968,12,itboom,0,98.77398621815674,103.0001626577322,104.00619141948494,103.0490790912561,111.44732511451255
1997,6,1997-06-01,23969,12,itboom,0,94.49006369911696,102.86839647284485,103.87313824078703,103.0812746961997,114.63520706938122
1997,7,1997-07-01,23970,12,itboom,0,99.15537133034479,102.807020891803,101.14173327827878,105.74866625667386,112.55686686657555
1997,8,1997-08-01,23971,12,itboom,0,100.96372616970184,102.72530061969596,102.74075287946849,104.30998814309721,111.230897848374
1997,9,1997-09-01,23972,12,itboom,0,103.54462556635943,105.40595842200625,105.44997145044513,107.73311674081712,115.5862006118671
1997,10,1997-10-01,23973,12,itboom,0,103.40990860810476,102.34468589005516,104.57460187750969,105.72107298550324,115.4358169364472
1997,11,1997-11-01,23974,12,itboom,0,103.40405930053036,102.33889683604251,106.74371537304269,107.63485855901374,115.42968755034737
1997,12,1997-12-01,23975,12,itboom,0,103.4259976166717,106.0163452078218,104.11590648723603,107.70089837653858,115.45377699339552
1998,1,1998-01-01,23976,12,itboom,0,103.37482268570888,105.96388857919881,108.22873681438472,107.64760823512286,115.39545061085066
1998,2,1998-02-01,23977,12,itboom,0,103.42892342885055,108.21284797333182,108.28537783140241,107.70394512114248,116.38163119593283
1998,3,1998-03-01,23978,12,itboom,0,105.29306684660601,107.46495969580626,108.26853241836119,107.68719015867137,116.65438186897956
1998,4,1998-04-01,23979,12,itboom,0,106.10113853974846,108.35358731005162,108.13395755956832,107.86174257877911,117.03066993624893
1998,5,1998-05-01,23980,12,itboom,0,105.95596877547236,108.7886528725289,107.98600645041707,106.38435942693768,115.36895123476009
1998,6,1998-06-01,23981,12,itboom,0,107.92263295777961,109.46461235856339,108.07747479780221,107.59525502349547,117.71524751024107
1998,7,1998-07-01,23982,12,itboom,0,107.6566639285216,108.61247071395486,107.81112416986787,108.33631241802844,114.95177840882074
1998,8,1998-08-01,23983,12,itboom,0,107.50829309732123,109.04435248381104,107.66254046383412,108.82339905177528,117.02984612899583
1998,9,1998-09-01,23984,12,itboom,0,107.57031682165166,109.1072623920925,107.72465317661248,108.84797580980585,119.4546004807192
1998,10,1998-10-01,23985,12,itboom,0,108.26805042160427,108.86828435222942,109.19875102603912,111.50683735782123,119.45450203437812
1998,11,1998-11-01,23986,12,itboom,0,108.07682904073232,108.8636988798871,109.61268850218495,111.18447083440576,119.99841626641032
1998,12,1998-12-01,23987,12,itboom,0,107.57609543630238,108.7537633091929,109.81598895053932,111.07219164143991,119.0675768235192
1999,1,1999-01-01,23988,12,itboom,0,111.72691046853318,112.07668901851928,112.09911808578374,110.34619563823762,118.90081084012536
1999,2,1999-02-01,23989,12,itboom,0,111.78953941579543,110.11115073251894,110.21131296805122,110.97879872826287,121.34681036759068
1999,3,1999-03-01,23990,12,itboom,0,111.70500691245631,112.19949042597129,112.07714156008494,110.89487928711395,118.87750087328835
1999,4,1999-04-01,23991,12,itboom,0,111.16794115741085,113.82120945173071,111.53828662135801,112.11348169067261,118.30595053253717
1999,5,1999-05-01,23992,12,itboom,0,111.09517511047201,110.71154139529406,111.07757284588422,111.73898897110311,120.85581250463002
1999,6,1999-06-01,23993,12,itboom,0,111.06114712823117,109.3936943999539,111.43113681798775,111.20073778444488,118.53742085363201
1999,7,1999-07-01,23994,12,itboom,0,110.58198513836471,111.25692559117243,111.32888386520192,111.77452643890724,120.61928261314041
1999,8,1999-08-01,23995,12,itboom,0,110.56547587781132,114.63733165410119,111.30278979848993,112.89971578558749,122.3713934697816
1999,9,1999-09-01,23996,12,itboom,0,110.16998292474943,114.22727366387355,112.93998212855142,112.49587325118517,121.87409813983277
1999,10,1999-10-01,23997,12,itboom,0,109.98466756238652,114.03513359042718,115.14894371734418,115.18606314829262,126.04993198676193
1999,11,1999-11-01,23998,12,itboom,0,109.88618830250891,113.93302758051756,112.07382286811094,112.20608720415689,123.42646148084874
1999,12,1999-12-01,23999,12,itboom,0,109.63096565056871,113.66840570317456,114.04213767140082,111.94547633410613,123.32049335002647
2000,1,2000-01-01,24000,12,itboom,0,109.33345148274189,113.35993481695827,114.46715010588198,113.31010399756514,121.00781645067643
2000,2,2000-02-01,24001,12,itboom,0,108.98987517088622,113.00370543072361,114.10744133671159,112.95403120283024,125.80178001363727
2000,3,2000-03-01,24002,12,itboom,0,108.52429023375733,112.52097414026383,113.61999508707241,114.36645608383479,123.9627228873522
2000,4,2000-04-01,24003,12,itboom,0,108.61442668743986,112.61443009885208,113.71436385375603,112.56492698881256,121.36790067236852
2000,5,2000-05-01,24004,12,itboom,0,108.52429023375733,112.52097414026383,113.61999508707241,111.93478481843901,122.1553181537543
2000,6,2000-06-01,24005,12,itboom,0,108.15790267147995,112.1410934211038,113.23640397639797,114.473298784926,123.95633480310022
2000,7,2000-07-01,24006,12,itboom,0,107.88728483793845,111.8605093953136,112.95307941512945,114.75519085691369,128.46381084060397
2000,8,2000-08-01,24007,12,itboom,0,111.09145750162502,111.868074284904,112.96071819291879,116.2931241944563,124.69713772156939
2000,9,2000-09-01,24008,12,itboom,0,111.90885365647182,114.86988091985025,112.47693986525961,114.27145473211954,123.47711172429474
2000,10,2000-10-01,24009,12,itboom,0,111.7568383481547,113.32337256746158,112.50199945254587,116.00295177295591,125.82124005466255
2000,11,2000-11-01,24010,12,itboom,0,111.6007387042232,112.47082049682828,112.16726082000694,114.79143306113228,120.62879699316842
2000,12,2000-12-01,24011,12,itboom,0,111.43012969787647,112.99208432914229,114.04904181815053,115.29972568683442,126.97661596894432
2001,1,2001-01-01,24012,12,itboom,0,115.32902431228793,117.2767654932652,116.10023280656763,116.13687883564364,129.47785180259845
2001,2,2001-02-01,24013,12,itboom,0,110.72188734810183,111.58511728137115,114.99341306236585,115.95736868287563,126.69216639280012
2001,3,2001-03-01,24014,12,stagnation2,0,113.87474833168532,117.08457253935578,113.82260206137039,115.94745831703288,130.50790675867609
2001,4,2001-04-01,24015,12,stagnation2,0,110.51719315440631,116.87901621212907,115.70647378751283,115.47456201252989,129.26812417588616
2001,5,2001-05-01,24016,12,stagnation2,0,114.63599455817946,116.57203146436753,115.86417901758138,115.43939475212703,125.60553464774353
2001,6,2001-06-01,24017,12,stagnation2,0,114.43410113838236,114.99770802178416,115.19932525572348,115.23658576743166,129.61333650910845
2001,7,2001-07-01,24018,12,stagnation2,0,114.47199673835136,116.40526395747086,113.85462457348078,115.2736767059902,129.65625881200708
2001,8,2001-08-01,24019,12,stagnation2,0,114.48564529924697,117.39745514915306,117.2796354619227,115.40389528398761,129.76618808982613
2001,9,2001-09-01,24020,12,stagnation2,0,114.87676565286878,117.34460622012594,116.84765735927536,115.68235452676439,130.2095117680146
2001,10,2001-10-01,24021,12,stagnation2,0,114.47351308441104,119.83053549809217,117.01091562610664,119.88744494631608,129.7524365730466
2001,11,2001-11-01,24022,12,stagnation2,0,118.95670388563744,122.65237922252459,119.75199336667616,116.66935832710853,129.8401524604981
2001,12,2001-12-01,24023,12,stagnation2,0,116.3126346944406,118.93818244735711,117.21120500041194,116.63999419891772,129.97453580367602
2002,1,2002-01-01,24024,12,stagnation2,0,118.97247415301895,123.35393909271524,119.76786906676848,119.98439625468698,132.02157995981202
2002,2,2002-02-01,24025,12,stagnation2,0,118.77250189042024,120.13635206182866,119.56655988214902,119.78272312511307,133.96025111999688
2002,3,2002-03-01,24026,12,stagnation2,0,116.69629500691852,118.17377448127647,119.41986920328118,119.45861428252967,129.288319387728
2002,4,2002-04-01,24027,12,stagnation2,0,120.57885970921636,119.58385416138408,118.9222864149342,118.96087005635245,132.65139214011973
2002,5,2002-05-01,24028,12,stagnation2,0,117.88010899561769,122.2213448010325,118.84418166883219,117.78536083144054,130.80159658928304
2002,6,2002-06-01,24029,12,stagnation2,0,117.73319380565921,122.0690190843241,116.41344831164264,118.30281309878619,129.19074984770606
2002,7,2002-07-01,24030,12,stagnation2,0,117.47428033767982,116.92854764853455,116.15743716773737,118.47345953015716,131.1291677115529
2002,8,2002-08-01,24031,12,stagnation2,0,117.24406801191974,120.88653620744519,117.54166369428924,118.24128913012679,132.20309982750896
2002,9,2002-09-01,24032,12,stagnation2,0,119.2003471768806,121.34310950173581,117.99021335726184,118.02849459301908,128.4224893668757
2002,10,2002-10-01,24033,12,stagnation2,0,116.81978492647028,117.75747238153598,117.77518582741952,117.81339729875026,132.60874124049317
2002,11,2002-11-01,24034,12,stagnation2,0,119.29775734654383,121.0022625031224,117.65878448376651,117.69695818936101,131.62761426485724
2002,12,2002-12-01,24035,12,stagnation2,0,116.59212817601917,119.54275379234194,117.5456672051577,117.5838042105117,132.35031519450084
2003,1,2003-01-01,24036,12,stagnation2,0,118.82798987936924,120.52578308185912,117.19547091939477,117.23349430560867,129.5798682873098
2003,2,2003-02-01,24037,12,stagnation2,0,115.7574581151662,120.02052188559456,118.76893696450186,117.8642176613786,133.33007559349792
2003,3,2003-03-01,24038,12,stagnation2,0,117.3426713024934,119.71323228951564,119.39012528323158,119.12133139590483,131.06640219795338
2003,4,2003-04-01,24039,12,stagnation2,0,119.94111512513226,119.91688657098713,118.84577221323353,120.43207043404213,133.72065495025467
2003,5,2003-05-01,24040,12,stagnation2,0,120.07884684538071,120.05459046891261,116.73729808072092,119.69455213581851,131.4401335522802
2003,6,2003-06-01,24041,12,stagnation2,0,119.94884448502846,119.92461436952371,116.61091342022216,116.64874715016877,134.3055756287773
2003,7,2003-07-01,24042,12,stagnation2,0,119.5973957271562,119.57323660561586,116.26924476262201,117.42496836660891,132.4059988541776
2003,8,2003-08-01,24043,12,stagnation2,0,118.51343416556954,119.17046811181757,119.59232217478583,118.52329321904429,130.47216422899788
2003,9,2003-09-01,24044,12,stagnation2,0,118.82321854250205,119.45921145102626,119.95955793617027,118.00961444923458,132.1805931902891
2003,10,2003-10-01,24045,12,stagnation2,0,118.8080495564371,118.78404988577742,119.94424388488457,123.31513586069613,135.25106347604918
2003,11,2003-11-01,24046,12,stagnation2,0,118.65808529559855,118.63411591828084,119.45121402602386,119.72075627496517,134.21444454470694
2003,12,2003-12-01,24047,12,stagnation2,0,118.3969333490794,118.37301672543225,119.52919605921586,116.14700394483566,129.59908543777016
2004,1,2004-01-01,24048,12,stagnation2,0,117.94080454579814,117.91698006187639,119.06870516968486,118.10952353362596,134.4789582361212
2004,2,2004-02-01,24049,12,stagnation2,0,117.69023794408471,120.28127438834434,121.0160338546973,120.17489464169935,134.19325613584343
2004,3,2004-03-01,24050,12,stagnation2,0,117.50894513698894,118.00736436979638,118.63271576957617,119.98977441106149,133.49551291812278
2004,4,2004-04-01,24051,12,stagnation2,0,117.29124273314834,119.02004784123183,122.798595543835,121.19327919498463,133.73831214496116
2004,5,2004-05-01,24052,12,stagnation2,0,116.91109675273087,116.88748027363705,120.02752713819001,117.52039804069646,132.23842161864297
2004,6,2004-06-01,24053,12,stagnation2,0,116.57865924145241,116.55510991598004,119.75265119370007,119.03984847467348,131.86240075322186
2004,7,2004-07-01,24054,12,stagnation2,0,116.4706957750377,116.44716825858963,119.76202877326698,118.08010851795889,132.377736000058
2004,8,2004-08-01,24055,12,stagnation2,0,116.41096422465648,116.38744877420514,117.52423456126215,118.86861310861907,132.73459729635113
2004,9,2004-09-01,24056,12,stagnation2,0,116.18135106741721,117.44852513301277,120.29858697491885,122.16493074179364,135.65213370399715
2004,10,2004-10-01,24057,12,stagnation2,0,115.68455332518381,118.87399529613207,119.78418370921464,119.25188411794616,131.90632601747825
2004,11,2004-11-01,24058,12,stagnation2,0,115.24048324505793,115.21720423614508,120.53089210553892,120.07491951996744,134.5535862481115
2004,12,2004-12-01,24059,12,stagnation2,0,115.17915552907002,115.15588890858531,120.08991355803511,117.61079867305675,131.33005922518396
2005,1,2005-01-01,24060,12,stagnation2,0,115.0282539941462,121.39418551502169,122.40783144453395,123.04988806006928,137.21099169938745
2005,2,2005-02-01,24061,12,stagnation2,0,114.70925092324096,118.38151955583655,120.09536757409076,122.7086389251593,140.83926199675787
2005,3,2005-03-01,24062,12,stagnation2,0,114.3667090126499,117.51981780133003,119.73674177598933,120.25683087115989,132.4098183917694
2005,4,2005-04-01,24063,12,stagnation2,0,114.04716672064002,120.35880258647182,119.40219553228597,119.92083149076184,133.373200063895
2005,5,2005-05-01,24064,12,stagnation2,0,113.98291400879847,117.0670005379977,119.33492586585423,119.85326963147912,133.29840588879634
2005,6,2005-06-01,24065,12,stagnation2,0,113.91176188377463,113.88875128154962,119.26043282767604,118.11678662463069,130.5083940759886
2005,7,2005-07-01,24066,12,stagnation2,0,113.43137929825203,113.52085250295275,117.06095848312586,119.27332974356622,132.4412953492551
2005,8,2005-08-01,24067,12,stagnation2,0,112.97559932874938,117.34538586177553,118.28031321875199,116.73406328229058,130.9198129251891
2005,9,2005-09-01,24068,12,stagnation2,0,111.89572146761395,117.21816708961289,117.14973022196332,119.26363585462026,134.3012718786192
2005,10,2005-10-01,24069,12,stagnation2,0,111.71707515640583,119.14080841505444,116.96269566077825,119.26637027203444,133.2612652952685
2005,11,2005-11-01,24070,12,stagnation2,0,111.95090815585506,118.14653218972296,117.2075081741003,117.7683249336918,133.54039628998237
2005,12,2005-12-01,24071,12,stagnation2,0,111.95090815585506,119.3901798969832,117.39355183786871,117.7683249336918,130.92103607094114
2006,1,2006-01-01,24072,12,stagnation2,0,113.79818869855622,121.53702128032972,120.16631063179642,120.84653727251192,136.79657688997807
2006,2,2006-02-01,24073,12,stagnation2,0,111.3441680932282,120.59848250077152,120.73557460527853,119.43373040603088,136.722870361969
2006,3,2006-03-01,24074,12,stagnation2,0,111.12878162424938,120.36519429399003,119.86211391966762,119.89165015455924,136.44318539776185
2006,4,2006-04-01,24075,12,stagnation2,0,112.98529618761745,119.5629218022706,119.30792883242981,118.32884403965085,135.2069331879335
2006,5,2006-05-01,24076,12,stagnation2,0,110.31864185944202,117.83633860246829,116.98358160885078,116.0512395545659,135.10086888924414
2006,6,2006-06-01,24077,12,stagnation2,0,110.04730984053717,118.91599541730714,117.02504133390698,118.36370952996191,135.51689300678044
2006,7,2006-07-01,24078,12,stagnation2,0,112.98619981345219,121.83374290255621,118.2668066992124,119.98704739827956,134.67020665505692
2006,8,2006-08-01,24079,12,stagnation2,0,113.23311828455097,119.6298295318266,118.14113101003177,116.9526847961941,134.2478049496014
2006,9,2006-09-01,24080,12,stagnation2,0,115.87943915117677,121.77060322754606,118.86130206364517,117.79286716738666,134.58541617772212
2006,10,2006-10-01,24081,12,stagnation2,0,116.15305592327466,122.05813033015885,119.82668357424082,120.72092128277804,134.9182356536424
2006,11,2006-11-01,24082,12,stagnation2,0,117.6824000901726,122.01635476065566,123.20811950282743,122.83726667890606,134.87205858935712
2006,12,2006-12-01,24083,12,stagnation2,0,113.82602530506826,121.58443592088997,120.72578230196675,119.74151928830565,138.17343644546486
2007,1,2007-01-01,24084,12,stagnation2,0,116.87546816588231,121.17970550922588,122.36329848556039,121.99498854810808,133.9472595566461
2007,2,2007-02-01,24085,12,stagnation2,0,116.51356541802987,120.80447476922582,121.90307983639289,121.93449564683807,138.87419087541133
2007,3,2007-03-01,24086,12,stagnation2,0,116.08898691457395,120.36426007899405,121.539888392601,121.5784094547865,137.57086567820235
2007,4,2007-04-01,24087,12,stagnation2,0,115.81661682355063,120.08185926436902,121.25472929745948,121.29359798719149,136.46584798168053
2007,5,2007-05-01,24088,12,stagnation2,0,115.48128971857889,119.73418288311116,120.09763269215456,119.11041562549741,133.7111264634615
2007,6,2007-06-01,24089,12,stagnation2,0,115.2370585819831,119.48095731171186,120.64795818273726,120.6864580437416,137.35270405654265
2007,7,2007-07-01,24090,12,stagnation2,0,115.06153220064866,119.29896672349862,120.46419004620381,121.93668908413383,141.28718428376712
2007,8,2007-08-01,24091,12,stagnation2,0,116.19360002377645,119.21780160545568,120.38223216782833,125.23814105932604,137.05018599294948
2007,9,2007-09-01,24092,12,stagnation2,0,114.54209389620712,118.76039877805862,119.92036177078676,119.95862944915703,136.52436567312907
2007,10,2007-10-01,24093,12,stagnation2,0,114.19578371057989,118.40133483617485,119.5577907601419,122.08717937796327,138.54215776377907
2007,11,2007-11-01,24094,12,stagnation2,0,113.5934592000594,117.77682818861841,118.92718439746723,122.68305337631709,135.39367436357045
2007,12,2007-12-01,24095,12,stagnation2,0,117.1090844938674,117.50508905284048,118.65279111649924,121.16303338021682,136.4449667509318
2008,1,2008-01-01,24096,12,stagnation2,0,119.07526289537262,117.20934806277481,119.61660593889009,123.1282633002829,134.60132060787097
2008,2,2008-02-01,24097,12,stagnation2,0,120.34242196574462,116.97594255872364,121.13705959769744,125.34073255321273,140.38308177447547
2008,3,2008-03-01,24098,12,stagnation2,0,119.99891620890665,116.64204609042831,120.39868122959383,122.7275992118301,138.1405615977384
2008,4,2008-04-01,24099,12,stagnation2,0,119.62757247552024,116.42662366946827,119.91506792943558,122.50093757970879,137.85675394078575
2008,5,2008-05-01,24100,12,stagnation2,0,119.2655745478408,115.92921905388107,120.33925201227522,121.9775819257744,138.3136441332429
2008,6,2008-06-01,24101,12,stagnation2,0,118.40653632177903,116.19911614186466,117.6129865149365,121.0990098315714,137.9802168039718
2008,7,2008-07-01,24102,12,stagnation2,0,117.85809671645458,114.56111424705097,115.68006176069666,120.53809913170328,136.9648381016225
2008,8,2008-08-01,24103,12,stagnation2,0,117.95351038211908,114.65385879458275,118.86101115893233,123.04832080197987,139.33520978460766
2008,9,2008-09-01,24104,12,stagnation2,0,117.85548481585475,114.55857541220334,115.67749812840394,122.14293459298831,141.10075834703545
2008,10,2008-10-01,24105,12,stagnation2,0,118.63898827873021,117.04996343101017,123.10060932249361,124.82846161160099,142.03879642775772
2008,11,2008-11-01,24106,12,stagnation2,0,120.05580506559707,116.69734352855322,122.78631669415215,122.78578167733974,141.09033454105494
2008,12,2008-12-01,24107,12,stagnation2,0,120.73036775155444,118.47889157105504,121.53678365165914,123.47568339962955,139.47099733430233
2009,1,2009-01-01,24108,12,stagnation2,0,120.71666520834025,117.3397166571153,122.43533026944816,127.68221888366443,146.45328165878433
2009,2,2009-02-01,24109,12,stagnation2,0,120.50057709850273,117.76856256067894,124.58163984832687,128.17142209184868,144.2675564605273
2009,3,2009-03-01,24110,12,stagnation2,0,120.63314700378187,117.25853480503484,123.53466128816797,126.90172762454876,140.65193388746917
2009,4,2009-04-01,24111,12,stagnation2,0,120.46099935643518,120.01848291642497,124.14660549605044,128.12932490355192,144.22017258672525
2009,5,2009-05-01,24112,12,stagnation2,0,120.33561426653742,119.54265045583705,122.04885423626257,124.05752240099483,139.34455924514504
2009,6,2009-06-01,24113,12,stagnation2,0,119.62506678712033,119.76701443991665,121.32819056348457,126.62942554880999,145.6636416783944
2009,7,2009-07-01,24114,12,stagnation2,0,119.61161397827809,116.26557831835895,121.31454622456242,127.2258692152574,143.2032583448967
2009,8,2009-08-01,24115,12,stagnation2,0,119.2655745478408,117.04213955679833,120.96358016798091,124.19609422436115,142.02742652843685
2009,9,2009-09-01,24116,12,stagnation2,0,119.07330547418881,115.7423285480399,120.7685737246489,126.65329298239126,141.6051260197655
2009,10,2009-10-01,24117,12,stagnation2,0,118.62311029272324,116.16951265727562,124.19300029183732,126.17443920412121,140.6670009322153
2009,11,2009-11-01,24118,12,stagnation2,0,118.3274993956461,117.89282042014689,125.07395222553146,125.86001026131828,141.66587091064233
2009,12,2009-12-01,24119,12,stagnation2,0,118.2590860269343,116.67514950748277,120.42640225712816,123.9004331960966,137.95280727372656
2010,1,2010-01-01,24120,12,stagnation2,0,118.00062059750204,120.43463369781631,123.54128189809855,127.03564620644083,145.04184057689977
2010,2,2010-02-01,24121,12,stagnation2,0,118.00323893510156,114.70219623255505,121.49150770246908,125.51510797655844,144.85668873071995
2010,3,2010-03-01,24122,12,stagnation2,0,117.83720475262233,115.6862147857587,123.37019294232293,125.3385043635581,140.8372621757012
2010,4,2010-04-01,24123,12,stagnation2,0,117.77326916372984,116.19583956985375,123.30325528919286,125.27049875273079,139.19749707420587
2010,5,2010-05-01,24124,12,stagnation2,0,117.73546240468063,114.44191052839987,120.3746809885781,125.23028528497238,142.83649077798262
2010,6,2010-06-01,24125,12,stagnation2,0,117.78500723332456,115.63497007538527,121.08045026977395,122.32630562274441,142.06094586886633
2010,7,2010-07-01,24126,12,stagnation2,0,117.68465708664102,114.39252644697953,118.4707292277309,124.42518831911488,142.78827252972053
2010,8,2010-08-01,24127,12,stagnation2,0,117.52341316408966,114.23579318937831,121.88815179146393,125.00473737993767,142.57923294946158
2010,9,2010-09-01,24128,12,stagnation2,0,117.40665774214548,117.77421762840339,121.27318744450733,124.88054952268546,144.1668277077069
2010,10,2010-10-01,24129,12,stagnation2,0,117.03330661168387,113.75939696113726,122.52854815821797,124.48343154629812,143.62866902892534
2010,11,2010-11-01,24130,12,stagnation2,0,116.80068456849666,115.94586457604323,122.28500346101568,126.62505951521693,143.3804746442502
2010,12,2010-12-01,24131,12,stagnation2,0,116.53705502669548,113.27702760250159,119.63102395063439,122.46812242462649,140.6384658330769
2011,1,2011-01-01,24132,12,stagnation2,0,116.18824078757773,118.58486970992954,121.64380268256107,123.5845703869166,146.15264496694974
2011,2,2011-02-01,24133,12,stagnation2,0,115.86548512670834,117.01658984148605,121.30589218783851,123.24126869461006,140.56783707955785
2011,3,2011-03-01,24134,12,stagnation2,0,115.40160078745355,112.17333675352208,120.06509997189544,122.74785433195669,141.66300785598497
2011,4,2011-04-01,24135,12,stagnation2,0,116.3505217045026,114.49195575813546,120.30983053866277,122.2293153663053,137.5792229495868
2011,5,2011-05-01,24136,12,stagnation2,0,114.56627607419853,115.64433821378181,119.94567941109254,121.8593543846175,140.6741689188873
2011,6,2011-06-01,24137,12,stagnation2,0,114.58972773006003,114.10689945326752,118.47060432511037,121.88429892973548,139.0200900719914
2011,7,2011-07-01,24138,12,stagnation2,0,114.3950002492707,111.19489503022375,116.02366261957837,121.67717545585595,140.42733990185434
2011,8,2011-08-01,24139,12,stagnation2,0,114.12618500983349,111.59920127211967,115.82569828636711,121.39124793294904,140.1388889413368
2011,9,2011-09-01,24140,12,stagnation2,0,113.96598988691852,116.31678017065127,121.47590655032663,125.82724757646518,139.94254450370417
2011,10,2011-10-01,24141,12,stagnation2,0,113.96354764517397,111.32938951452648,119.31465016411842,121.21825737294002,139.93918175247595
2011,11,2011-11-01,24142,12,stagnation2,0,113.73079489068053,113.31300202208878,119.07096861812457,121.93845351045755,144.01729624611954
2011,12,2011-12-01,24143,12,stagnation2,0,113.66516273939814,114.90489308391348,119.00225474134916,120.90087783314935,142.97887688422546
2012,1,2012-01-01,24144,12,stagnation2,0,113.27778066944045,112.86165195971779,118.59668333617704,123.93137389729094,144.13226405200655
2012,2,2012-02-01,24145,12,stagnation2,0,113.02499296710494,112.06047681639055,118.3320261111856,120.21995603119015,138.78670294330558
2012,3,2012-03-01,24146,12,stagnation2,0,112.80921405727847,115.13614338579578,119.58244185102028,122.65689527821839,140.4615517382239
2012,4,2012-04-01,24147,12,stagnation2,0,116.18170267609162,118.92725809438261,120.50167930653383,122.9054767453336,141.71580189776833
2012,5,2012-05-01,24148,12,stagnation2,0,112.78768147204131,113.3600460107184,118.08357177119262,119.9675377230506,142.43523586780645
2012,6,2012-06-01,24149,12,stagnation2,0,112.84511997556011,115.1727899398049,118.83058929051018,124.58972069693344,145.49423128569376
2012,7,2012-07-01,24150,12,stagnation2,0,112.80442832785128,109.64881803861695,116.71177669091686,119.98535065288392,138.51622529799337
2012,8,2012-08-01,24151,12,stagnation2,0,114.53444201698906,112.55985188818633,117.7053748233921,121.03467054028592,139.1522268889548
2012,9,2012-09-01,24152,12,stagnation2,0,113.20608451158891,114.39722785649491,119.76844470072689,123.75074594088885,143.13856815340682
2012,10,2012-10-01,24153,12,stagnation2,0,115.246623933474,114.05947152569368,119.22724572195537,121.91563204781554,142.71595338833328
2012,11,2012-11-01,24154,12,stagnation2,0,112.3898312238308,112.88191112737513,117.08163249710343,121.32860525508944,141.89710268042953
2012,12,2012-12-01,24155,12,stagnation2,0,113.24642182896552,114.15542666189634,120.39354113166794,125.49464114241806,142.8360164445836
2013,1,2013-01-01,24156,12,stagnation2,0,112.33355641868324,113.93855831001176,116.87763825942805,123.4920586938177,142.56466174527662
2013,2,2013-02-01,24157,12,stagnation2,0,114.7162778070623,115.15651117320421,119.01088145269037,125.06568003298248,145.13211592212357
2013,3,2013-03-01,24158,12,stagnation2,0,113.89301563322526,116.39117309889201,121.47596409547762,123.94546506028483,145.32362319640086
2013,4,2013-04-01,24159,12,stagnation2,0,114.98445541240218,115.42571793266396,121.7697283302653,124.00603508727966,147.86766558212932
2013,5,2013-05-01,24160,12,stagnation2,0,114.90013917981643,113.71655590226764,119.85778173556847,123.06893492410778,142.51439389926284
2013,6,2013-06-01,24161,12,stagnation2,0,114.6455341239896,114.00488101933144,118.21004293855364,123.9458181888503,145.04261528098758
2013,7,2013-07-01,24162,12,stagnation2,0,114.50311285122406,109.54616535361504,116.2468367417635,122.58935542183859,142.02170300947822
2013,8,2013-08-01,24163,12,stagnation2,0,115.71948928921614,116.92774213958813,118.43253876548681,119.90481156035347,138.86194741862803
2013,9,2013-09-01,24164,12,stagnation2,0,114.28359367179772,115.79937001820247,119.64972379504749,123.76883470322868,144.58471005019928
2013,10,2013-10-01,24165,12,stagnation2,0,117.59113070676744,114.5705613697257,117.68112793627922,120.73763197104364,139.29758241937807
2013,11,2013-11-01,24166,12,stagnation2,0,117.41641662315807,118.1599706039485,121.6641946648659,126.94795671246439,142.4829424142487
2013,12,2013-12-01,24167,12,stagnation2,0,113.76441373912975,112.59252953913716,120.54987712643458,126.3512650628778,145.74083026199187
2014,1,2014-01-01,24168,12,stagnation2,0,114.21696478624277,117.5906640072019,120.66050824773545,126.10375774961581,143.62993077377942
2014,2,2014-02-01,24169,12,stagnation2,0,116.91351576983728,117.65388506877329,121.15570067126974,123.79304804475291,142.2285150434752
2014,3,2014-03-01,24170,12,stagnation2,0,116.7263382152814,117.46552218920235,120.96173141439795,121.5277166973453,140.29693898446763
2014,4,2014-04-01,24171,12,stagnation2,0,113.09229263967808,111.9273319412537,118.40248580689658,123.37566915159576,141.7489793900452
2014,5,2014-05-01,24172,12,stagnation2,0,114.27458887532977,115.46775520004991,115.72691224326378,120.93305605721484,141.14574001446422
2014,6,2014-06-01,24173,12,stagnation2,0,116.20063580879221,114.8103726943449,116.97657182782275,124.08245152865611,141.3612769179595
2014,7,2014-07-01,24174,12,stagnation2,0,116.03598314333429,116.1073249302037,118.05424820758526,120.80896481249276,139.4671802094776
2014,8,2014-08-01,24175,12,stagnation2,0,119.46352583596548,116.78518500649652,119.11702584283026,121.61385419342491,142.50158793762435
2014,9,2014-09-01,24176,12,stagnation2,0,118.05700864518371,117.92366014603475,121.45695950992113,125.06943068400915,144.05448957199235
2014,10,2014-10-01,24177,12,stagnation2,0,116.0443238551761,116.77918888880745,116.13313725109096,120.81764860812333,142.26674926822534
2014,11,2014-11-01,24178,12,recovery,0,116.15525006745197,116.89081755504236,120.42893770061376,123.43738382223361,143.98922467515737
2014,12,2014-12-01,24179,12,recovery,0,116.35976559217946,117.09662819962548,121.82338135028775,127.66931529680387,147.9243070459881
2015,1,2015-01-01,24180,12,recovery,0,118.98408118808615,117.66118868073362,122.41073102758237,128.62261782377612,144.77666938287138
2015,2,2015-02-01,24181,12,recovery,0,120.14705584694536,117.45339045440359,122.19454476364521,125.82895379521182,150.8036329343127
2015,3,2015-03-01,24182,12,recovery,0,119.92040535193473,117.23182140388037,121.96403179882017,125.95077768583879,148.0688388202896
2015,4,2015-04-01,24183,12,recovery,0,119.8141871009587,117.12798453815506,120.42240338667023,124.6469429884824,143.39114004444934
2015,5,2015-05-01,24184,12,recovery,0,122.94242019633296,116.84758115166012,121.56428120398189,125.53796009070297,145.92626500892612
2015,6,2015-06-01,24185,12,recovery,0,122.70414014570427,116.62111377361279,120.61497411278818,124.93732773310413,146.10657291741995
2015,7,2015-07-01,24186,12,recovery,0,122.5922537825777,116.51477414832874,121.2180400260227,124.71676990705815,146.11946678111053
2015,8,2015-08-01,24187,12,recovery,0,121.79688516929055,116.50641858324414,121.20934717801038,129.80740269067547,149.68778870396105
2015,9,2015-09-01,24188,12,recovery,0,122.75323338273128,118.0828584179666,121.37721510448563,127.66597881136093,150.6658448637982
2015,10,2015-10-01,24189,12,recovery,0,122.75323338273128,119.31931352655758,121.37721510448563,126.61088807738273,148.05314235170923
2015,11,2015-11-01,24190,12,recovery,0,122.67646384433243,119.24469155230018,123.49543269083456,132.04005290555088,151.51160352668688
2015,12,2015-12-01,24191,12,recovery,0,122.779684477595,121.9971363334108,123.18871336432012,130.01518830489874,155.75062392408395
2016,1,2016-01-01,24192,12,recovery,0,122.72931125839521,123.53769831415913,123.54934675042854,128.53319453891737,150.63648313559997
2016,2,2016-02-01,24193,12,recovery,0,122.79354436295858,122.41672677071804,124.98816463160158,131.19084590143981,152.45769574258017
2016,3,2016-03-01,24194,12,recovery,0,122.50690498344984,121.72609542564354,123.98385143662138,133.54862746040422,155.7085482209292
2016,4,2016-04-01,24195,12,recovery,0,122.10685386148499,123.08697948931011,124.28920129526003,129.3027072489077,149.8724863999312
2016,5,2016-05-01,24196,12,recovery,0,123.66869702855608,123.76409393894744,122.66846393092241,128.96283792905737,151.35798357294962
2016,6,2016-06-01,24197,12,recovery,0,121.69455306838034,120.91892111374403,123.09092319606806,128.86610924426353,149.4239926758203
2016,7,2016-07-01,24198,12,recovery,0,122.89025136516425,126.1544539085044,123.8481188355577,126.10014925908514,150.91014121049335
2016,8,2016-08-01,24199,12,recovery,0,121.50424893072125,123.87930372125669,123.67582634395572,128.66459033339305,150.10304276510047
2016,9,2016-09-01,24200,12,recovery,0,123.29519671709917,125.74018715940791,126.96832351887059,132.20455972614744,156.80896122607646
2016,10,2016-10-01,24201,12,recovery,0,127.74986271174217,125.48328383572176,126.70891095514105,131.9344488605015,149.9542698679372
2016,11,2016-11-01,24202,12,recovery,0,124.34652004040923,125.44141420481229,123.14811480699304,131.9865133829147,154.50505218606372
2016,12,2016-12-01,24203,12,recovery,0,123.87369927290446,125.22616412744534,124.69303989481938,129.44877332759634,153.8004420255524
2017,1,2017-01-01,24204,12,recovery,0,127.00096958888827,124.7476778138997,125.96612008238111,131.25658022627871,153.21239466450572
2017,2,2017-02-01,24205,12,recovery,0,126.82880552070097,124.57856833561083,127.05331245753432,131.77843613697286,157.36359579160322
2017,3,2017-03-01,24206,12,recovery,0,126.89379039116419,124.64240022374177,125.85981421924834,133.44677281625363,156.25017460400375
2017,4,2017-04-01,24207,12,recovery,0,126.65202734103312,124.40492661088132,125.62002114126734,131.59475899861195,157.15702624734473
2017,5,2017-05-01,24208,12,recovery,0,130.0410472768658,124.45859138330029,125.67421007115512,130.95241026548067,153.94942647784114
2017,6,2017-06-01,24209,12,recovery,0,129.26524091412838,124.3538009569406,125.56839613007321,130.84215223707116,153.16544881276073
2017,7,2017-07-01,24210,12,recovery,0,133.21373027584895,124.30769923018485,125.52184411603743,130.79364508164727,157.021442747238
2017,8,2017-08-01,24211,12,recovery,0,132.91541206594772,124.02932514491225,125.24075108033716,130.40574134923634,150.1348284302301
2017,9,2017-09-01,24212,12,recovery,0,127.78685632893759,123.56853890707309,126.5084567849215,130.01591792911995,154.39666781529215
2017,10,2017-10-01,24213,12,recovery,0,132.24905673593767,127.1097447101714,124.82055985377716,131.9801457166324,156.18193051439212
2017,11,2017-11-01,24214,12,recovery,0,132.05989493638492,123.2310037871382,124.43463231500257,129.67875111678595,153.97492375123252
2017,12,2017-12-01,24215,12,recovery,0,131.86865754873045,123.95200716979568,124.25443715409374,130.16422512310507,155.44877972918974
2018,1,2018-01-01,24216,12,recovery,0,131.37609979071485,125.65774700270647,127.22894014861168,132.13744477187007,154.82183952870733
2018,2,2018-02-01,24217,12,recovery,0,131.09499411059946,127.42772041917837,127.16258389649113,133.86264978732095,157.37010504893655
2018,3,2018-03-01,24218,12,recovery,0,130.9555368456774,127.29216435553556,126.82165314703275,133.7202483238539,160.5474348660167
2018,4,2018-04-01,24219,12,recovery,0,130.64412399741124,126.98946302332207,128.22980137759748,133.402260979413,160.41591118462523
2018,5,2018-05-01,24220,12,recovery,0,130.4198499398726,126.77146284646406,126.16633266171505,128.05052098845061,153.22858682913073
2018,6,2018-06-01,24221,12,recovery,0,130.30736283527776,124.1288800257845,124.01112599747144,130.84075033552972,156.42461039158425
2018,7,2018-07-01,24222,12,recovery,0,130.16957540088853,131.58931711125888,129.80824686905302,132.9176937919749,158.24070621855827
2018,8,2018-08-01,24223,12,recovery,0,130.07915156074432,126.44029522181624,125.70055887637402,132.30087105199723,159.47301363237202
2018,9,2018-09-01,24224,12,recovery,0,129.81243455955547,128.70466019559083,129.11232810527275,132.55301305269523,154.37385640043564
2018,10,2018-10-01,24225,12,recovery,0,129.58847821746235,131.0018819805317,128.88957960802983,132.32432858161647,159.12549215089464
2018,11,2018-11-01,24226,12,recovery,0,129.54428454370608,130.95720629243544,128.8456242802867,132.27920189838198,159.06543522960703
2018,12,2018-12-01,24227,12,recovery,0,129.45472704959596,130.86667200701697,130.31969948123174,136.59401213742132,158.96125517006683
2019,1,2019-01-01,24228,12,recovery,0,129.5215681038165,130.9342420874508,130.34856624083992,133.46835259329836,159.0375420623351
2019,2,2019-02-01,24229,12,recovery,0,129.2847827873561,132.66613925669012,130.14861970926506,137.5148141501896,158.75257562741683
2019,3,2019-03-01,24230,12,recovery,0,128.99251882448218,130.39942254016873,128.2968343525776,133.91105051643197,164.73003701138597
2019,4,2019-04-01,24231,12,recovery,0,128.62935296749762,134.64744193129582,129.48937165157002,135.72311958712564,157.94775413333042
2019,5,2019-05-01,24232,12,recovery,0,129.56437339490807,134.9356259443506,129.35679052051756,132.5108081571068,159.41150213561346
2019,6,2019-06-01,24233,12,recovery,0,128.4752224761369,133.20665037075122,129.29553967270047,132.44806387200285,157.7584927836287
2019,7,2019-07-01,24234,12,recovery,0,128.30412386096148,134.69211624514008,132.9852952958269,136.47172828114586,157.54839577716155
2019,8,2019-08-01,24235,12,recovery,0,128.24471807389364,134.6297527689197,129.10216508060458,135.80228064952053,157.47544966934535
2019,9,2019-09-01,24236,12,recovery,0,128.1668314106461,134.54798829257714,131.79933385186052,136.3256960460885,160.40208015802116
2019,10,2019-10-01,24237,12,recovery,0,127.939893595086,134.30975172064154,129.92883112979587,136.08431178680001,157.50389270356524
2019,11,2019-11-01,24238,12,recovery,0,133.1336390592611,139.14091803156157,133.80946927111782,135.9443342685236,156.93955113455578
2019,12,2019-12-01,24239,12,recovery,0,127.4615310834417,138.02003316317192,130.8792492014541,136.35021472707658,159.5193896961087
2020,1,2020-01-01,24240,12,recovery,0,128.76515917114747,138.52038336027528,133.2127115653054,139.50213687797904,162.48980940498174
2020,2,2020-02-01,24241,12,covid_aftermath,0,133.49417554107256,138.41043918903696,133.1069801139755,142.8035529239291,169.91250761128353
2020,3,2020-03-01,24242,12,covid_aftermath,1,133.88081459712268,138.8113172149031,133.49249773627145,139.79513270593003,170.64697829303847
2020,4,2020-04-01,24243,12,covid_aftermath,1,153.644676392695,149.3465940487844,146.61626406670024,149.392618227651,169.78887204896128
2020,5,2020-05-01,24244,12,covid_aftermath,1,144.53730746641614,149.1971641188131,144.7956280932134,150.7024859258084,182.19340073156465
2020,6,2020-06-01,24245,12,covid_aftermath,1,143.4451056206063,148.72783766028266,144.40272266470012,150.16245688525004,172.1955250345096
2020,7,2020-07-01,24246,12,covid_aftermath,1,139.8443545964984,148.28980887794444,143.08316231729586,149.72020290524793,171.7192270055214
2020,8,2020-08-01,24247,12,covid_aftermath,1,142.62440319500928,147.87691077369766,143.57737092089945,149.30332201225346,177.46780534459805
2020,9,2020-09-01,24248,12,covid_aftermath,1,139.2067441007511,146.62960064808078,137.5881380256275,144.96164524045736,170.9055788319514
2020,10,2020-10-01,24249,12,covid_aftermath,1,139.08229988295508,144.63041880663184,138.99407559634906,144.8309805160132,170.7527973613976
2020,11,2020-11-01,24250,12,covid_aftermath,1,140.344359391216,147.33180977063665,136.53856817516169,141.62854363227294,162.85516579169933
2020,12,2020-12-01,24251,12,covid_aftermath,1,138.3612230483979,146.7171083249385,135.45745521245098,141.28228213998275,167.32392827579423
2021,1,2021-01-01,24252,12,covid_aftermath,1,137.8837780134126,146.21082951810374,134.51544936826693,141.0200823080872,165.18221865131866
2021,2,2021-02-01,24253,12,covid_aftermath,1,137.39670723680356,145.6943436536454,137.30955217474184,148.8002765786,173.2932590325806
2021,3,2021-03-01,24254,12,covid_aftermath,1,137.8969548792253,144.90746159875977,140.69425885566793,142.3040353958337,167.80247733377638
2021,4,2021-04-01,24255,12,covid_aftermath,1,139.06651755934863,144.18799692093828,136.88512826282502,141.5974967134969,166.96933904013295
2021,5,2021-05-01,24256,12,covid_aftermath,1,141.47812426439253,143.4995385618232,136.20706691805827,140.92140728633308,166.14225536785128
2021,6,2021-06-01,24257,12,covid_aftermath,1,143.7569262266412,142.70854007470157,134.4955832722761,140.14461998036887,165.22644564497656
2021,7,2021-07-01,24258,12,covid_aftermath,1,140.67051776939078,142.06272908922216,133.88693907249498,139.5107571739482,157.03091772688927
2021,8,2021-08-01,24259,12,covid_aftermath,1,145.56844412143053,141.49628767450133,136.52817041047973,138.95414706362948,163.85234647928738
2021,9,2021-09-01,24260,12,covid_aftermath,1,145.10637671685402,141.047146222193,138.7723849375479,148.1698383690211,170.71523160235012
2021,10,2021-10-01,24261,12,covid_aftermath,1,144.12064956878646,140.08899397324004,136.01588878477622,138.9875617850804,159.50950851052937
2021,11,2021-11-01,24262,12,covid_aftermath,1,143.17006243338864,139.16499872425783,135.84011667529415,138.6528946417008,161.15271971807258
2021,12,2021-12-01,24263,12,covid_aftermath,1,142.33598518364735,141.8131104458873,134.33158668612813,139.08322306554552,163.12674893062334
2022,1,2022-01-01,24264,12,covid_aftermath,0,141.59069123755003,141.1561906810867,133.6282050486761,138.95737747763556,162.27259122575575
2022,2,2022-02-01,24265,12,covid_aftermath,0,144.8309557604294,145.9090447945681,135.0563275523034,143.6974277939237,169.73068897730218
2022,3,2022-03-01,24266,12,covid_aftermath,0,139.4289351738227,140.94966745161616,133.81110644181462,141.04444434663233,164.8679401331102
2022,4,2022-04-01,24267,12,covid_aftermath,0,139.68882147110654,144.23225104945752,136.5384413399057,140.86233297370975,166.78332435924352
2022,5,2022-05-01,24268,12,covid_aftermath,0,144.01012472509504,143.34111843363735,135.6948445887913,141.39390213346985,171.10827024754525
2022,6,2022-06-01,24269,12,covid_aftermath,0,145.48965472628316,141.9742894153408,134.400926603192,140.016511144619,168.1425670861868
2022,7,2022-07-01,24270,12,covid_aftermath,0,142.46817319674832,141.80633011881855,135.13687297151347,139.8799631384874,167.9436500329687
2022,8,2022-08-01,24271,12,covid_aftermath,0,147.81968543273166,145.18771384899284,136.90350711725202,139.55216807588306,167.49999292773137
2022,9,2022-09-01,24272,12,covid_aftermath,0,147.33706342790046,145.41874565133745,137.52444638649615,144.66117208298465,167.00304991471776
2022,10,2022-10-01,24273,12,covid_aftermath,0,141.51912650348842,142.4926854696342,138.71936499774426,143.9311302059225,172.80684145876955
2022,11,2022-11-01,24274,12,covid_aftermath,0,146.19795890355113,142.10819230289718,136.04911433206112,138.02114429842882,165.66235417634823
2022,12,2022-12-01,24275,12,covid_aftermath,0,146.0114630109884,145.49473773393842,136.0519501216317,137.8164071442727,165.45102873215004
2023,1,2023-01-01,24276,12,covid_aftermath,0,145.31662630561064,145.59771469170548,140.1442515190424,140.77506380375905,182.75027954469488
2023,2,2023-02-01,24277,12,covid_aftermath,0,150.49197497734247,147.3656578533744,140.0517794638034,145.86974272441873,180.79714446486986
2023,3,2023-03-01,24278,12,covid_aftermath,0,150.1156317593318,145.7000992569195,136.79109574758326,142.30889589264424,177.50493652694942
2023,4,2023-04-01,24279,12,covid_aftermath,0,145.27651434499379,146.6023153986512,135.84316426277255,135.88723778420442,175.3421960397656
2023,5,2023-05-01,24280,12,covid_aftermath,0,149.40959631456806,146.30576450218263,138.11752622513166,143.14638170954439,176.67008158652928
2023,6,2023-06-01,24281,12,covid_aftermath,0,154.58169497391225,145.96433173227052,138.72000230670636,142.8123219698186,170.64573985180684
2023,7,2023-07-01,24282,12,covid_aftermath,0,152.72125919970776,145.7694236912914,138.53476771156014,142.97907052414158,178.3881699746339
2023,8,2023-08-01,24283,12,covid_aftermath,0,148.40277645582043,145.31986029801143,138.10751651797952,142.1817674988909,180.30876026311986
2023,9,2023-09-01,24284,12,covid_aftermath,0,153.31731416693802,144.7704355236913,140.73835798222146,143.5079467824769,184.74566529676991
2023,10,2023-10-01,24285,12,covid_aftermath,0,152.24808815968646,144.58702652979832,141.70514932443393,141.46475882413895,174.5946365154469
2023,11,2023-11-01,24286,12,covid_aftermath,0,153.02362698385983,147.04299891922994,137.60789542840246,142.86101605004774,174.4812410051973
2023,12,2023-12-01,24287,12,covid_aftermath,0,152.86778820473697,149.44053259852336,142.8978752408299,143.08718185966688,171.31947308603011
2024,1,2024-01-01,24288,12,covid_aftermath,0,155.5736689646203,150.58712832676548,139.5288315102121,148.1194539365873,185.94917558252462
2024,2,2024-02-01,24289,12,covid_aftermath,0,151.804310242868,147.55771061505675,139.0656813187589,145.78244079279855,180.01458442534238
2024,3,2024-03-01,24290,12,covid_aftermath,0,151.21235075762857,146.98231070527123,139.89651420869106,141.53766065684516,175.17463571935616
2024,4,2024-04-01,24291,12,covid_aftermath,0,156.08003312491496,150.94146241274734,139.1499310990674,145.90072269505794,185.9132302912736
2024,5,2024-05-01,24292,12,covid_aftermath,0,150.87405986762295,146.65348322223534,135.6748775488912,141.2210138951685,169.2777685416405
2024,6,2024-06-01,24293,12,covid_aftermath,0,150.70914214769377,150.6786983369381,140.88001432604167,148.02837841407833,185.39319506576834
2024,7,2024-07-01,24294,12,covid_aftermath,0,154.7682483465582,150.43873500945998,140.65565589060276,146.32934242871593,175.68618714844646
2024,8,2024-08-01,24295,12,covid_aftermath,0,158.28685405729888,150.20802123968008,140.43994551116265,146.10493084868625,185.0098574503461
2024,9,2024-09-01,24296,12,covid_aftermath,0,149.92977535972784,149.8994889839802,140.1514772068649,145.80482647668543,186.1615849358801
2024,10,2024-10-01,24297,12,covid_aftermath,0,159.1374141229545,149.49488246818984,139.77318238238018,145.4112722142526,184.1314908933085
2024,11,2024-11-01,24298,12,covid_aftermath,0,154.63669635622225,149.27423643499597,143.16460917886738,145.19665335997456,177.05010379850566
2024,12,2024-12-01,24299,12,covid_aftermath,0,157.43448989971853,148.8944341628145,142.55286417675237,148.4479064317749,183.3919241613393
2025,1,2025-01-01,24300,12,covid_aftermath,0,159.0034912582288,149.60972449816688,143.163703137238,147.39095283063057,176.52298606223266
2025,2,2025-02-01,24301,12,covid_aftermath,0,158.56479990523042,147.9639179407268,138.3417769684619,145.36134887216613,174.14600173568607
2025,3,2025-03-01,24302,12,covid_aftermath,0,155.79941555119066,147.8475395800809,143.48581946561694,150.99937464477605,182.10247359858926
2025,4,2025-04-01,24303,12,covid_aftermath,0,157.8366886560975,151.19058288397025,143.4272734549463,151.84311303943923,183.51324928926587
2025,5,2025-05-01,24304,12,covid_aftermath,0,155.13509141836604,147.21712201288847,137.6435454189881,143.1957311861163,175.9533719542416
2025,6,2025-06-01,24305,12,covid_aftermath,0,155.7900097470214,146.8430676193893,137.29381590249704,142.8318944825581,167.46784684690425
2025,7,2025-07-01,24306,12,covid_aftermath,0,151.90722572569305,150.71273499414104,142.58754590717845,142.63380760385317,173.92501725800594
2025,8,2025-08-01,24307,12,covid_aftermath,0,156.7464562645374,150.33011614621245,142.22555471548458,149.38528391454244,180.1559098112917
2025,9,2025-09-01,24308,12,covid_aftermath,0,156.28948741844366,151.91741868047345,139.8716245789036,147.3735872722109,186.44335491758554
2025,10,2025-10-01,24309,11,covid_aftermath,0,NA,NA,NA,NA,NA
2025,11,2025-11-01,24310,11,covid_aftermath,0,155.74754878426202,153.40918220100528,141.31918544961843,144.01563005228917,172.3779002705651
2025,12,2025-12-01,24311,11,covid_aftermath,0,155.2504369941289,146.07839691513433,135.4501209709505,141.73309610210993,178.4364660727946
2026,1,2026-01-01,24312,11,covid_aftermath,0,154.78051056758764,152.45666292776372,140.44173309710422,146.6336179109762,177.89635802228128
2026,2,2026-02-01,24313,11,covid_aftermath,0,154.24419639176776,151.92840087961233,142.6465470418573,147.0005358926107,177.27994747883355
2026,3,2026-03-01,24314,11,covid_aftermath,0,153.2815409406313,150.98019856982992,141.22134449502758,146.0830889448009,173.68218054955375
2026,4,2026-04-01,24315,11,covid_aftermath,0,152.6164356869171,150.3250790906064,139.27704919670876,145.44921855610477,175.7728986921304
2026,5,2026-05-01,24316,11,covid_aftermath,0,151.95476172903912,149.6733393903408,140.2641058518619,148.26668066273254,184.61003332498814
2026,6,2026-06-01,24317,11,covid_aftermath,0,152.11122972313115,149.8274582012091,138.81600058450667,144.96773822070173,174.82843080698697
2026,7,2026-07-01,24318,11,covid_aftermath,0,152.03469402068148,149.75207159247188,140.33788854408112,146.61973486727732,179.91796005831955
2026,8,2026-08-01,24319,11,covid_aftermath,0,151.56442049324608,149.28885866990717,137.52357975738062,141.00740344180267,171.6192176995288
