year_int,educ_bin_int,educ_bin_chr,n_rows_int,population_num,share_num,prior_cum_num,cum_num,frac_bottom_num,frac_middle_num,frac_top_num
1982,1,Less than HS,200581,300524817.3199997,0.2271008282923759,0,0.2271008282923759,1,0,0
1982,2,HS diploma or GED,365711,533036852.1900154,0.40280570410867444,0.22710082829237588,0.6299065324010503,0.2637313820469051,0.7362686179530948,0
1982,3,Some college or Associate's degree,155219,225152148.18999887,0.1701431509109304,0.6299065324010504,0.8000496833119808,0,0.21605415245224918,0.7839458475477505
1982,4,Bachelor's degree or higher,179139,264596271.38999897,0.1999503166880192,0.8000496833119808,1,0,0,1.0000000000000002
1983,1,Less than HS,191134,291613937.0699996,0.21649301180219835,0,0.21649301180219835,1,0,0
1983,2,HS diploma or GED,365274,542767142.1500149,0.402948139214356,0.21649301180219838,0.6194411510165544,0.28996367065732864,0.7100363293426714,0
1983,3,Some college or Associate's degree,158224,234293287.53000277,0.17393839256123458,0.6194411510165544,0.793379543577789,0,0.27150714086015604,0.7284928591398437
1983,4,Bachelor's degree or higher,184805,278315703.01000094,0.20662045642221114,0.7933795435777888,1,0,0,1.0000000000000002
1984,1,Less than HS,180088,282946492.1899999,0.20587978348540942,0,0.20587978348540942,1,0,0
1984,2,HS diploma or GED,364649,557242728.9900119,0.40546539914777935,0.20587978348540947,0.6113451826331888,0.3143389056521468,0.6856610943478533,0
1984,3,Some college or Associate's degree,160291,244789800.93000036,0.17811590744536585,0.6113451826331887,0.7894610900785546,0,0.31059260695424906,0.689407393045751
1984,4,Bachelor's degree or higher,187915,289349663.2999962,0.21053890992144536,0.7894610900785546,1,0,0,1.0000000000000002
1985,1,Less than HS,173088,279185377.6099997,0.19952330957452266,0,0.19952330957452266,1,0,0
1985,2,HS diploma or GED,367863,565906122.9899806,0.4044318636385618,0.19952330957452263,0.6039551732130845,0.33085925167952607,0.669140748320474,0
1985,3,Some college or Associate's degree,163998,254040475.40999985,0.1815531918383423,0.6039551732130845,0.7855083650514267,0,0.34541663971086467,0.6545833602891353
1985,4,Bachelor's degree or higher,194736,300129985.93999934,0.2144916349485732,0.7855083650514267,1,0,0,1.0000000000000002
1986,1,Less than HS,164268,275656398.2000003,0.19300472693648632,0,0.19300472693648632,1,0,0
1986,2,HS diploma or GED,363326,576233085.8699784,0.4034577470950353,0.19300472693648635,0.5964624740315216,0.3478148762968041,0.6521851237031959,0
1986,3,Some college or Associate's degree,166551,265967822.54999846,0.18622113362995485,0.5964624740315216,0.7826836076614765,0,0.3769936916754555,0.6230063083245445
1986,4,Bachelor's degree or higher,195885,310379206.42000055,0.2173163923385235,0.7826836076614765,1,0,0,1
1987,1,Less than HS,158352,270205660.0700004,0.1859806671644242,0,0.1859806671644242,1,0,0
1987,2,HS diploma or GED,362454,584465408.0199776,0.4022834550909216,0.18598066716442424,0.5882641222553459,0.36629064482804874,0.6337093551719513,0
1987,3,Some college or Associate's degree,169798,275134351.7599992,0.18937305120447825,0.5882641222553459,0.7776371734598241,0,0.41401109562661326,0.5859889043733866
1987,4,Bachelor's degree or higher,199999,323064193.9100027,0.22236282654017586,0.7776371734598242,1,0,0,0.9999999999999998
1988,1,Less than HS,147235,269118073.9300004,0.18227646691905486,0,0.18227646691905486,1,0,0
1988,2,HS diploma or GED,347602,590616054.3300154,0.40003038858307866,0.1822764669190549,0.5823068555021336,0.37761347818931207,0.622386521810688,0
1988,3,Some college or Associate's degree,162522,280147132.2899996,0.1897465627098995,0.5823068555021335,0.772053418212033,0,0.444592038768626,0.5554079612313741
1988,4,Bachelor's degree or higher,194297,336546708.8900006,0.22794658178796695,0.7720534182120331,1,0,0,0.9999999999999998
1989,1,Less than HS,144488,263624339.97000077,0.17579343874306622,0,0.17579343874306622,1,0,0
1989,2,HS diploma or GED,351015,595325709.2499804,0.3969828947248121,0.1757934387430662,0.5727763334678783,0.3968430294697547,0.6031569705302453,0
1989,3,Some college or Associate's degree,168208,290234470.97,0.19353795518045458,0.5727763334678783,0.7663142886483328,0,0.48512620230613224,0.5148737976938678
1989,4,Bachelor's degree or higher,203031,350441073.6599988,0.23368571135166707,0.766314288648333,1,0,0,0.9999999999999999
1990,1,Less than HS,149023,261025857.9399998,0.17196629128181407,0,0.17196629128181407,1,0,0
1990,2,HS diploma or GED,364755,600131206.2500142,0.3953720854928433,0.17196629128181407,0.5673383767746574,0.4081396941576448,0.5918603058423553,0
1990,3,Some college or Associate's degree,179394,298693323.7600008,0.19678197218856552,0.5673383767746574,0.7641203489632229,0,0.5047631588773199,0.49523684112268
1990,4,Bachelor's degree or higher,216364,358039286.7900023,0.23587965103677705,0.7641203489632229,1,0,0,1.0000000000000002
1991,1,Less than HS,143339,257190614.81999978,0.16719357174025315,0,0.16719357174025315,1,0,0
1991,2,HS diploma or GED,359517,605704871.9199904,0.39375449616484515,0.16719357174025318,0.5609480679050983,0.42193743363256936,0.5780625663674306,0
1991,3,Some college or Associate's degree,181546,308732852.2700001,0.20069996846775795,0.5609480679050983,0.7616480363728563,0,0.5267494537676113,0.4732505462323887
1991,4,Bachelor's degree or higher,217381,366652183.04000384,0.2383519636271437,0.7616480363728563,1,0,0,1.0000000000000002
1992,1,Less than HS,121633,225521900.3000001,0.14462914682239583,0,0.14462914682239583,1,0,0
1992,2,HS diploma or GED,338503,584039107.9200081,0.37454933546151875,0.14462914682239586,0.5191784822839146,0.5038166368081167,0.49618336319188333,0
1992,3,Some college or Associate's degree,216469,378690847.8700037,0.2428577187582713,0.5191784822839146,0.762036201042186,0,0.6073028485026434,0.39269715149735673
1992,4,Bachelor's degree or higher,214087,371059702.1600022,0.2379637989578141,0.762036201042186,1,0,0,0.9999999999999998
1993,1,Less than HS,112925,215380299.8000004,0.13635372452299716,0,0.13635372452299716,1,0,0
1993,2,HS diploma or GED,328569,583161256.0300082,0.36918979744683506,0.13635372452299716,0.5055435219698322,0.5335456455529546,0.4664543544470454,0
1993,3,Some college or Associate's degree,222669,399182358.7000019,0.25271578423450686,0.5055435219698321,0.758259306204339,0,0.6375666054452728,0.3624333945547274
1993,4,Bachelor's degree or higher,214495,381846431.2999986,0.24174069379566102,0.758259306204339,1,0,0,0.9999999999999999
1994,1,Less than HS,107312,214219471.21379876,0.13397190041586582,0,0.13397190041586582,1,0,0
1994,2,HS diploma or GED,307681,570845406.5069851,0.3570041673619911,0.13397190041586582,0.4909760677778569,0.5584288676252936,0.44157113237470635,0
1994,3,Some college or Associate's degree,224256,419283430.4738998,0.26221798455197387,0.49097606777785696,0.7531940523298308,0,0.6700173490731193,0.3299826509268807
1994,4,Bachelor's degree or higher,213733,394639767.2811013,0.2468059476701693,0.7531940523298307,1,0,0,0.9999999999999999
1995,1,Less than HS,103246,209259183.94169986,0.12940232392795478,0,0.12940232392795478,1,0,0
1995,2,HS diploma or GED,298737,565309987.7467986,0.3495780915140137,0.12940232392795475,0.47898041544196845,0.583363243738069,0.41663675626193103,0
1995,3,Some college or Associate's degree,224147,431550115.53980356,0.2668632591905077,0.47898041544196845,0.7458436746324761,0,0.7033049502356306,0.2966950497643695
1995,4,Bachelor's degree or higher,220264,411001469.10529906,0.2541563253675239,0.7458436746324761,1,0,0,0.9999999999999998
1996,1,Less than HS,91097,210756762.75219944,0.128677595166111,0,0.128677595166111,1,0,0
1996,2,HS diploma or GED,263123,568064537.1144005,0.3468319477889125,0.128677595166111,0.4755095429550235,0.5900717608972375,0.40992823910276255,0
1996,3,Some college or Associate's degree,200187,433426018.47250426,0.26462836594733286,0.47550954295502346,0.7401379089023563,0,0.7223606699430244,0.27763933005697566
1996,4,Bachelor's degree or higher,196796,425619495.0725993,0.2598620910976436,0.7401379089023564,1,0,0,1
1997,1,Less than HS,88817,208088940.94450074,0.1253532651026171,0,0.1253532651026171,1,0,0
1997,2,HS diploma or GED,264430,576486939.1606051,0.3472770815440367,0.12535326510261713,0.4726303466466538,0.5988879752905408,0.40111202470945917,0
1997,3,Some college or Associate's degree,200946,437296251.69680065,0.26342828560961296,0.4726303466466538,0.7360586322562668,0,0.7365811897191806,0.2634188102808194
1997,4,Bachelor's degree or higher,201327,438147978.35760397,0.2639413677437333,0.7360586322562668,1,0,0,0.9999999999999998
1998,1,Less than HS,85879,203256940.06160063,0.12120187190783104,0,0.12120187190783104,1,0,0
1998,2,HS diploma or GED,262908,576980778.3311108,0.3440529527177476,0.12120187190783105,0.46525482462557866,0.6165663155913375,0.38343368440866255,0
1998,3,Some college or Associate's degree,202257,440088769.85539985,0.2624244106790331,0.46525482462557866,0.7276792353046118,0,0.7675042177666598,0.23249578223334025
1998,4,Bachelor's degree or higher,208407,456685069.92459637,0.2723207646953883,0.7276792353046118,1,0,0,0.9999999999999998
1999,1,Less than HS,83552,197855941.57920018,0.11669732701948207,0,0.11669732701948207,1,0,0
1999,2,HS diploma or GED,260690,573482466.9239938,0.3382454448848559,0.11669732701948204,0.45494277190433796,0.6404698410280073,0.3595301589719927,0
1999,3,Some college or Associate's degree,206191,450636124.74139303,0.2657894971260587,0.45494277190433796,0.7207322690303967,0,0.796584880334501,0.20341511966549902
1999,4,Bachelor's degree or higher,214743,473487964.7624927,0.2792677309696033,0.7207322690303968,1,0,0,0.9999999999999998
2000,1,Less than HS,82963,203100200.07599998,0.1168247868962166,0,0.1168247868962166,1,0,0
2000,2,HS diploma or GED,256368,579298143.6795968,0.33321671844448353,0.11682478689621661,0.45004150534070014,0.6497529519161527,0.35024704808384727,0
2000,3,Some college or Associate's degree,208154,466371689.9182991,0.2682605594122797,0.45004150534070014,0.7183020647529799,0,0.807517742453684,0.192482257546316
2000,4,Bachelor's degree or higher,215391,489732603.24020094,0.2816979352470201,0.7183020647529799,0.9999999999999999,0,0,0.9999999999999998
2001,1,Less than HS,86888,198730242.5644997,0.11328141336752921,0,0.11328141336752921,1,0,0
2001,2,HS diploma or GED,281643,580341624.9756118,0.3308098388291795,0.11328141336752923,0.44409125219670875,0.6651915818000578,0.3348084181999423,0
2001,3,Some college or Associate's degree,232571,473967315.59620845,0.2701737124047747,0.44409125219670875,0.7142649646014835,0,0.823823356050625,0.17617664394937504
2001,4,Bachelor's degree or higher,242000,501266635.0630087,0.2857350353985166,0.7142649646014834,1,0,0,1.0000000000000002
2002,1,Less than HS,89240,199182457.84710065,0.11181849735577701,0,0.11181849735577701,1,0,0
2002,2,HS diploma or GED,297382,585161728.0896993,0.32850234831085245,0.11181849735577698,0.44032084566662943,0.6743173591195858,0.32568264088041426,0
2002,3,Some college or Associate's degree,246015,478033216.2469014,0.2683617649095889,0.4403208456666295,0.7086826105762184,0,0.8434354315574466,0.15656456844255343
2002,4,Bachelor's degree or higher,262761,518924104.78749794,0.29131738942378166,0.7086826105762183,1,0,0,1.0000000000000002
2003,1,Less than HS,87604,200571565.21789995,0.1106802813575004,0,0.1106802813575004,1,0,0
2003,2,HS diploma or GED,292708,587808460.0916979,0.32436704413503786,0.11068028135750041,0.4350473254925383,0.6864231616672494,0.31357683833275063,0
2003,3,Some college or Associate's degree,243503,485894160.61600274,0.2681282481318852,0.4350473254925382,0.7031755736244234,0,0.8638378939476791,0.13616210605232093
2003,4,Bachelor's degree or higher,265154,537896534.620801,0.2968244263755766,0.7031755736244234,1,0,0,1
2004,1,Less than HS,85524,199424041.9001996,0.10908529709699584,0,0.10908529709699584,1,0,0
2004,2,HS diploma or GED,285593,589587255.5621748,0.3225052522493171,0.10908529709699583,0.4315905493463129,0.6953314238212142,0.3046685761787858,0
2004,3,Some college or Associate's degree,241304,493060960.9118008,0.2697052015168298,0.43159054934631297,0.7012957508631428,0,0.8716039438552865,0.1283960561447135
2004,4,Bachelor's degree or higher,262997,546075504.9570909,0.2987042491368573,0.7012957508631428,1,0,0,0.9999999999999998
2005,1,Less than HS,85069,201819614.04309985,0.10895288947604034,0,0.10895288947604034,1,0,0
2005,2,HS diploma or GED,281201,596954081.8389021,0.3222673495301372,0.10895288947604037,0.43122023900617756,0.6962555908454193,0.3037444091545807,0
2005,3,Some college or Associate's degree,240427,499121087.93099487,0.2694519310541014,0.4312202390061775,0.7006721700602789,0,0.8737975146046195,0.12620248539538048
2005,4,Bachelor's degree or higher,263297,554461909.1912918,0.29932782993972107,0.7006721700602789,1,0,0,1
2006,1,Less than HS,83365,199754414.3824002,0.10652258499384921,0,0.10652258499384921,1,0,0
2006,2,HS diploma or GED,276783,598690237.5346124,0.3192621895738564,0.1065225849938492,0.4257847745677056,0.7104215774571544,0.2895784225428456,0
2006,3,Some college or Associate's degree,239164,506317692.41249955,0.2700028912535115,0.4257847745677056,0.6957876658212171,0,0.8921456025179815,0.10785439748201857
2006,4,Bachelor's degree or higher,265639,570468287.6903018,0.3042123341787828,0.6957876658212171,0.9999999999999999,0,0,1
2007,1,Less than HS,78825,195203174.04780036,0.10279758133520846,0,0.10279758133520846,1,0,0
2007,2,HS diploma or GED,270663,599775824.8576087,0.3158529795401476,0.10279758133520844,0.41865056087535607,0.7298831004658033,0.27011689953419676,0
2007,3,Some college or Associate's degree,236976,511639489.9803058,0.26943876472354794,0.41865056087535607,0.688089325598904,0,0.920491548592803,0.07950845140719695
2007,4,Bachelor's degree or higher,269672,592289749.1522042,0.31191067440109593,0.688089325598904,1,0,0,1.0000000000000002
2008,1,Less than HS,77023,192891964.03419977,0.10098086011979265,0,0.10098086011979265,1,0,0
2008,2,HS diploma or GED,265151,593108287.8995073,0.3104980829872772,0.10098086011979268,0.4114789431070699,0.7483217641091245,0.25167823589087546,0
2008,3,Some college or Associate's degree,238270,522062840.4555998,0.2733050852053203,0.41147894310706984,0.6847840283123902,0,0.933710118741066,0.06628988125893402
2008,4,Bachelor's degree or higher,271959,602120320.639398,0.31521597168760973,0.6847840283123902,0.9999999999999999,0,0,1
2009,1,Less than HS,77162,192216381.76610032,0.09996381185444211,0,0.09996381185444211,1,0,0
2009,2,HS diploma or GED,267966,596970520.9452142,0.31045974484647265,0.09996381185444214,0.4104235567009148,0.7516901155552266,0.24830988444477348,0
2009,3,Some college or Associate's degree,241823,527506640.969102,0.27433444603057194,0.41042355670091474,0.6847580027314867,0,0.9340537204620526,0.06594627953794743
2009,4,Bachelor's degree or higher,276253,606166121.2350003,0.3152419972685133,0.6847580027314867,1,0,0,1
2010,1,Less than HS,76684,189984933.79949984,0.09821167714091744,0,0.09821167714091744,1,0,0
2010,2,HS diploma or GED,266925,599716231.840419,0.31002004085143875,0.09821167714091744,0.4082317179923562,0.7584079259736821,0.24159207402631785,0
2010,3,Some college or Associate's degree,241357,530915549.6118076,0.27445390276365617,0.4082317179923562,0.6826856207560124,0,0.9416333528944556,0.05836664710554444
2010,4,Bachelor's degree or higher,278105,613826716.8353056,0.31731437924398764,0.6826856207560124,1,0,0,1
2011,1,Less than HS,73678,185892896.96740004,0.09579343384314429,0,0.09579343384314429,1,0,0
2011,2,HS diploma or GED,260700,594951130.5392698,0.30658735590748354,0.09579343384314432,0.40238078975062785,0.774787005768984,0.225212994231016,0
2011,3,Some college or Associate's degree,237909,535731157.3443068,0.2760704040659115,0.4023807897506278,0.6784511938165393,0,0.9573133266865538,0.04268667331344622
2011,4,Bachelor's degree or higher,279565,623984721.079402,0.32154880618346066,0.6784511938165394,1,0,0,0.9999999999999998
2012,1,Less than HS,70392,181842125.90510014,0.09316455835565475,0,0.09316455835565475,1,0,0
2012,2,HS diploma or GED,253106,589165151.4035951,0.30185145964309756,0.09316455835565474,0.3950160179987523,0.7956521901919864,0.20434780980801356,0
2012,3,Some college or Associate's degree,236784,541590857.4501996,0.2774773600597959,0.39501601799875236,0.6724933780585483,0,0.9790011286303647,0.020998871369635262
2012,4,Bachelor's degree or higher,282133,639239872.2535968,0.32750662194145175,0.6724933780585483,1,0,0,1
2013,1,Less than HS,67642,177856329.2867999,0.09068403615370985,0,0.09068403615370985,1,0,0
2013,2,HS diploma or GED,248655,587181092.9934963,0.29938744198376427,0.09068403615370985,0.3900714781374741,0.8104858893606576,0.18951411063934237,0
2013,3,Some college or Associate's degree,234106,542536841.6407912,0.27662456972637256,0.39007147813747406,0.6666960478638466,0,0.9998937867406028,1.0621325939721266e-4
2013,4,Bachelor's degree or higher,283724,653700695.051103,0.3333039521361533,0.6666960478638466,1,0,0,1.0000000000000002
2014,1,Less than HS,66997,175839757.7456999,0.08918602287288119,0,0.08918602287288119,1,0,0
2014,2,HS diploma or GED,247667,584914468.8968949,0.2966689437616296,0.08918602287288119,0.3858549666345108,0.8229621454971773,0.17703785450282272,0
2014,3,Some college or Associate's degree,233319,543949411.2164973,0.275891443734835,0.3858549666345108,0.6617464103693458,0,1,0
2014,4,Bachelor's degree or higher,284966,666903034.1451994,0.33825358963065416,0.6617464103693458,1,0,0.014546057893113189,0.985453942106887
2015,1,Less than HS,66863,176907237.4743,0.08896405095478879,0,0.08896405095478879,1,0,0
2015,2,HS diploma or GED,240879,579109164.8150055,0.2912254918596636,0.08896405095478876,0.3801895428144524,0.8391067719315648,0.16089322806843517,0
2015,3,Some college or Associate's degree,227764,544042732.4571015,0.273591098153502,0.3801895428144524,0.6537806409679544,0,1,0
2015,4,Bachelor's degree or higher,282188,688465843.3282044,0.34621935903204554,0.6537806409679545,1,0,0.03721925236861004,0.9627807476313898
2016,1,Less than HS,63670,169477993.90730006,0.08453674570873038,0,0.08453674570873038,1,0,0
2016,2,HS diploma or GED,239028,582439067.2652131,0.2905244638850341,0.08453674570873038,0.3750612095937645,0.8563705248693148,0.14362947513068525,0
2016,3,Some college or Associate's degree,225618,548858489.2388012,0.27377424918209337,0.37506120959376443,0.6488354587758578,0,1,0
2016,4,Bachelor's degree or higher,284060,704009380.5254998,0.3511645412241421,0.6488354587758579,1,0,0.05077735875225334,0.9492226412477467
2017,1,Less than HS,59944,163543481.98630017,0.08140353643687973,0,0.08140353643687973,1,0,0
2017,2,HS diploma or GED,232049,580882310.5321919,0.28913334702576066,0.0814035364368797,0.37053688346264035,0.8713273632667755,0.12867263673322452,0
2017,3,Some college or Associate's degree,218370,543258828.2909918,0.2704063120482347,0.3705368834626404,0.6409431955108751,0,1,0
2017,4,Bachelor's degree or higher,283972,721361781.1623977,0.3590568044891249,0.6409431955108751,1,0,0.07164178713279518,0.9283582128672048
2018,1,Less than HS,55777,159738737.3757002,0.07898065755587863,0,0.07898065755587863,1,0,0
2018,2,HS diploma or GED,221264,580575645.4379933,0.2870577731547589,0.07898065755587863,0.3660384307106375,0.8860678914286979,0.11393210857130212,0
2018,3,Some college or Associate's degree,207433,537440952.4774008,0.2657304077988789,0.36603843071063746,0.6317688385095164,0,1,0
2018,4,Bachelor's degree or higher,279677,744749190.7403004,0.36823116149048357,0.6317688385095164,1,0,0.09477152345253688,0.9052284765474633
2019,1,Less than HS,51890,155568659.11119998,0.07690968709812841,0,0.07690968709812841,1,0,0
2019,2,HS diploma or GED,211496,575845062.9493937,0.284684999288854,0.0769096870981284,0.3615946863869824,0.9007276353715643,0.09927236462843571,0
2019,3,Some college or Associate's degree,196491,529732758.8022032,0.26188810109871696,0.36159468638698244,0.6234827874856994,0,1,0
2019,4,Bachelor's degree or higher,272516,761598182.1431941,0.3765172125143006,0.6234827874856994,1,0,0.11469297483797515,0.8853070251620249
2020,1,Less than HS,41139,140805160.79309967,0.06972868918975657,0,0.06972868918975657,1,0,0
2020,2,HS diploma or GED,183892,565198906.6986824,0.27989442058514385,0.06972868918975655,0.3496231097749004,0.941800281665094,0.058199718334906024,0
2020,3,Some college or Associate's degree,172200,522298773.11870074,0.25864967313591414,0.3496231097749004,0.6082727829108145,0,1,0
2020,4,Bachelor's degree or higher,251406,791026110.3456831,0.3917272170891854,0.6082727829108145,1,0,0.1490677216399733,0.8509322783600268
2021,1,Less than HS,42188,141988915.95030004,0.0704198002945107,0,0.0704198002945107,1,0,0
2021,2,HS diploma or GED,185799,571525231.9357053,0.2834495384856217,0.07041980029451067,0.3538693387801324,0.9275496952419954,0.07245030475800467,0
2021,3,Some college or Associate's degree,168938,511730493.28390133,0.2537941704849507,0.3538693387801324,0.6076635092650831,0,1,0
2021,4,Bachelor's degree or higher,252095,791076270.7962159,0.3923364907349169,0.6076635092650831,1,0,0.15038916541018155,0.8496108345898186
2022,1,Less than HS,39076,138557856.7033999,0.06816839199847662,0,0.06816839199847662,1,0,0
2022,2,HS diploma or GED,176694,579084912.9472125,0.28490111124258355,0.06816839199847663,0.3530695032410602,0.9307262445497372,0.06927375545026285,0
2022,3,Some college or Associate's degree,156473,505796846.88600194,0.24884447948646993,0.3530695032410601,0.60191398272753,0,1,0
2022,4,Bachelor's degree or higher,243551,809142532.4818972,0.39808601727246995,0.60191398272753,1,0,0.16266003107267293,0.8373399689273271
2023,1,Less than HS,37791,136005691.11869994,0.06692031895887886,0,0.06692031895887886,1,0,0
2023,2,HS diploma or GED,170696,572084612.3165863,0.2814888436858117,0.06692031895887884,0.3484091626446905,0.9464425335158777,0.05355746648412231,0
2023,3,Some college or Associate's degree,149790,500699049.544499,0.24636425007157928,0.3484091626446906,0.5947734127162698,0,0.9999999999999999,0
2023,4,Bachelor's degree or higher,239564,823563349.9753906,0.40522658728373023,0.5947734127162698,1,0,0.1774149480968257,0.8225850519031742
2024,1,Less than HS,36802,133644475.74960001,0.06554805738044293,0,0.06554805738044293,1,0,0
2024,2,HS diploma or GED,168181,571837580.6425068,0.28046683065656675,0.06554805738044295,0.3460148880370097,0.954784119483972,0.04521588051602799,0
2024,3,Some college or Associate's degree,146925,497742815.0977019,0.24412587517539058,0.3460148880370097,0.5901407632124003,0,1,0
2024,4,Bachelor's degree or higher,240365,835652878.5237938,0.4098592367875998,0.5901407632124003,1,0,0.18671264811319638,0.8132873518868035
2025,1,Less than HS,29070,113648407.44530004,0.05996579587830639,0,0.05996579587830639,1,0,0
2025,2,HS diploma or GED,145630,530954321.5318944,0.28015437419139083,0.05996579587830636,0.3401201700696972,0.9757746536853023,0.024225346314697794,0
2025,3,Some college or Associate's degree,128283,461198865.2963997,0.24334839033254008,0.3401201700696972,0.5834685604022373,0,1,0
2025,4,Bachelor's degree or higher,213398,789418935.7088026,0.4165314395977628,0.5834685604022372,1,0,0.19974027973680078,0.8002597202631994
2026,1,Less than HS,19251,78213464.76129998,0.057292784076480724,0,0.057292784076480724,1,0,0
2026,2,HS diploma or GED,101915,382624558.9507935,0.2802794417205425,0.057292784076480696,0.3375722257970232,0.9848761919972842,0.015123808002715806,0
2026,3,Some college or Associate's degree,88989,330346580.6069012,0.24198487269265873,0.33757222579702323,0.579557098489682,0,1,0
2026,4,Bachelor's degree or higher,150758,573969245.717199,0.42044290151031816,0.5795570984896818,1,0,0.20718525122928497,0.792814748770715
